id,referee,timezone,date,venue_id,venue_name,venue_city,season,round,home_team,away_team,home_win,away_win,home_goals,away_goals,home_goals_half_time,away_goals_half_time,home_goals_fulltime,away_goals_fulltime,home_goals_extra_time,away_goals_extratime,home_goals_penalty,away_goals_penalty,year,resultado
864095,D. Quintero,UTC,2022-07-02 02:05:00+00:00,10546.0,Estadio de Mazatlán,Mazatlán,2022,Apertura - 1,Mazatlán,Puebla,False,True,2.0,4.0,0.0,2.0,2.0,4.0,,,,,2022,visitante_gana
864096,I. Lopez,UTC,2022-07-02 22:00:00+00:00,1076.0,Estadio AKRON,Zapopan,2022,Apertura - 1,Guadalajara Chivas,FC Juarez,,,0.0,0.0,0.0,0.0,0.0,0.0,,,,,2022,empate
864094,L. Santander,UTC,2022-07-02 22:00:00+00:00,1080.0,Estadio Victoria de Aguascalientes,Aguascalientes,2022,Apertura - 1,Necaxa,Toluca,False,True,1.0,3.0,1.0,2.0,1.0,3.0,,,,,2022,visitante_gana
864097,Ó. Mejía,UTC,2022-07-03 00:05:00+00:00,1087.0,Estadio Universitario de Nuevo León,San Nicolás de los Garza,2022,Apertura - 1,Tigres UANL,Cruz Azul,False,True,2.0,3.0,0.0,1.0,2.0,3.0,,,,,2022,visitante_gana
864098,F. Guerrero,UTC,2022-07-03 02:05:00+00:00,7182.0,Estadio Azteca,D.F.,2022,Apertura - 1,Club America,Atlas,,,0.0,0.0,0.0,0.0,0.0,0.0,,,,,2022,empate
864099,A. Escobedo,UTC,2022-07-03 17:00:00+00:00,1083.0,Estadio Olímpico de Universitario,D.F.,2022,Apertura - 1,U.N.A.M. - Pumas,Club Tijuana,,,1.0,1.0,0.0,1.0,1.0,1.0,,,,,2022,empate
864100,F. Hernández,UTC,2022-07-03 22:00:00+00:00,1795.0,Estadio Alfonso Lastras Ramírez,San Luis Potosí,2022,Apertura - 1,Atletico San Luis,Leon,False,True,1.0,2.0,0.0,1.0,1.0,2.0,,,,,2022,visitante_gana
864101,J. Pérez,UTC,2022-07-04 00:05:00+00:00,1085.0,Estadio Nuevo Corona,Torreón,2022,Apertura - 1,Santos Laguna,Monterrey,True,False,4.0,3.0,2.0,2.0,4.0,3.0,,,,,2022,local_gana
864102,C. Ramos,UTC,2022-07-05 02:00:00+00:00,1081.0,Estadio Hidalgo,Pachuca de Soto,2022,Apertura - 1,Pachuca,Club Queretaro,True,False,2.0,0.0,1.0,0.0,2.0,0.0,,,,,2022,local_gana
864103,A. Escobedo,UTC,2022-07-09 00:00:00+00:00,10546.0,Estadio de Mazatlán,Mazatlán,2022,Apertura - 2,Mazatlán,Tigres UANL,False,True,0.0,1.0,0.0,1.0,0.0,1.0,,,,,2022,visitante_gana
864105,Ó. Macías,UTC,2022-07-09 02:05:00+00:00,1088.0,Estadio Caliente,Tijuana,2022,Apertura - 2,Club Tijuana,FC Juarez,False,True,0.0,2.0,0.0,0.0,0.0,2.0,,,,,2022,visitante_gana
864104,C. Ramos,UTC,2022-07-09 02:05:00+00:00,1082.0,Estadio Cuauhtémoc,Puebla,2022,Apertura - 2,Puebla,Santos Laguna,True,False,1.0,0.0,1.0,0.0,1.0,0.0,,,,,2022,local_gana
864111,J. Lopez,UTC,2022-07-10 00:00:00+00:00,,Estadio León,León de los Aldamas,2022,Apertura - 2,Leon,U.N.A.M. - Pumas,,,3.0,3.0,0.0,2.0,3.0,3.0,,,,,2022,empate
864106,Ó. Mejía,UTC,2022-07-10 00:05:00+00:00,1076.0,Estadio AKRON,Zapopan,2022,Apertura - 2,Guadalajara Chivas,Atletico San Luis,False,True,0.0,1.0,0.0,1.0,0.0,1.0,,,,,2022,visitante_gana
864108,M. Ortíz,UTC,2022-07-10 02:05:00+00:00,11905.0,Estadio BBVA,Guadalupe,2022,Apertura - 2,Monterrey,Club America,True,False,3.0,2.0,1.0,2.0,3.0,2.0,,,,,2022,local_gana
864107,V. Cáceres,UTC,2022-07-10 02:05:00+00:00,7182.0,Estadio Azteca,D.F.,2022,Apertura - 2,Cruz Azul,Pachuca,False,True,1.0,2.0,0.0,2.0,1.0,2.0,,,,,2022,visitante_gana
864109,F. Hernández,UTC,2022-07-10 17:00:00+00:00,1089.0,Estadio Nemesio Díez,Toluca de Lerdo,2022,Apertura - 2,Toluca,Atlas,True,False,3.0,2.0,3.0,1.0,3.0,2.0,,,,,2022,local_gana
864110,F. Guerrero,UTC,2022-07-10 22:00:00+00:00,1084.0,Estadio La Corregidora,Santiago de Querétaro,2022,Apertura - 2,Club Queretaro,Necaxa,False,True,1.0,2.0,1.0,1.0,1.0,2.0,,,,,2022,visitante_gana
864112,A. Escobedo,UTC,2022-07-14 02:00:00+00:00,7182.0,Estadio Azteca,D.F.,2022,Apertura - 3,Club America,Toluca,True,False,1.0,0.0,0.0,0.0,1.0,0.0,,,,,2022,local_gana
864113,E. Miranda,UTC,2022-07-16 00:00:00+00:00,1082.0,Estadio Cuauhtémoc,Puebla,2022,Apertura - 3,Puebla,Leon,,,1.0,1.0,1.0,0.0,1.0,1.0,,,,,2022,empate
864114,E. Galván,UTC,2022-07-16 02:05:00+00:00,1845.0,Estadio Olímpico Benito Juárez,Ciudad Juárez,2022,Apertura - 3,FC Juarez,Club Queretaro,,,1.0,1.0,1.0,1.0,1.0,1.0,,,,,2022,empate
864115,Ó. Macías,UTC,2022-07-16 22:00:00+00:00,1071.0,Estadio Jalisco,Guadalajara,2022,Apertura - 3,Atlas,Cruz Azul,True,False,3.0,2.0,1.0,1.0,3.0,2.0,,,,,2022,local_gana
864116,M. Ortíz,UTC,2022-07-17 00:05:00+00:00,1085.0,Estadio Nuevo Corona,Torreón,2022,Apertura - 3,Santos Laguna,Guadalajara Chivas,,,1.0,1.0,0.0,0.0,1.0,1.0,,,,,2022,empate
864117,D. Quintero,UTC,2022-07-17 17:00:00+00:00,1083.0,Estadio Olímpico de Universitario,D.F.,2022,Apertura - 3,U.N.A.M. - Pumas,Necaxa,True,False,1.0,0.0,1.0,0.0,1.0,0.0,,,,,2022,local_gana
864118,F. Guerrero,UTC,2022-07-17 22:00:00+00:00,1795.0,Estadio Alfonso Lastras Ramírez,San Luis Potosí,2022,Apertura - 3,Atletico San Luis,Monterrey,False,True,0.0,1.0,0.0,0.0,0.0,1.0,,,,,2022,visitante_gana
864119,V. Cáceres,UTC,2022-07-18 00:00:00+00:00,1087.0,Estadio Universitario de Nuevo León,San Nicolás de los Garza,2022,Apertura - 3,Tigres UANL,Club Tijuana,True,False,1.0,0.0,0.0,0.0,1.0,0.0,,,,,2022,local_gana
864120,J. Camacho,UTC,2022-07-19 00:00:00+00:00,1081.0,Estadio Hidalgo,Pachuca de Soto,2022,Apertura - 3,Pachuca,Mazatlán,,,1.0,1.0,0.0,0.0,1.0,1.0,,,,,2022,empate
864121,J. Pérez,UTC,2022-07-21 02:05:00+00:00,1076.0,Estadio AKRON,Zapopan,2022,Apertura - 4,Guadalajara Chivas,Leon,,,0.0,0.0,0.0,0.0,0.0,0.0,,,,,2022,empate
864122,L. Santander,UTC,2022-07-22 02:00:00+00:00,1084.0,Estadio La Corregidora,Santiago de Querétaro,2022,Apertura - 4,Club Queretaro,Monterrey,False,True,0.0,3.0,0.0,1.0,0.0,3.0,,,,,2022,visitante_gana
864123,I. Lopez,UTC,2022-07-23 00:00:00+00:00,10546.0,Estadio de Mazatlán,Mazatlán,2022,Apertura - 4,Mazatlán,Atletico San Luis,,,1.0,1.0,1.0,1.0,1.0,1.0,,,,,2022,empate
864124,C. Ramos,UTC,2022-07-23 02:05:00+00:00,1080.0,Estadio Victoria de Aguascalientes,Aguascalientes,2022,Apertura - 4,Necaxa,FC Juarez,True,False,1.0,0.0,1.0,0.0,1.0,0.0,,,,,2022,local_gana
864125,D. Montaño,UTC,2022-07-23 22:00:00+00:00,1089.0,Estadio Nemesio Díez,Toluca de Lerdo,2022,Apertura - 4,Toluca,Santos Laguna,True,False,2.0,1.0,2.0,0.0,2.0,1.0,,,,,2022,local_gana
864126,F. Guerrero,UTC,2022-07-24 00:05:00+00:00,7182.0,Estadio Azteca,D.F.,2022,Apertura - 4,Cruz Azul,Puebla,,,2.0,2.0,2.0,2.0,2.0,2.0,,,,,2022,empate
864128,F. Hernández,UTC,2022-07-24 01:00:00+00:00,1088.0,Estadio Caliente,Tijuana,2022,Apertura - 4,Club Tijuana,Club America,True,False,2.0,0.0,1.0,0.0,2.0,0.0,,,,,2022,local_gana
864127,M. Ortíz,UTC,2022-07-24 02:05:00+00:00,1087.0,Estadio Universitario de Nuevo León,San Nicolás de los Garza,2022,Apertura - 4,Tigres UANL,Atlas,True,False,2.0,0.0,2.0,0.0,2.0,0.0,,,,,2022,local_gana
864129,B. González,UTC,2022-07-25 00:00:00+00:00,1081.0,Estadio Hidalgo,Pachuca de Soto,2022,Apertura - 4,Pachuca,U.N.A.M. - Pumas,,,0.0,0.0,0.0,0.0,0.0,0.0,,,,,2022,empate
864131,Ó. Macías,UTC,2022-07-27 00:00:00+00:00,11905.0,Estadio BBVA,Guadalupe,2022,Apertura - 5,Monterrey,Puebla,True,False,1.0,0.0,1.0,0.0,1.0,0.0,,,,,2022,local_gana
864130,D. Montaño,UTC,2022-07-27 00:00:00+00:00,1071.0,Estadio Jalisco,Guadalajara,2022,Apertura - 5,Atlas,Club Tijuana,False,True,1.0,2.0,1.0,2.0,1.0,2.0,,,,,2022,visitante_gana
864132,F. Hernández,UTC,2022-07-27 00:00:00+00:00,1845.0,Estadio Olímpico Benito Juárez,Ciudad Juárez,2022,Apertura - 5,FC Juarez,Tigres UANL,False,True,0.0,1.0,0.0,1.0,0.0,1.0,,,,,2022,visitante_gana
864134,G. Pacheco,UTC,2022-07-27 02:05:00+00:00,,Estadio León,León de los Aldamas,2022,Apertura - 5,Leon,Toluca,False,True,0.0,1.0,0.0,0.0,0.0,1.0,,,,,2022,visitante_gana
864133,A. Escobedo,UTC,2022-07-27 02:05:00+00:00,1795.0,Estadio Alfonso Lastras Ramírez,San Luis Potosí,2022,Apertura - 5,Atletico San Luis,Cruz Azul,,,0.0,0.0,0.0,0.0,0.0,0.0,,,,,2022,empate
864136,J. Pérez,UTC,2022-07-28 00:00:00+00:00,1080.0,Estadio Victoria de Aguascalientes,Aguascalientes,2022,Apertura - 5,Necaxa,Pachuca,True,False,2.0,0.0,1.0,0.0,2.0,0.0,,,,,2022,local_gana
864135,C. Ramos,UTC,2022-07-28 00:00:00+00:00,1084.0,Estadio La Corregidora,Santiago de Querétaro,2022,Apertura - 5,Club Queretaro,Guadalajara Chivas,,,2.0,2.0,1.0,1.0,2.0,2.0,,,,,2022,empate
864137,L. Santander,UTC,2022-07-28 02:05:00+00:00,1083.0,Estadio Olímpico de Universitario,D.F.,2022,Apertura - 5,U.N.A.M. - Pumas,Mazatlán,,,1.0,1.0,0.0,0.0,1.0,1.0,,,,,2022,empate
864139,F. Guerrero,UTC,2022-07-30 02:05:00+00:00,1845.0,Estadio Olímpico Benito Juárez,Ciudad Juárez,2022,Apertura - 6,FC Juarez,Toluca,,,1.0,1.0,0.0,0.0,1.0,1.0,,,,,2022,empate
864140,E. Miranda,UTC,2022-07-30 22:00:00+00:00,7182.0,Estadio Azteca,D.F.,2022,Apertura - 6,Cruz Azul,Necaxa,True,False,1.0,0.0,1.0,0.0,1.0,0.0,,,,,2022,local_gana
864141,I. Lopez,UTC,2022-07-31 00:05:00+00:00,1087.0,Estadio Universitario de Nuevo León,San Nicolás de los Garza,2022,Apertura - 6,Tigres UANL,Club Queretaro,True,False,2.0,1.0,1.0,1.0,2.0,1.0,,,,,2022,local_gana
864142,A. Escobedo,UTC,2022-07-31 02:05:00+00:00,1076.0,Estadio AKRON,Zapopan,2022,Apertura - 6,Guadalajara Chivas,Pachuca,,,0.0,0.0,0.0,0.0,0.0,0.0,,,,,2022,empate
864144,D. Quintero,UTC,2022-07-31 02:05:00+00:00,1088.0,Estadio Caliente,Tijuana,2022,Apertura - 6,Club Tijuana,Mazatlán,True,False,2.0,0.0,0.0,0.0,2.0,0.0,,,,,2022,local_gana
864143,M. Ortíz,UTC,2022-07-31 02:05:00+00:00,1082.0,Estadio Cuauhtémoc,Puebla,2022,Apertura - 6,Puebla,Atletico San Luis,,,0.0,0.0,0.0,0.0,0.0,0.0,,,,,2022,empate
864145,D. Montaño,UTC,2022-07-31 17:00:00+00:00,1083.0,Estadio Olímpico de Universitario,D.F.,2022,Apertura - 6,U.N.A.M. - Pumas,Monterrey,,,1.0,1.0,1.0,1.0,1.0,1.0,,,,,2022,empate
864146,C. Ramos,UTC,2022-08-01 00:05:00+00:00,1085.0,Estadio Nuevo Corona,Torreón,2022,Apertura - 6,Santos Laguna,Atlas,True,False,1.0,0.0,0.0,0.0,1.0,0.0,,,,,2022,local_gana
864147,Ó. Macías,UTC,2022-08-01 02:05:00+00:00,,Estadio León,León de los Aldamas,2022,Apertura - 6,Leon,Club America,True,False,3.0,2.0,1.0,1.0,3.0,2.0,,,,,2022,local_gana
864229,V. Cáceres,UTC,2022-08-03 01:00:00+00:00,1089.0,Estadio Nemesio Díez,Toluca de Lerdo,2022,Apertura - 16,Toluca,Puebla,,,1.0,1.0,0.0,1.0,1.0,1.0,,,,,2022,empate
864230,Ó. Macías,UTC,2022-08-04 00:00:00+00:00,1845.0,Estadio Olímpico Benito Juárez,Ciudad Juárez,2022,Apertura - 16,FC Juarez,Atletico San Luis,,,1.0,1.0,0.0,1.0,1.0,1.0,,,,,2022,empate
864148,F. Guerrero,UTC,2022-08-05 02:00:00+00:00,1071.0,Estadio Jalisco,Guadalajara,2022,Apertura - 7,Atlas,Club Queretaro,True,False,3.0,1.0,0.0,1.0,3.0,1.0,,,,,2022,local_gana
864150,J. Camacho,UTC,2022-08-06 02:05:00+00:00,10546.0,Estadio de Mazatlán,Mazatlán,2022,Apertura - 7,Mazatlán,Guadalajara Chivas,True,False,2.0,1.0,0.0,0.0,2.0,1.0,,,,,2022,local_gana
864151,M. Ortíz,UTC,2022-08-07 00:05:00+00:00,11905.0,Estadio BBVA,Guadalupe,2022,Apertura - 7,Monterrey,Leon,True,False,5.0,1.0,3.0,0.0,5.0,1.0,,,,,2022,local_gana
864153,Ó. Macías,UTC,2022-08-07 02:05:00+00:00,1085.0,Estadio Nuevo Corona,Torreón,2022,Apertura - 7,Santos Laguna,Cruz Azul,True,False,4.0,0.0,1.0,0.0,4.0,0.0,,,,,2022,local_gana
864154,C. Ramos,UTC,2022-08-07 17:00:00+00:00,1089.0,Estadio Nemesio Díez,Toluca de Lerdo,2022,Apertura - 7,Toluca,Club Tijuana,True,False,3.0,1.0,1.0,1.0,3.0,1.0,,,,,2022,local_gana
864155,E. Galván,UTC,2022-08-07 21:00:00+00:00,1795.0,Estadio Alfonso Lastras Ramírez,San Luis Potosí,2022,Apertura - 7,Atletico San Luis,Necaxa,False,True,1.0,2.0,1.0,2.0,1.0,2.0,,,,,2022,visitante_gana
864156,D. Quintero,UTC,2022-08-07 23:05:00+00:00,1081.0,Estadio Hidalgo,Pachuca de Soto,2022,Apertura - 7,Pachuca,Tigres UANL,True,False,2.0,0.0,1.0,0.0,2.0,0.0,,,,,2022,local_gana
864152,L. Santander,UTC,2022-08-08 01:05:00+00:00,7182.0,Estadio Azteca,D.F.,2022,Apertura - 7,Club America,FC Juarez,True,False,2.0,1.0,0.0,0.0,2.0,1.0,,,,,2022,local_gana
864157,E. Miranda,UTC,2022-08-12 02:00:00+00:00,1084.0,Estadio La Corregidora,Santiago de Querétaro,2022,Apertura - 8,Club Queretaro,Atletico San Luis,,,1.0,1.0,0.0,0.0,1.0,1.0,,,,,2022,empate
864158,G. Pacheco,UTC,2022-08-13 02:00:00+00:00,1080.0,Estadio Victoria de Aguascalientes,Aguascalientes,2022,Apertura - 8,Necaxa,Monterrey,False,True,1.0,2.0,1.0,0.0,1.0,2.0,,,,,2022,visitante_gana
864159,L. Santander,UTC,2022-08-13 02:05:00+00:00,1088.0,Estadio Caliente,Tijuana,2022,Apertura - 8,Club Tijuana,Puebla,,,3.0,3.0,1.0,1.0,3.0,3.0,,,,,2022,empate
864161,E. Galván,UTC,2022-08-13 22:00:00+00:00,,Estadio León,León de los Aldamas,2022,Apertura - 8,Leon,Mazatlán,False,True,0.0,3.0,0.0,3.0,0.0,3.0,,,,,2022,visitante_gana
864162,A. Escobedo,UTC,2022-08-14 00:05:00+00:00,1083.0,Estadio Olímpico de Universitario,D.F.,2022,Apertura - 8,U.N.A.M. - Pumas,Club America,False,True,0.0,3.0,0.0,1.0,0.0,3.0,,,,,2022,visitante_gana
864163,M. Ortíz,UTC,2022-08-14 02:05:00+00:00,1076.0,Estadio AKRON,Zapopan,2022,Apertura - 8,Guadalajara Chivas,Atlas,,,1.0,1.0,0.0,0.0,1.0,1.0,,,,,2022,empate
864164,F. Hernández,UTC,2022-08-14 22:00:00+00:00,7182.0,Estadio Azteca,D.F.,2022,Apertura - 8,Cruz Azul,Toluca,False,True,2.0,3.0,1.0,2.0,2.0,3.0,,,,,2022,visitante_gana
864165,D. Montaño,UTC,2022-08-15 00:05:00+00:00,1087.0,Estadio Universitario de Nuevo León,San Nicolás de los Garza,2022,Apertura - 8,Tigres UANL,Santos Laguna,True,False,2.0,0.0,1.0,0.0,2.0,0.0,,,,,2022,local_gana
864166,A. Escobedo,UTC,2022-08-17 00:00:00+00:00,1071.0,Estadio Jalisco,Guadalajara,2022,Apertura - 9,Atlas,FC Juarez,False,True,0.0,1.0,0.0,0.0,0.0,1.0,,,,,2022,visitante_gana
864167,L. Santander,UTC,2022-08-17 01:00:00+00:00,10546.0,Estadio de Mazatlán,Mazatlán,2022,Apertura - 9,Mazatlán,Club Queretaro,,,1.0,1.0,0.0,0.0,1.0,1.0,,,,,2022,empate
864168,F. Guerrero,UTC,2022-08-17 02:05:00+00:00,1082.0,Estadio Cuauhtémoc,Puebla,2022,Apertura - 9,Puebla,Necaxa,,,2.0,2.0,1.0,0.0,2.0,2.0,,,,,2022,empate
864169,D. Quintero,UTC,2022-08-18 00:00:00+00:00,1089.0,Estadio Nemesio Díez,Toluca de Lerdo,2022,Apertura - 9,Toluca,Monterrey,,,1.0,1.0,1.0,0.0,1.0,1.0,,,,,2022,empate
864171,C. Ramos,UTC,2022-08-18 02:05:00+00:00,1081.0,Estadio Hidalgo,Pachuca de Soto,2022,Apertura - 9,Pachuca,Club America,False,True,0.0,3.0,0.0,1.0,0.0,3.0,,,,,2022,visitante_gana
864170,D. Montaño,UTC,2022-08-18 02:05:00+00:00,7182.0,Estadio Azteca,D.F.,2022,Apertura - 9,Cruz Azul,Club Tijuana,False,True,1.0,2.0,1.0,1.0,1.0,2.0,,,,,2022,visitante_gana
864172,V. Cáceres,UTC,2022-08-19 00:05:00+00:00,1085.0,Estadio Nuevo Corona,Torreón,2022,Apertura - 9,Santos Laguna,Leon,True,False,2.0,1.0,1.0,1.0,2.0,1.0,,,,,2022,local_gana
864173,Ó. Macías,UTC,2022-08-19 02:05:00+00:00,1795.0,Estadio Alfonso Lastras Ramírez,San Luis Potosí,2022,Apertura - 9,Atletico San Luis,U.N.A.M. - Pumas,True,False,3.0,2.0,1.0,2.0,3.0,2.0,,,,,2022,local_gana
864175,Ó. Mejía,UTC,2022-08-20 00:00:00+00:00,1080.0,Estadio Victoria de Aguascalientes,Aguascalientes,2022,Apertura - 10,Necaxa,Guadalajara Chivas,False,True,0.0,4.0,0.0,2.0,0.0,4.0,,,,,2022,visitante_gana
864177,G. Pacheco,UTC,2022-08-20 22:00:00+00:00,1084.0,Estadio La Corregidora,Santiago de Querétaro,2022,Apertura - 10,Club Queretaro,Club Tijuana,True,False,2.0,0.0,1.0,0.0,2.0,0.0,,,,,2022,local_gana
864179,F. Guerrero,UTC,2022-08-21 00:05:00+00:00,11905.0,Estadio BBVA,Guadalupe,2022,Apertura - 10,Monterrey,Tigres UANL,,,0.0,0.0,0.0,0.0,0.0,0.0,,,,,2022,empate
864178,C. Ramos,UTC,2022-08-21 00:05:00+00:00,1071.0,Estadio Jalisco,Guadalajara,2022,Apertura - 10,Atlas,Puebla,,,1.0,1.0,1.0,1.0,1.0,1.0,,,,,2022,empate
864180,L. Santander,UTC,2022-08-21 02:05:00+00:00,7182.0,Estadio Azteca,D.F.,2022,Apertura - 10,Club America,Cruz Azul,True,False,7.0,0.0,3.0,0.0,7.0,0.0,,,,,2022,local_gana
864176,D. Quintero,UTC,2022-08-21 02:05:00+00:00,1845.0,Estadio Olímpico Benito Juárez,Ciudad Juárez,2022,Apertura - 10,FC Juarez,Mazatlán,,,1.0,1.0,0.0,1.0,1.0,1.0,,,,,2022,empate
864181,M. Ortíz,UTC,2022-08-21 17:00:00+00:00,1083.0,Estadio Olímpico de Universitario,D.F.,2022,Apertura - 10,U.N.A.M. - Pumas,Santos Laguna,False,True,1.0,5.0,0.0,3.0,1.0,5.0,,,,,2022,visitante_gana
864182,D. Montaño,UTC,2022-08-21 22:00:00+00:00,1795.0,Estadio Alfonso Lastras Ramírez,San Luis Potosí,2022,Apertura - 10,Atletico San Luis,Toluca,True,False,1.0,0.0,1.0,0.0,1.0,0.0,,,,,2022,local_gana
864183,I. Lopez,UTC,2022-08-22 00:05:00+00:00,1081.0,Estadio Hidalgo,Pachuca de Soto,2022,Apertura - 10,Pachuca,Leon,True,False,1.0,0.0,0.0,0.0,1.0,0.0,,,,,2022,local_gana
864231,L. Santander,UTC,2022-08-24 00:05:00+00:00,1076.0,Estadio AKRON,Zapopan,2022,Apertura - 16,Guadalajara Chivas,Monterrey,True,False,1.0,0.0,0.0,0.0,1.0,0.0,,,,,2022,local_gana
864232,V. Cáceres,UTC,2022-08-24 02:05:00+00:00,1084.0,Estadio La Corregidora,Santiago de Querétaro,2022,Apertura - 16,Club Queretaro,Club America,False,True,0.0,1.0,0.0,0.0,0.0,1.0,,,,,2022,visitante_gana
864234,Ó. Mejía,UTC,2022-08-25 02:05:00+00:00,1083.0,Estadio Olímpico de Universitario,D.F.,2022,Apertura - 16,U.N.A.M. - Pumas,Tigres UANL,,,1.0,1.0,0.0,0.0,1.0,1.0,,,,,2022,empate
864235,F. Guerrero,UTC,2022-08-26 00:05:00+00:00,1081.0,Estadio Hidalgo,Pachuca de Soto,2022,Apertura - 16,Pachuca,Atlas,True,False,3.0,1.0,0.0,0.0,3.0,1.0,,,,,2022,local_gana
864236,A. Escobedo,UTC,2022-08-26 02:05:00+00:00,1088.0,Estadio Caliente,Tijuana,2022,Apertura - 16,Club Tijuana,Santos Laguna,False,True,0.0,2.0,0.0,0.0,0.0,2.0,,,,,2022,visitante_gana
864184,M. Ortíz,UTC,2022-08-27 00:00:00+00:00,1082.0,Estadio Cuauhtémoc,Puebla,2022,Apertura - 11,Puebla,FC Juarez,,,2.0,2.0,1.0,1.0,2.0,2.0,,,,,2022,empate
864185,E. Miranda,UTC,2022-08-27 02:05:00+00:00,10546.0,Estadio de Mazatlán,Mazatlán,2022,Apertura - 11,Mazatlán,Club America,False,True,1.0,3.0,1.0,2.0,1.0,3.0,,,,,2022,visitante_gana
864186,D. Quintero,UTC,2022-08-27 22:00:00+00:00,7182.0,Estadio Azteca,D.F.,2022,Apertura - 11,Cruz Azul,Club Queretaro,True,False,2.0,1.0,1.0,0.0,2.0,1.0,,,,,2022,local_gana
864187,F. Hernández,UTC,2022-08-28 00:05:00+00:00,1087.0,Estadio Universitario de Nuevo León,San Nicolás de los Garza,2022,Apertura - 11,Tigres UANL,Necaxa,,,0.0,0.0,0.0,0.0,0.0,0.0,,,,,2022,empate
864188,D. Montaño,UTC,2022-08-28 02:05:00+00:00,1076.0,Estadio AKRON,Zapopan,2022,Apertura - 11,Guadalajara Chivas,U.N.A.M. - Pumas,True,False,3.0,1.0,3.0,1.0,3.0,1.0,,,,,2022,local_gana
864189,G. Pacheco,UTC,2022-08-28 17:00:00+00:00,1089.0,Estadio Nemesio Díez,Toluca de Lerdo,2022,Apertura - 11,Toluca,Pachuca,False,True,1.0,4.0,0.0,2.0,1.0,4.0,,,,,2022,visitante_gana
864191,Ó. Macías,UTC,2022-08-29 00:00:00+00:00,,Estadio León,León de los Aldamas,2022,Apertura - 11,Leon,Atlas,True,False,4.0,2.0,1.0,1.0,4.0,2.0,,,,,2022,local_gana
864190,F. Guerrero,UTC,2022-08-29 00:05:00+00:00,1085.0,Estadio Nuevo Corona,Torreón,2022,Apertura - 11,Santos Laguna,Atletico San Luis,True,False,4.0,1.0,1.0,0.0,4.0,1.0,,,,,2022,local_gana
864192,B. González,UTC,2022-08-29 02:05:00+00:00,1088.0,Estadio Caliente,Tijuana,2022,Apertura - 11,Club Tijuana,Monterrey,False,True,0.0,3.0,0.0,0.0,0.0,3.0,,,,,2022,visitante_gana
864193,D. Quintero,UTC,2022-09-02 00:00:00+00:00,1795.0,Estadio Alfonso Lastras Ramírez,San Luis Potosí,2022,Apertura - 12,Atletico San Luis,Club Tijuana,,,0.0,0.0,0.0,0.0,0.0,0.0,,,,,2022,empate
864194,I. Lopez,UTC,2022-09-02 02:05:00+00:00,1084.0,Estadio La Corregidora,Santiago de Querétaro,2022,Apertura - 12,Club Queretaro,Puebla,,,1.0,1.0,1.0,0.0,1.0,1.0,,,,,2022,empate
864195,M. Ortíz,UTC,2022-09-03 00:00:00+00:00,1080.0,Estadio Victoria de Aguascalientes,Aguascalientes,2022,Apertura - 12,Necaxa,Leon,True,False,3.0,2.0,3.0,0.0,3.0,2.0,,,,,2022,local_gana
864196,B. González,UTC,2022-09-03 02:05:00+00:00,1845.0,Estadio Olímpico Benito Juárez,Ciudad Juárez,2022,Apertura - 12,FC Juarez,Cruz Azul,,,2.0,2.0,0.0,2.0,2.0,2.0,,,,,2022,empate
864197,F. Hernández,UTC,2022-09-03 22:05:00+00:00,1081.0,Estadio Hidalgo,Pachuca de Soto,2022,Apertura - 12,Pachuca,Santos Laguna,True,False,2.0,0.0,0.0,0.0,2.0,0.0,,,,,2022,local_gana
864198,V. Cáceres,UTC,2022-09-04 00:05:00+00:00,11905.0,Estadio BBVA,Guadalupe,2022,Apertura - 12,Monterrey,Mazatlán,,,0.0,0.0,0.0,0.0,0.0,0.0,,,,,2022,empate
864199,L. Santander,UTC,2022-09-04 00:05:00+00:00,1071.0,Estadio Jalisco,Guadalajara,2022,Apertura - 12,Atlas,U.N.A.M. - Pumas,,,0.0,0.0,0.0,0.0,0.0,0.0,,,,,2022,empate
864200,D. Montaño,UTC,2022-09-04 02:05:00+00:00,7182.0,Estadio Azteca,D.F.,2022,Apertura - 12,Club America,Tigres UANL,True,False,2.0,1.0,2.0,1.0,2.0,1.0,,,,,2022,local_gana
864201,C. Ramos,UTC,2022-09-04 22:00:00+00:00,1089.0,Estadio Nemesio Díez,Toluca de Lerdo,2022,Apertura - 12,Toluca,Guadalajara Chivas,,,0.0,0.0,0.0,0.0,0.0,0.0,,,,,2022,empate
864202,J. Camacho,UTC,2022-09-07 00:00:00+00:00,,Estadio León,León de los Aldamas,2022,Apertura - 13,Leon,FC Juarez,True,False,1.0,0.0,0.0,0.0,1.0,0.0,,,,,2022,local_gana
864203,D. Quintero,UTC,2022-09-07 00:05:00+00:00,1085.0,Estadio Nuevo Corona,Torreón,2022,Apertura - 13,Santos Laguna,Necaxa,True,False,3.0,1.0,1.0,0.0,3.0,1.0,,,,,2022,local_gana
864204,Ó. Mejía,UTC,2022-09-07 02:05:00+00:00,11905.0,Estadio BBVA,Guadalupe,2022,Apertura - 13,Monterrey,Cruz Azul,True,False,3.0,2.0,2.0,1.0,3.0,2.0,,,,,2022,local_gana
864205,V. Cáceres,UTC,2022-09-07 02:05:00+00:00,7182.0,Estadio Azteca,D.F.,2022,Apertura - 13,Club America,Atletico San Luis,True,False,3.0,0.0,1.0,0.0,3.0,0.0,,,,,2022,local_gana
864207,M. Ortíz,UTC,2022-09-08 00:00:00+00:00,1087.0,Estadio Universitario de Nuevo León,San Nicolás de los Garza,2022,Apertura - 13,Tigres UANL,Toluca,True,False,3.0,1.0,1.0,0.0,3.0,1.0,,,,,2022,local_gana
864206,A. Escobedo,UTC,2022-09-08 00:00:00+00:00,1082.0,Estadio Cuauhtémoc,Puebla,2022,Apertura - 13,Puebla,Pachuca,,,2.0,2.0,1.0,0.0,2.0,2.0,,,,,2022,empate
864210,F. Hernández,UTC,2022-09-08 02:00:00+00:00,10546.0,Estadio de Mazatlán,Mazatlán,2022,Apertura - 13,Mazatlán,Atlas,True,False,1.0,0.0,1.0,0.0,1.0,0.0,,,,,2022,local_gana
864209,G. Pacheco,UTC,2022-09-08 02:05:00+00:00,1088.0,Estadio Caliente,Tijuana,2022,Apertura - 13,Club Tijuana,Guadalajara Chivas,False,True,1.0,2.0,0.0,0.0,1.0,2.0,,,,,2022,visitante_gana
864208,C. Ramos,UTC,2022-09-08 02:05:00+00:00,1083.0,Estadio Olímpico de Universitario,D.F.,2022,Apertura - 13,U.N.A.M. - Pumas,Club Queretaro,True,False,4.0,1.0,1.0,1.0,4.0,1.0,,,,,2022,local_gana
864212,D. Montaño,UTC,2022-09-10 02:05:00+00:00,1845.0,Estadio Olímpico Benito Juárez,Ciudad Juárez,2022,Apertura - 14,FC Juarez,Monterrey,False,True,0.0,1.0,0.0,0.0,0.0,1.0,,,,,2022,visitante_gana
864213,L. Santander,UTC,2022-09-10 22:00:00+00:00,1084.0,Estadio La Corregidora,Santiago de Querétaro,2022,Apertura - 14,Club Queretaro,Santos Laguna,,,3.0,3.0,2.0,1.0,3.0,3.0,,,,,2022,empate
864211,F. Guerrero,UTC,2022-09-11 00:00:00+00:00,1080.0,Estadio Victoria de Aguascalientes,Aguascalientes,2022,Apertura - 14,Necaxa,Club America,False,True,1.0,2.0,1.0,0.0,1.0,2.0,,,,,2022,visitante_gana
864214,A. Escobedo,UTC,2022-09-11 00:05:00+00:00,1087.0,Estadio Universitario de Nuevo León,San Nicolás de los Garza,2022,Apertura - 14,Tigres UANL,Leon,False,True,0.0,1.0,0.0,1.0,0.0,1.0,,,,,2022,visitante_gana
864216,D. Quintero,UTC,2022-09-11 02:05:00+00:00,1076.0,Estadio AKRON,Zapopan,2022,Apertura - 14,Guadalajara Chivas,Puebla,True,False,1.0,0.0,0.0,0.0,1.0,0.0,,,,,2022,local_gana
864215,F. Hernández,UTC,2022-09-11 02:05:00+00:00,1089.0,Estadio Nemesio Díez,Toluca de Lerdo,2022,Apertura - 14,Toluca,U.N.A.M. - Pumas,,,2.0,2.0,0.0,1.0,2.0,2.0,,,,,2022,empate
864217,C. Ramos,UTC,2022-09-11 21:00:00+00:00,7182.0,Estadio Azteca,D.F.,2022,Apertura - 14,Cruz Azul,Mazatlán,True,False,2.0,0.0,2.0,0.0,2.0,0.0,,,,,2022,local_gana
864218,Ó. Mejía,UTC,2022-09-11 23:05:00+00:00,1071.0,Estadio Jalisco,Guadalajara,2022,Apertura - 14,Atlas,Atletico San Luis,False,True,1.0,3.0,1.0,0.0,1.0,3.0,,,,,2022,visitante_gana
864219,Ó. Macías,UTC,2022-09-12 01:05:00+00:00,1081.0,Estadio Hidalgo,Pachuca de Soto,2022,Apertura - 14,Pachuca,Club Tijuana,True,False,6.0,1.0,2.0,0.0,6.0,1.0,,,,,2022,local_gana
864174,F. Guerrero,UTC,2022-09-14 02:05:00+00:00,1076.0,Estadio AKRON,Zapopan,2022,Apertura - 9,Guadalajara Chivas,Tigres UANL,False,True,1.0,4.0,0.0,2.0,1.0,4.0,,,,,2022,visitante_gana
864138,F. Hernández,UTC,2022-09-15 02:05:00+00:00,7182.0,Estadio Azteca,D.F.,2022,Apertura - 5,Club America,Santos Laguna,,,3.0,3.0,1.0,2.0,3.0,3.0,,,,,2022,empate
864160,V. Cáceres,UTC,2022-09-15 02:05:00+00:00,1845.0,Estadio Olímpico Benito Juárez,Ciudad Juárez,2022,Apertura - 8,FC Juarez,Pachuca,True,False,2.0,1.0,2.0,1.0,2.0,1.0,,,,,2022,local_gana
864233,M. Ortíz,UTC,2022-09-16 00:00:00+00:00,7182.0,Estadio Azteca,D.F.,2022,Apertura - 16,Cruz Azul,Leon,True,False,2.0,1.0,0.0,0.0,2.0,1.0,,,,,2022,local_gana
864220,C. Ramos,UTC,2022-09-17 00:00:00+00:00,1082.0,Estadio Cuauhtémoc,Puebla,2022,Apertura - 15,Puebla,Tigres UANL,True,False,2.0,1.0,2.0,1.0,2.0,1.0,,,,,2022,local_gana
864221,D. Quintero,UTC,2022-09-17 02:00:00+00:00,10546.0,Estadio de Mazatlán,Mazatlán,2022,Apertura - 15,Mazatlán,Toluca,,,1.0,1.0,1.0,0.0,1.0,1.0,,,,,2022,empate
864223,M. Ortíz,UTC,2022-09-18 00:05:00+00:00,11905.0,Estadio BBVA,Guadalupe,2022,Apertura - 15,Monterrey,Atlas,True,False,2.0,0.0,0.0,0.0,2.0,0.0,,,,,2022,local_gana
864224,A. Escobedo,UTC,2022-09-18 01:00:00+00:00,7182.0,Estadio Azteca,D.F.,2022,Apertura - 15,Club America,Guadalajara Chivas,True,False,2.0,1.0,1.0,0.0,2.0,1.0,,,,,2022,local_gana
864225,F. Guerrero,UTC,2022-09-18 22:00:00+00:00,1083.0,Estadio Olímpico de Universitario,D.F.,2022,Apertura - 15,U.N.A.M. - Pumas,Cruz Azul,False,True,1.0,2.0,0.0,2.0,1.0,2.0,,,,,2022,visitante_gana
864226,Ó. Macías,UTC,2022-09-19 00:05:00+00:00,1085.0,Estadio Nuevo Corona,Torreón,2022,Apertura - 15,Santos Laguna,FC Juarez,True,False,2.0,0.0,1.0,0.0,2.0,0.0,,,,,2022,local_gana
864227,Ó. Mejía,UTC,2022-09-19 00:05:00+00:00,,Estadio León,León de los Aldamas,2022,Apertura - 15,Leon,Club Queretaro,True,False,3.0,1.0,2.0,1.0,3.0,1.0,,,,,2022,local_gana
864222,L. Santander,UTC,2022-09-19 02:00:00+00:00,1795.0,Estadio Alfonso Lastras Ramírez,San Luis Potosí,2022,Apertura - 15,Atletico San Luis,Pachuca,False,True,1.0,2.0,1.0,1.0,1.0,2.0,,,,,2022,visitante_gana
864228,D. Montaño,UTC,2022-09-19 02:05:00+00:00,1088.0,Estadio Caliente,Tijuana,2022,Apertura - 15,Club Tijuana,Necaxa,,,1.0,1.0,1.0,1.0,1.0,1.0,,,,,2022,empate
864237,F. Hernández,UTC,2022-09-24 00:00:00+00:00,1080.0,Estadio Victoria de Aguascalientes,Aguascalientes,2022,Apertura - 16,Necaxa,Mazatlán,,,2.0,2.0,1.0,2.0,2.0,2.0,,,,,2022,empate
864149,A. Escobedo,UTC,2022-09-24 02:05:00+00:00,1082.0,Estadio Cuauhtémoc,Puebla,2022,Apertura - 7,Puebla,U.N.A.M. - Pumas,True,False,2.0,1.0,2.0,0.0,2.0,1.0,,,,,2022,local_gana
864238,M. Ortíz,UTC,2022-10-01 00:00:00+00:00,1082.0,Estadio Cuauhtémoc,Puebla,2022,Apertura - 17,Puebla,Club America,False,True,1.0,2.0,0.0,1.0,1.0,2.0,,,,,2022,visitante_gana
864239,D. Quintero,UTC,2022-10-01 02:00:00+00:00,1845.0,Estadio Olímpico Benito Juárez,Ciudad Juárez,2022,Apertura - 17,FC Juarez,U.N.A.M. - Pumas,True,False,3.0,1.0,2.0,1.0,3.0,1.0,,,,,2022,local_gana
864240,Ó. Mejía,UTC,2022-10-01 22:00:00+00:00,1795.0,Estadio Alfonso Lastras Ramírez,San Luis Potosí,2022,Apertura - 17,Atletico San Luis,Tigres UANL,False,True,0.0,3.0,0.0,0.0,0.0,3.0,,,,,2022,visitante_gana
864241,F. Hernández,UTC,2022-10-01 22:05:00+00:00,11905.0,Estadio BBVA,Guadalupe,2022,Apertura - 17,Monterrey,Pachuca,,,0.0,0.0,0.0,0.0,0.0,0.0,,,,,2022,empate
864242,V. Cáceres,UTC,2022-10-02 00:05:00+00:00,1071.0,Estadio Jalisco,Guadalajara,2022,Apertura - 17,Atlas,Necaxa,True,False,1.0,0.0,0.0,0.0,1.0,0.0,,,,,2022,local_gana
864243,C. Ramos,UTC,2022-10-02 02:05:00+00:00,7182.0,Estadio Azteca,D.F.,2022,Apertura - 17,Cruz Azul,Guadalajara Chivas,True,False,2.0,1.0,1.0,0.0,2.0,1.0,,,,,2022,local_gana
864244,E. Morales,UTC,2022-10-02 17:00:00+00:00,1089.0,Estadio Nemesio Díez,Toluca de Lerdo,2022,Apertura - 17,Toluca,Club Queretaro,True,False,4.0,1.0,2.0,0.0,4.0,1.0,,,,,2022,local_gana
864245,A. Escobedo,UTC,2022-10-02 23:05:00+00:00,1085.0,Estadio Nuevo Corona,Torreón,2022,Apertura - 17,Santos Laguna,Mazatlán,True,False,3.0,0.0,0.0,0.0,3.0,0.0,,,,,2022,local_gana
864246,L. Santander,UTC,2022-10-03 01:00:00+00:00,,Estadio León,León de los Aldamas,2022,Apertura - 17,Leon,Club Tijuana,,,2.0,2.0,0.0,0.0,2.0,2.0,,,,,2022,empate
963835,C. Ramos,UTC,2022-10-09 00:00:00+00:00,1087.0,Estadio Universitario de Nuevo León,San Nicolás de los Garza,2022,Apertura - Reclasificación,Tigres UANL,Necaxa,True,False,2.0,0.0,0.0,0.0,2.0,0.0,,,,,2022,local_gana
963837,F. Guerrero,UTC,2022-10-09 02:15:00+00:00,7182.0,Estadio Azteca,D.F.,2022,Apertura - Reclasificación,Cruz Azul,Leon,True,False,1.0,0.0,0.0,0.0,1.0,0.0,,,,,2022,local_gana
963836,M. Ortíz,UTC,2022-10-09 17:00:00+00:00,1089.0,Estadio Nemesio Díez,Toluca de Lerdo,2022,Apertura - Reclasificación,Toluca,FC Juarez,True,False,3.0,0.0,1.0,0.0,3.0,0.0,,,,,2022,local_gana
963838,L. Santander,UTC,2022-10-09 21:30:00+00:00,1082.0,Estadio Cuauhtémoc,Puebla,2022,Apertura - Reclasificación,Puebla,Guadalajara Chivas,True,False,1.0,1.0,0.0,0.0,1.0,1.0,0.0,0.0,5.0,4.0,2022,empate
965507,M. Ortíz,UTC,2022-10-13 00:06:00+00:00,1082.0,Estadio Cuauhtémoc,Puebla,2022,Apertura - Quarter-finals,Puebla,Club America,False,True,1.0,6.0,1.0,2.0,1.0,6.0,,,,,2022,visitante_gana
965503,V. Cáceres,UTC,2022-10-13 02:06:00+00:00,7182.0,Estadio Azteca,D.F.,2022,Apertura - Quarter-finals,Cruz Azul,Monterrey,,,0.0,0.0,0.0,0.0,0.0,0.0,,,,,2022,empate
965505,D. Montaño,UTC,2022-10-14 00:06:00+00:00,1089.0,Estadio Nemesio Díez,Toluca de Lerdo,2022,Apertura - Quarter-finals,Toluca,Santos Laguna,True,False,4.0,3.0,2.0,2.0,4.0,3.0,,,,,2022,local_gana
965509,F. Hernández,UTC,2022-10-14 02:06:00+00:00,1087.0,Estadio Universitario de Nuevo León,San Nicolás de los Garza,2022,Apertura - Quarter-finals,Tigres UANL,Pachuca,True,False,1.0,0.0,0.0,0.0,1.0,0.0,,,,,2022,local_gana
965508,D. Quintero,UTC,2022-10-16 01:06:00+00:00,7182.0,Estadio Azteca,D.F.,2022,Apertura - Quarter-finals,Club America,Puebla,True,False,5.0,1.0,2.0,1.0,5.0,1.0,,,,,2022,local_gana
965504,A. Escobedo,UTC,2022-10-16 23:06:00+00:00,11905.0,Estadio BBVA,Guadalupe,2022,Apertura - Quarter-finals,Monterrey,Cruz Azul,True,False,3.0,0.0,1.0,0.0,3.0,0.0,,,,,2022,local_gana
965506,L. Santander,UTC,2022-10-17 00:06:00+00:00,1085.0,Estadio Nuevo Corona,Torreón,2022,Apertura - Quarter-finals,Santos Laguna,Toluca,False,True,1.0,2.0,0.0,0.0,1.0,2.0,,,,,2022,visitante_gana
965510,F. Guerrero,UTC,2022-10-17 02:06:00+00:00,1081.0,Estadio Hidalgo,Pachuca de Soto,2022,Apertura - Quarter-finals,Pachuca,Tigres UANL,True,False,2.0,1.0,1.0,0.0,2.0,1.0,,,,,2022,local_gana
967071,M. Ortíz,UTC,2022-10-20 02:06:00+00:00,1089.0,Estadio Nemesio Díez,Toluca de Lerdo,2022,Apertura - Semi-finals,Toluca,Club America,True,False,2.0,1.0,2.0,0.0,2.0,1.0,,,,,2022,local_gana
967073,C. Ramos,UTC,2022-10-21 02:06:00+00:00,1081.0,Estadio Hidalgo,Pachuca de Soto,2022,Apertura - Semi-finals,Pachuca,Monterrey,True,False,5.0,2.0,2.0,2.0,5.0,2.0,,,,,2022,local_gana
967072,A. Escobedo,UTC,2022-10-23 01:06:00+00:00,7182.0,Estadio Azteca,D.F.,2022,Apertura - Semi-finals,Club America,Toluca,,,1.0,1.0,1.0,1.0,1.0,1.0,,,,,2022,empate
967074,L. Santander,UTC,2022-10-24 01:06:00+00:00,11905.0,Estadio BBVA,Guadalupe,2022,Apertura - Semi-finals,Monterrey,Pachuca,False,True,0.0,1.0,0.0,0.0,0.0,1.0,,,,,2022,visitante_gana
968247,M. Ortíz,UTC,2022-10-28 01:06:00+00:00,1089.0,Estadio Nemesio Díez,Toluca de Lerdo,2022,Apertura - Final,Toluca,Pachuca,False,True,1.0,5.0,0.0,4.0,1.0,5.0,,,,,2022,visitante_gana
968248,A. Escobedo,UTC,2022-10-31 01:36:00+00:00,1081.0,Estadio Hidalgo,Pachuca de Soto,2022,Apertura - Final,Pachuca,Toluca,True,False,3.0,1.0,1.0,1.0,3.0,1.0,,,,,2022,local_gana
973610,F. Hernández,UTC,2023-01-07 01:00:00+00:00,1080.0,Estadio Victoria de Aguascalientes,Aguascalientes,2022,Clausura - 1,Necaxa,Atletico San Luis,False,True,2.0,3.0,0.0,0.0,2.0,3.0,,,,,2023,visitante_gana
973612,V. Cáceres,UTC,2023-01-07 23:00:00+00:00,7182.0,Estadio Azteca,D.F.,2022,Clausura - 1,Club America,Club Queretaro,,,0.0,0.0,0.0,0.0,0.0,0.0,,,,,2023,empate
973614,A. Escobedo,UTC,2023-01-08 03:10:00+00:00,11905.0,Estadio BBVA,Guadalupe,2022,Clausura - 1,Monterrey,Guadalajara Chivas,False,True,0.0,1.0,0.0,0.0,0.0,1.0,,,,,2023,visitante_gana
973615,Ó. Macías,UTC,2023-01-08 18:00:00+00:00,1083.0,Estadio Olímpico de Universitario,D.F.,2022,Clausura - 1,U.N.A.M. - Pumas,FC Juarez,True,False,2.0,1.0,0.0,1.0,2.0,1.0,,,,,2023,local_gana
973616,Ó. Mejía,UTC,2023-01-09 01:00:00+00:00,1085.0,Estadio Nuevo Corona,Torreón,2022,Clausura - 1,Santos Laguna,Tigres UANL,False,True,0.0,3.0,0.0,1.0,0.0,3.0,,,,,2023,visitante_gana
973618,D. Quintero,UTC,2023-01-09 03:10:00+00:00,1088.0,Estadio Caliente,Tijuana,2022,Clausura - 1,Club Tijuana,Cruz Azul,,,1.0,1.0,1.0,0.0,1.0,1.0,,,,,2023,empate
973617,D. Montaño,UTC,2023-01-10 03:10:00+00:00,1081.0,Estadio Hidalgo,Pachuca de Soto,2022,Clausura - 1,Pachuca,Puebla,True,False,5.0,1.0,2.0,1.0,5.0,1.0,,,,,2023,local_gana
973619,I. Lopez,UTC,2023-01-13 03:00:00+00:00,1071.0,Estadio Jalisco,Guadalajara,2022,Clausura - 2,Atlas,Mazatlán,True,False,2.0,1.0,0.0,0.0,2.0,1.0,,,,,2023,local_gana
973620,D. Quintero,UTC,2023-01-14 01:05:00+00:00,1795.0,Estadio Alfonso Lastras Ramírez,San Luis Potosí,2022,Clausura - 2,Atletico San Luis,Guadalajara Chivas,,,0.0,0.0,0.0,0.0,0.0,0.0,,,,,2023,empate
973621,J. Camacho,UTC,2023-01-14 03:05:00+00:00,1082.0,Estadio Cuauhtémoc,Puebla,2022,Clausura - 2,Puebla,Club Queretaro,True,False,2.0,0.0,1.0,0.0,2.0,0.0,,,,,2023,local_gana
973622,C. Ramos,UTC,2023-01-14 23:00:00+00:00,7182.0,Estadio Azteca,D.F.,2022,Clausura - 2,Cruz Azul,Monterrey,False,True,2.0,3.0,1.0,1.0,2.0,3.0,,,,,2023,visitante_gana
973623,F. Guerrero,UTC,2023-01-15 01:05:00+00:00,1089.0,Estadio Nemesio Díez,Toluca de Lerdo,2022,Clausura - 2,Toluca,Club America,,,2.0,2.0,2.0,1.0,2.0,2.0,,,,,2023,empate
973625,V. Cáceres,UTC,2023-01-15 01:05:00+00:00,1845.0,Estadio Olímpico Benito Juárez,Ciudad Juárez,2022,Clausura - 2,FC Juarez,Club Tijuana,True,False,3.0,0.0,2.0,0.0,3.0,0.0,,,,,2023,local_gana
973624,L. Santander,UTC,2023-01-15 03:10:00+00:00,1085.0,Estadio Nuevo Corona,Torreón,2022,Clausura - 2,Santos Laguna,U.N.A.M. - Pumas,True,False,3.0,0.0,1.0,0.0,3.0,0.0,,,,,2023,local_gana
973626,M. Ortíz,UTC,2023-01-16 01:05:00+00:00,1087.0,Estadio Universitario de Nuevo León,San Nicolás de los Garza,2022,Clausura - 2,Tigres UANL,Pachuca,True,False,4.0,1.0,1.0,1.0,4.0,1.0,,,,,2023,local_gana
973627,B. González,UTC,2023-01-17 03:05:00+00:00,,Estadio León,León de los Aldamas,2022,Clausura - 2,Leon,Necaxa,True,False,2.0,1.0,0.0,1.0,2.0,1.0,,,,,2023,local_gana
974323,C. Ramos,UTC,2023-01-21 03:00:00+00:00,10546.0,Estadio de Mazatlán,Mazatlán,2022,Clausura - 3,Mazatlán,Santos Laguna,False,True,1.0,2.0,0.0,1.0,1.0,2.0,,,,,2023,visitante_gana
974324,A. Escobedo,UTC,2023-01-21 03:10:00+00:00,1088.0,Estadio Caliente,Tijuana,2022,Clausura - 3,Club Tijuana,Tigres UANL,,,1.0,1.0,1.0,0.0,1.0,1.0,,,,,2023,empate
974326,Ó. Mejía,UTC,2023-01-22 01:10:00+00:00,7182.0,Estadio Azteca,D.F.,2022,Clausura - 3,Club America,Puebla,,,2.0,2.0,1.0,0.0,2.0,2.0,,,,,2023,empate
974327,M. Ortíz,UTC,2023-01-22 03:10:00+00:00,1076.0,Estadio AKRON,Zapopan,2022,Clausura - 3,Guadalajara Chivas,Toluca,False,True,1.0,2.0,1.0,0.0,1.0,2.0,,,,,2023,visitante_gana
974328,J. Camacho,UTC,2023-01-22 03:10:00+00:00,1080.0,Estadio Victoria de Aguascalientes,Aguascalientes,2022,Clausura - 3,Necaxa,Cruz Azul,True,False,1.0,0.0,1.0,0.0,1.0,0.0,,,,,2023,local_gana
974329,E. Morales,UTC,2023-01-22 18:00:00+00:00,1083.0,Estadio Olímpico de Universitario,D.F.,2022,Clausura - 3,U.N.A.M. - Pumas,Leon,True,False,4.0,1.0,2.0,1.0,4.0,1.0,,,,,2023,local_gana
974330,Ó. Macías,UTC,2023-01-22 23:00:00+00:00,1084.0,Estadio La Corregidora,Santiago de Querétaro,2022,Clausura - 3,Club Queretaro,Atlas,,,3.0,3.0,2.0,2.0,3.0,3.0,,,,,2023,empate
974325,F. Guerrero,UTC,2023-01-22 23:06:00+00:00,11905.0,Estadio BBVA,Guadalupe,2022,Clausura - 3,Monterrey,Atletico San Luis,True,False,3.0,1.0,2.0,0.0,3.0,1.0,,,,,2023,local_gana
974331,I. Lopez,UTC,2023-01-23 01:10:00+00:00,1081.0,Estadio Hidalgo,Pachuca de Soto,2022,Clausura - 3,Pachuca,FC Juarez,True,False,4.0,1.0,1.0,0.0,4.0,1.0,,,,,2023,local_gana
974332,M. Ortíz,UTC,2023-01-27 03:05:00+00:00,1071.0,Estadio Jalisco,Guadalajara,2022,Clausura - 4,Atlas,Santos Laguna,,,2.0,2.0,0.0,1.0,2.0,2.0,,,,,2023,empate
974333,J. Lopez,UTC,2023-01-28 01:05:00+00:00,1082.0,Estadio Cuauhtémoc,Puebla,2022,Clausura - 4,Puebla,Monterrey,False,True,1.0,2.0,1.0,0.0,1.0,2.0,,,,,2023,visitante_gana
974334,I. Lopez,UTC,2023-01-28 03:05:00+00:00,1088.0,Estadio Caliente,Tijuana,2022,Clausura - 4,Club Tijuana,U.N.A.M. - Pumas,,,0.0,0.0,0.0,0.0,0.0,0.0,,,,,2023,empate
974336,D. Montaño,UTC,2023-01-29 01:05:00+00:00,1087.0,Estadio Universitario de Nuevo León,San Nicolás de los Garza,2022,Clausura - 4,Tigres UANL,Atletico San Luis,,,0.0,0.0,0.0,0.0,0.0,0.0,,,,,2023,empate
974337,L. Santander,UTC,2023-01-29 03:05:00+00:00,7182.0,Estadio Azteca,D.F.,2022,Clausura - 4,Club America,Mazatlán,True,False,6.0,0.0,4.0,0.0,6.0,0.0,,,,,2023,local_gana
974338,C. Ramos,UTC,2023-01-29 03:05:00+00:00,1845.0,Estadio Olímpico Benito Juárez,Ciudad Juárez,2022,Clausura - 4,FC Juarez,Guadalajara Chivas,False,True,1.0,2.0,0.0,2.0,1.0,2.0,,,,,2023,visitante_gana
974339,A. Escobedo,UTC,2023-01-29 18:00:00+00:00,1089.0,Estadio Nemesio Díez,Toluca de Lerdo,2022,Clausura - 4,Toluca,Leon,,,0.0,0.0,0.0,0.0,0.0,0.0,,,,,2023,empate
974340,V. Cáceres,UTC,2023-01-30 01:00:00+00:00,1081.0,Estadio Hidalgo,Pachuca de Soto,2022,Clausura - 4,Pachuca,Necaxa,True,False,2.0,1.0,1.0,0.0,2.0,1.0,,,,,2023,local_gana
973613,L. Santander,UTC,2023-02-02 02:05:00+00:00,1071.0,Estadio Jalisco,Guadalajara,2022,Clausura - 1,Atlas,Toluca,,,0.0,0.0,0.0,0.0,0.0,0.0,,,,,2023,empate
974341,A. Escobedo,UTC,2023-02-03 03:00:00+00:00,1795.0,Estadio Alfonso Lastras Ramírez,San Luis Potosí,2022,Clausura - 5,Atletico San Luis,Puebla,True,False,2.0,0.0,0.0,0.0,2.0,0.0,,,,,2023,local_gana
974342,C. Ramos,UTC,2023-02-04 01:00:00+00:00,1080.0,Estadio Victoria de Aguascalientes,Aguascalientes,2022,Clausura - 5,Necaxa,Club Tijuana,,,1.0,1.0,0.0,1.0,1.0,1.0,,,,,2023,empate
974343,M. Ortíz,UTC,2023-02-04 03:05:00+00:00,10546.0,Estadio de Mazatlán,Mazatlán,2022,Clausura - 5,Mazatlán,FC Juarez,False,True,2.0,3.0,1.0,1.0,2.0,3.0,,,,,2023,visitante_gana
974344,G. Pacheco,UTC,2023-02-04 23:00:00+00:00,,Estadio León,León de los Aldamas,2022,Clausura - 5,Leon,Pachuca,False,True,0.0,1.0,0.0,1.0,0.0,1.0,,,,,2023,visitante_gana
974345,L. Santander,UTC,2023-02-05 01:05:00+00:00,7182.0,Estadio Azteca,D.F.,2022,Clausura - 5,Cruz Azul,Tigres UANL,False,True,0.0,1.0,0.0,1.0,0.0,1.0,,,,,2023,visitante_gana
974346,D. Montaño,UTC,2023-02-05 03:05:00+00:00,1085.0,Estadio Nuevo Corona,Torreón,2022,Clausura - 5,Santos Laguna,Club America,,,2.0,2.0,2.0,1.0,2.0,2.0,,,,,2023,empate
974347,D. Quintero,UTC,2023-02-05 18:00:00+00:00,1083.0,Estadio Olímpico de Universitario,D.F.,2022,Clausura - 5,U.N.A.M. - Pumas,Atlas,,,2.0,2.0,2.0,1.0,2.0,2.0,,,,,2023,empate
974348,E. Morales,UTC,2023-02-05 23:00:00+00:00,1076.0,Estadio AKRON,Zapopan,2022,Clausura - 5,Guadalajara Chivas,Club Queretaro,,,1.0,1.0,0.0,0.0,1.0,1.0,,,,,2023,empate
974349,V. Cáceres,UTC,2023-02-06 01:10:00+00:00,11905.0,Estadio BBVA,Guadalupe,2022,Clausura - 5,Monterrey,Toluca,True,False,2.0,1.0,2.0,0.0,2.0,1.0,,,,,2023,local_gana
974350,J. Lopez,UTC,2023-02-10 01:05:00+00:00,1084.0,Estadio La Corregidora,Santiago de Querétaro,2022,Clausura - 6,Club Queretaro,Leon,False,True,0.0,3.0,0.0,2.0,0.0,3.0,,,,,2023,visitante_gana
974351,Ó. Mejía,UTC,2023-02-10 03:05:00+00:00,1071.0,Estadio Jalisco,Guadalajara,2022,Clausura - 6,Atlas,Monterrey,False,True,0.0,2.0,0.0,0.0,0.0,2.0,,,,,2023,visitante_gana
974352,E. Morales,UTC,2023-02-11 01:00:00+00:00,1082.0,Estadio Cuauhtémoc,Puebla,2022,Clausura - 6,Puebla,Mazatlán,True,False,3.0,1.0,3.0,0.0,3.0,1.0,,,,,2023,local_gana
974353,L. Santander,UTC,2023-02-11 03:10:00+00:00,1088.0,Estadio Caliente,Tijuana,2022,Clausura - 6,Club Tijuana,Atletico San Luis,True,False,1.0,0.0,0.0,0.0,1.0,0.0,,,,,2023,local_gana
974354,I. Lopez,UTC,2023-02-11 23:00:00+00:00,7182.0,Estadio Azteca,D.F.,2022,Clausura - 6,Club America,Necaxa,True,False,2.0,1.0,1.0,0.0,2.0,1.0,,,,,2023,local_gana
974356,F. Hernández,UTC,2023-02-12 01:05:00+00:00,1087.0,Estadio Universitario de Nuevo León,San Nicolás de los Garza,2022,Clausura - 6,Tigres UANL,U.N.A.M. - Pumas,True,False,4.0,2.0,3.0,1.0,4.0,2.0,,,,,2023,local_gana
974355,G. Pacheco,UTC,2023-02-12 01:05:00+00:00,1845.0,Estadio Olímpico Benito Juárez,Ciudad Juárez,2022,Clausura - 6,FC Juarez,Santos Laguna,True,False,3.0,1.0,0.0,1.0,3.0,1.0,,,,,2023,local_gana
974357,A. Escobedo,UTC,2023-02-12 03:05:00+00:00,1081.0,Estadio Hidalgo,Pachuca de Soto,2022,Clausura - 6,Pachuca,Guadalajara Chivas,,,1.0,1.0,0.0,1.0,1.0,1.0,,,,,2023,empate
974358,M. Ortíz,UTC,2023-02-12 18:00:00+00:00,1089.0,Estadio Nemesio Díez,Toluca de Lerdo,2022,Clausura - 6,Toluca,Cruz Azul,True,False,3.0,1.0,1.0,1.0,3.0,1.0,,,,,2023,local_gana
974360,C. Ramos,UTC,2023-02-15 01:05:00+00:00,1087.0,Estadio Universitario de Nuevo León,San Nicolás de los Garza,2022,Clausura - 7,Tigres UANL,FC Juarez,,,0.0,0.0,0.0,0.0,0.0,0.0,,,,,2023,empate
974359,Ó. Macías,UTC,2023-02-15 01:05:00+00:00,,Estadio León,León de los Aldamas,2022,Clausura - 7,Leon,Puebla,True,False,2.0,0.0,0.0,0.0,2.0,0.0,,,,,2023,local_gana
974361,F. Hernández,UTC,2023-02-15 03:05:00+00:00,1795.0,Estadio Alfonso Lastras Ramírez,San Luis Potosí,2022,Clausura - 7,Atletico San Luis,Club America,False,True,1.0,3.0,1.0,2.0,1.0,3.0,,,,,2023,visitante_gana
974363,D. Montaño,UTC,2023-02-16 01:05:00+00:00,1076.0,Estadio AKRON,Zapopan,2022,Clausura - 7,Guadalajara Chivas,Club Tijuana,True,False,2.0,1.0,1.0,1.0,2.0,1.0,,,,,2023,local_gana
974362,B. González,UTC,2023-02-16 01:05:00+00:00,11905.0,Estadio BBVA,Guadalupe,2022,Clausura - 7,Monterrey,Club Queretaro,True,False,2.0,0.0,2.0,0.0,2.0,0.0,,,,,2023,local_gana
974364,F. Guerrero,UTC,2023-02-16 03:05:00+00:00,1080.0,Estadio Victoria de Aguascalientes,Aguascalientes,2022,Clausura - 7,Necaxa,U.N.A.M. - Pumas,True,False,3.0,1.0,2.0,1.0,3.0,1.0,,,,,2023,local_gana
974365,E. Miranda,UTC,2023-02-17 03:00:00+00:00,10546.0,Estadio de Mazatlán,Mazatlán,2022,Clausura - 7,Mazatlán,Pachuca,False,True,2.0,3.0,0.0,1.0,2.0,3.0,,,,,2023,visitante_gana
974369,I. Lopez,UTC,2023-02-18 01:06:00+00:00,1845.0,Estadio Olímpico Benito Juárez,Ciudad Juárez,2022,Clausura - 8,FC Juarez,Leon,,,0.0,0.0,0.0,0.0,0.0,0.0,,,,,2023,empate
974370,E. Galván,UTC,2023-02-18 03:05:00+00:00,1082.0,Estadio Cuauhtémoc,Puebla,2022,Clausura - 8,Puebla,Cruz Azul,False,True,1.0,3.0,0.0,1.0,1.0,3.0,,,,,2023,visitante_gana
974368,Ó. Mejía,UTC,2023-02-18 23:00:00+00:00,1795.0,Estadio Alfonso Lastras Ramírez,San Luis Potosí,2022,Clausura - 8,Atletico San Luis,Santos Laguna,,,1.0,1.0,1.0,0.0,1.0,1.0,,,,,2023,empate
974372,A. Escobedo,UTC,2023-02-19 01:05:00+00:00,1071.0,Estadio Jalisco,Guadalajara,2022,Clausura - 8,Atlas,Tigres UANL,False,True,0.0,1.0,0.0,1.0,0.0,1.0,,,,,2023,visitante_gana
974373,M. Ortíz,UTC,2023-02-19 03:05:00+00:00,1083.0,Estadio Olímpico de Universitario,D.F.,2022,Clausura - 8,U.N.A.M. - Pumas,Guadalajara Chivas,False,True,1.0,2.0,0.0,2.0,1.0,2.0,,,,,2023,visitante_gana
974374,F. Hernández,UTC,2023-02-19 23:00:00+00:00,1084.0,Estadio La Corregidora,Santiago de Querétaro,2022,Clausura - 8,Club Queretaro,Mazatlán,,,1.0,1.0,1.0,0.0,1.0,1.0,,,,,2023,empate
974371,G. Pacheco,UTC,2023-02-19 23:06:00+00:00,11905.0,Estadio BBVA,Guadalupe,2022,Clausura - 8,Monterrey,Necaxa,True,False,2.0,1.0,0.0,0.0,2.0,1.0,,,,,2023,local_gana
974375,F. Guerrero,UTC,2023-02-20 01:05:00+00:00,7182.0,Estadio Azteca,D.F.,2022,Clausura - 8,Club America,Club Tijuana,True,False,2.0,1.0,1.0,0.0,2.0,1.0,,,,,2023,local_gana
974376,L. Santander,UTC,2023-02-20 03:05:00+00:00,1081.0,Estadio Hidalgo,Pachuca de Soto,2022,Clausura - 8,Pachuca,Toluca,False,True,1.0,2.0,0.0,1.0,1.0,2.0,,,,,2023,visitante_gana
974366,C. Ramos,UTC,2023-02-23 02:05:00+00:00,7182.0,Estadio Azteca,D.F.,2022,Clausura - 7,Cruz Azul,Atlas,True,False,1.0,0.0,0.0,0.0,1.0,0.0,,,,,2023,local_gana
974367,F. Guerrero,UTC,2023-02-24 02:05:00+00:00,1085.0,Estadio Nuevo Corona,Torreón,2022,Clausura - 7,Santos Laguna,Toluca,False,True,0.0,5.0,0.0,2.0,0.0,5.0,,,,,2023,visitante_gana
974377,M. Ortíz,UTC,2023-02-25 01:05:00+00:00,1080.0,Estadio Victoria de Aguascalientes,Aguascalientes,2022,Clausura - 9,Necaxa,Club Queretaro,,,1.0,1.0,1.0,0.0,1.0,1.0,,,,,2023,empate
974378,E. Galván,UTC,2023-02-25 03:10:00+00:00,10546.0,Estadio de Mazatlán,Mazatlán,2022,Clausura - 9,Mazatlán,U.N.A.M. - Pumas,False,True,1.0,2.0,1.0,0.0,1.0,2.0,,,,,2023,visitante_gana
974379,Ó. Macías,UTC,2023-02-25 23:00:00+00:00,7182.0,Estadio Azteca,D.F.,2022,Clausura - 9,Cruz Azul,FC Juarez,True,False,1.0,0.0,1.0,0.0,1.0,0.0,,,,,2023,local_gana
974380,D. Quintero,UTC,2023-02-26 01:05:00+00:00,1087.0,Estadio Universitario de Nuevo León,San Nicolás de los Garza,2022,Clausura - 9,Tigres UANL,Guadalajara Chivas,False,True,1.0,2.0,0.0,2.0,1.0,2.0,,,,,2023,visitante_gana
974381,L. Santander,UTC,2023-02-26 03:05:00+00:00,1071.0,Estadio Jalisco,Guadalajara,2022,Clausura - 9,Atlas,Club America,,,2.0,2.0,1.0,2.0,2.0,2.0,,,,,2023,empate
974382,J. Camacho,UTC,2023-02-26 18:00:00+00:00,1089.0,Estadio Nemesio Díez,Toluca de Lerdo,2022,Clausura - 9,Toluca,Atletico San Luis,True,False,2.0,0.0,2.0,0.0,2.0,0.0,,,,,2023,local_gana
974383,B. González,UTC,2023-02-27 01:05:00+00:00,1085.0,Estadio Nuevo Corona,Torreón,2022,Clausura - 9,Santos Laguna,Puebla,True,False,3.0,2.0,2.0,0.0,3.0,2.0,,,,,2023,local_gana
974384,F. Hernández,UTC,2023-02-27 03:05:00+00:00,1088.0,Estadio Caliente,Tijuana,2022,Clausura - 9,Club Tijuana,Pachuca,True,False,2.0,0.0,2.0,0.0,2.0,0.0,,,,,2023,local_gana
974385,C. Ramos,UTC,2023-02-28 03:10:00+00:00,,Estadio León,León de los Aldamas,2022,Clausura - 9,Leon,Monterrey,,,1.0,1.0,1.0,0.0,1.0,1.0,,,,,2023,empate
974386,F. Hernández,UTC,2023-03-04 01:05:00+00:00,1080.0,Estadio Victoria de Aguascalientes,Aguascalientes,2022,Clausura - 10,Necaxa,Tigres UANL,False,True,0.0,1.0,0.0,1.0,0.0,1.0,,,,,2023,visitante_gana
974387,J. Lopez,UTC,2023-03-04 01:05:00+00:00,10546.0,Estadio de Mazatlán,Mazatlán,2022,Clausura - 10,Mazatlán,Cruz Azul,True,False,3.0,1.0,1.0,1.0,3.0,1.0,,,,,2023,local_gana
974388,D. Quintero,UTC,2023-03-04 03:15:00+00:00,1088.0,Estadio Caliente,Tijuana,2022,Clausura - 10,Club Tijuana,Atlas,,,1.0,1.0,1.0,1.0,1.0,1.0,,,,,2023,empate
974389,F. Guerrero,UTC,2023-03-04 23:00:00+00:00,,Estadio León,León de los Aldamas,2022,Clausura - 10,Leon,Atletico San Luis,True,False,2.0,0.0,0.0,0.0,2.0,0.0,,,,,2023,local_gana
974391,A. Escobedo,UTC,2023-03-05 01:05:00+00:00,7182.0,Estadio Azteca,D.F.,2022,Clausura - 10,Club America,Pachuca,False,True,0.0,3.0,0.0,3.0,0.0,3.0,,,,,2023,visitante_gana
974390,L. Santander,UTC,2023-03-05 01:10:00+00:00,11905.0,Estadio BBVA,Guadalupe,2022,Clausura - 10,Monterrey,FC Juarez,True,False,3.0,0.0,1.0,0.0,3.0,0.0,,,,,2023,local_gana
974392,V. Cáceres,UTC,2023-03-05 03:05:00+00:00,1076.0,Estadio AKRON,Zapopan,2022,Clausura - 10,Guadalajara Chivas,Santos Laguna,True,False,2.0,0.0,2.0,0.0,2.0,0.0,,,,,2023,local_gana
974393,C. Ramos,UTC,2023-03-05 18:00:00+00:00,1083.0,Estadio Olímpico de Universitario,D.F.,2022,Clausura - 10,U.N.A.M. - Pumas,Puebla,False,True,2.0,4.0,1.0,2.0,2.0,4.0,,,,,2023,visitante_gana
974394,Ó. Macías,UTC,2023-03-06 01:05:00+00:00,1084.0,Estadio La Corregidora,Santiago de Querétaro,2022,Clausura - 10,Club Queretaro,Toluca,True,False,1.0,0.0,1.0,0.0,1.0,0.0,,,,,2023,local_gana
974395,C. Ramos,UTC,2023-03-11 01:05:00+00:00,1795.0,Estadio Alfonso Lastras Ramírez,San Luis Potosí,2022,Clausura - 11,Atletico San Luis,Club Queretaro,True,False,2.0,0.0,0.0,0.0,2.0,0.0,,,,,2023,local_gana
974396,Ó. Mejía,UTC,2023-03-11 03:05:00+00:00,1082.0,Estadio Cuauhtémoc,Puebla,2022,Clausura - 11,Puebla,Guadalajara Chivas,True,False,1.0,0.0,1.0,0.0,1.0,0.0,,,,,2023,local_gana
974397,M. Ortíz,UTC,2023-03-11 23:00:00+00:00,1071.0,Estadio Jalisco,Guadalajara,2022,Clausura - 11,Atlas,Leon,False,True,0.0,1.0,0.0,1.0,0.0,1.0,,,,,2023,visitante_gana
974398,D. Quintero,UTC,2023-03-12 01:05:00+00:00,7182.0,Estadio Azteca,D.F.,2022,Clausura - 11,Cruz Azul,U.N.A.M. - Pumas,True,False,1.0,0.0,0.0,0.0,1.0,0.0,,,,,2023,local_gana
974399,V. Cáceres,UTC,2023-03-12 03:10:00+00:00,1087.0,Estadio Universitario de Nuevo León,San Nicolás de los Garza,2022,Clausura - 11,Tigres UANL,Club America,False,True,0.0,2.0,0.0,1.0,0.0,2.0,,,,,2023,visitante_gana
974400,L. Santander,UTC,2023-03-12 18:00:00+00:00,1089.0,Estadio Nemesio Díez,Toluca de Lerdo,2022,Clausura - 11,Toluca,Mazatlán,True,False,4.0,1.0,2.0,1.0,4.0,1.0,,,,,2023,local_gana
974402,I. Lopez,UTC,2023-03-13 01:05:00+00:00,1085.0,Estadio Nuevo Corona,Torreón,2022,Clausura - 11,Santos Laguna,Club Tijuana,True,False,3.0,2.0,1.0,1.0,3.0,2.0,,,,,2023,local_gana
974401,F. Guerrero,UTC,2023-03-13 01:05:00+00:00,1081.0,Estadio Hidalgo,Pachuca de Soto,2022,Clausura - 11,Pachuca,Monterrey,False,True,1.0,2.0,1.0,1.0,1.0,2.0,,,,,2023,visitante_gana
974403,E. Miranda,UTC,2023-03-13 03:15:00+00:00,1845.0,Estadio Olímpico Benito Juárez,Ciudad Juárez,2022,Clausura - 11,FC Juarez,Necaxa,,,1.0,1.0,0.0,0.0,1.0,1.0,,,,,2023,empate
974404,Ó. Macías,UTC,2023-03-18 01:00:00+00:00,1082.0,Estadio Cuauhtémoc,Puebla,2022,Clausura - 12,Puebla,Atlas,False,True,0.0,4.0,0.0,2.0,0.0,4.0,,,,,2023,visitante_gana
974406,E. Morales,UTC,2023-03-18 03:05:00+00:00,1088.0,Estadio Caliente,Tijuana,2022,Clausura - 12,Club Tijuana,Toluca,,,3.0,3.0,0.0,3.0,3.0,3.0,,,,,2023,empate
974405,D. Quintero,UTC,2023-03-18 03:05:00+00:00,10546.0,Estadio de Mazatlán,Mazatlán,2022,Clausura - 12,Mazatlán,Necaxa,False,True,0.0,1.0,0.0,1.0,0.0,1.0,,,,,2023,visitante_gana
974407,G. Pacheco,UTC,2023-03-18 23:00:00+00:00,7182.0,Estadio Azteca,D.F.,2022,Clausura - 12,Cruz Azul,Atletico San Luis,True,False,1.0,0.0,0.0,0.0,1.0,0.0,,,,,2023,local_gana
974408,C. Ramos,UTC,2023-03-19 01:05:00+00:00,1087.0,Estadio Universitario de Nuevo León,San Nicolás de los Garza,2022,Clausura - 12,Tigres UANL,Monterrey,False,True,0.0,1.0,0.0,0.0,0.0,1.0,,,,,2023,visitante_gana
974409,M. Ortíz,UTC,2023-03-19 03:10:00+00:00,1076.0,Estadio AKRON,Zapopan,2022,Clausura - 12,Guadalajara Chivas,Club America,False,True,2.0,4.0,0.0,3.0,2.0,4.0,,,,,2023,visitante_gana
974410,V. Cáceres,UTC,2023-03-19 18:00:00+00:00,1083.0,Estadio Olímpico de Universitario,D.F.,2022,Clausura - 12,U.N.A.M. - Pumas,Pachuca,False,True,0.0,2.0,0.0,0.0,0.0,2.0,,,,,2023,visitante_gana
974411,F. Guerrero,UTC,2023-03-20 01:05:00+00:00,1084.0,Estadio La Corregidora,Santiago de Querétaro,2022,Clausura - 12,Club Queretaro,FC Juarez,,,2.0,2.0,1.0,0.0,2.0,2.0,,,,,2023,empate
974412,A. Escobedo,UTC,2023-03-20 03:05:00+00:00,,Estadio León,León de los Aldamas,2022,Clausura - 12,Leon,Santos Laguna,True,False,4.0,1.0,3.0,0.0,4.0,1.0,,,,,2023,local_gana
973611,M. Ortíz,UTC,2023-03-25 03:05:00+00:00,10546.0,Estadio de Mazatlán,Mazatlán,2022,Clausura - 1,Mazatlán,Leon,False,True,1.0,2.0,1.0,1.0,1.0,2.0,,,,,2023,visitante_gana
974335,Ó. Mejía,UTC,2023-03-30 03:05:00+00:00,1084.0,Estadio La Corregidora,Santiago de Querétaro,2022,Clausura - 4,Club Queretaro,Cruz Azul,,,2.0,2.0,0.0,1.0,2.0,2.0,,,,,2023,empate
974413,E. Morales,UTC,2023-04-01 01:05:00+00:00,1080.0,Estadio Victoria de Aguascalientes,Aguascalientes,2022,Clausura - 13,Necaxa,Santos Laguna,,,0.0,0.0,0.0,0.0,0.0,0.0,,,,,2023,empate
974414,D. Montaño,UTC,2023-04-01 03:00:00+00:00,1845.0,Estadio Olímpico Benito Juárez,Ciudad Juárez,2022,Clausura - 13,FC Juarez,Puebla,False,True,0.0,2.0,0.0,0.0,0.0,2.0,,,,,2023,visitante_gana
974415,L. Santander,UTC,2023-04-01 23:00:00+00:00,1081.0,Estadio Hidalgo,Pachuca de Soto,2022,Clausura - 13,Pachuca,Cruz Azul,False,True,0.0,2.0,0.0,1.0,0.0,2.0,,,,,2023,visitante_gana
974416,F. Hernández,UTC,2023-04-02 01:05:00+00:00,7182.0,Estadio Azteca,D.F.,2022,Clausura - 13,Club America,Leon,,,2.0,2.0,0.0,1.0,2.0,2.0,,,,,2023,empate
974417,Ó. Macías,UTC,2023-04-02 01:15:00+00:00,11905.0,Estadio BBVA,Guadalupe,2022,Clausura - 13,Monterrey,Club Tijuana,True,False,4.0,0.0,3.0,0.0,4.0,0.0,,,,,2023,local_gana
974418,C. Ramos,UTC,2023-04-02 03:10:00+00:00,1071.0,Estadio Jalisco,Guadalajara,2022,Clausura - 13,Atlas,Guadalajara Chivas,,,3.0,3.0,2.0,2.0,3.0,3.0,,,,,2023,empate
974419,M. Ortíz,UTC,2023-04-02 18:00:00+00:00,1089.0,Estadio Nemesio Díez,Toluca de Lerdo,2022,Clausura - 13,Toluca,Tigres UANL,True,False,3.0,2.0,2.0,0.0,3.0,2.0,,,,,2023,local_gana
974420,E. Miranda,UTC,2023-04-02 23:00:00+00:00,1795.0,Estadio Alfonso Lastras Ramírez,San Luis Potosí,2022,Clausura - 13,Atletico San Luis,Mazatlán,True,False,2.0,1.0,1.0,0.0,2.0,1.0,,,,,2023,local_gana
974421,A. Escobedo,UTC,2023-04-03 01:05:00+00:00,1084.0,Estadio La Corregidora,Santiago de Querétaro,2022,Clausura - 13,Club Queretaro,U.N.A.M. - Pumas,True,False,1.0,0.0,0.0,0.0,1.0,0.0,,,,,2023,local_gana
974422,I. Lopez,UTC,2023-04-08 01:05:00+00:00,1082.0,Estadio Cuauhtémoc,Puebla,2022,Clausura - 14,Puebla,Toluca,False,True,1.0,2.0,0.0,2.0,1.0,2.0,,,,,2023,visitante_gana
974423,L. Santander,UTC,2023-04-08 03:10:00+00:00,1088.0,Estadio Caliente,Tijuana,2022,Clausura - 14,Club Tijuana,Club Queretaro,False,True,1.0,2.0,0.0,1.0,1.0,2.0,,,,,2023,visitante_gana
974425,B. González,UTC,2023-04-08 23:00:00+00:00,1076.0,Estadio AKRON,Zapopan,2022,Clausura - 14,Guadalajara Chivas,Necaxa,True,False,1.0,0.0,0.0,0.0,1.0,0.0,,,,,2023,local_gana
974426,F. Guerrero,UTC,2023-04-09 01:05:00+00:00,1087.0,Estadio Universitario de Nuevo León,San Nicolás de los Garza,2022,Clausura - 14,Tigres UANL,Mazatlán,False,True,1.0,2.0,0.0,2.0,1.0,2.0,,,,,2023,visitante_gana
974424,D. Montaño,UTC,2023-04-09 01:05:00+00:00,,Estadio León,León de los Aldamas,2022,Clausura - 14,Leon,Cruz Azul,,,0.0,0.0,0.0,0.0,0.0,0.0,,,,,2023,empate
974427,V. Cáceres,UTC,2023-04-09 03:10:00+00:00,7182.0,Estadio Azteca,D.F.,2022,Clausura - 14,Club America,Monterrey,True,False,2.0,1.0,1.0,1.0,2.0,1.0,,,,,2023,local_gana
974428,Ó. Mejía,UTC,2023-04-09 18:00:00+00:00,1083.0,Estadio Olímpico de Universitario,D.F.,2022,Clausura - 14,U.N.A.M. - Pumas,Atletico San Luis,True,False,3.0,1.0,2.0,1.0,3.0,1.0,,,,,2023,local_gana
974429,Ó. Macías,UTC,2023-04-10 00:05:00+00:00,1085.0,Estadio Nuevo Corona,Torreón,2022,Clausura - 14,Santos Laguna,Pachuca,False,True,1.0,4.0,1.0,2.0,1.0,4.0,,,,,2023,visitante_gana
974430,A. Escobedo,UTC,2023-04-10 02:10:00+00:00,1845.0,Estadio Olímpico Benito Juárez,Ciudad Juárez,2022,Clausura - 14,FC Juarez,Atlas,,,1.0,1.0,1.0,1.0,1.0,1.0,,,,,2023,empate
974431,L. Santander,UTC,2023-04-14 03:05:00+00:00,1795.0,Estadio Alfonso Lastras Ramírez,San Luis Potosí,2022,Clausura - 15,Atletico San Luis,FC Juarez,True,False,2.0,0.0,1.0,0.0,2.0,0.0,,,,,2023,local_gana
974432,A. Escobedo,UTC,2023-04-15 01:05:00+00:00,1080.0,Estadio Victoria de Aguascalientes,Aguascalientes,2022,Clausura - 15,Necaxa,Puebla,,,1.0,1.0,0.0,0.0,1.0,1.0,,,,,2023,empate
974433,C. Ramos,UTC,2023-04-15 03:05:00+00:00,10546.0,Estadio de Mazatlán,Mazatlán,2022,Clausura - 15,Mazatlán,Club Tijuana,False,True,1.0,2.0,1.0,1.0,1.0,2.0,,,,,2023,visitante_gana
974434,E. Morales,UTC,2023-04-15 23:00:00+00:00,1071.0,Estadio Jalisco,Guadalajara,2022,Clausura - 15,Atlas,Pachuca,True,False,4.0,1.0,3.0,0.0,4.0,1.0,,,,,2023,local_gana
974435,V. Cáceres,UTC,2023-04-16 01:05:00+00:00,,Estadio León,León de los Aldamas,2022,Clausura - 15,Leon,Guadalajara Chivas,False,True,0.0,2.0,0.0,0.0,0.0,2.0,,,,,2023,visitante_gana
974436,F. Guerrero,UTC,2023-04-16 03:10:00+00:00,7182.0,Estadio Azteca,D.F.,2022,Clausura - 15,Cruz Azul,Club America,False,True,1.0,3.0,1.0,1.0,1.0,3.0,,,,,2023,visitante_gana
974437,D. Montaño,UTC,2023-04-16 18:00:00+00:00,1083.0,Estadio Olímpico de Universitario,D.F.,2022,Clausura - 15,U.N.A.M. - Pumas,Toluca,True,False,3.0,1.0,3.0,1.0,3.0,1.0,,,,,2023,local_gana
974438,Ó. Macías,UTC,2023-04-16 23:00:00+00:00,1084.0,Estadio La Corregidora,Santiago de Querétaro,2022,Clausura - 15,Club Queretaro,Tigres UANL,,,0.0,0.0,0.0,0.0,0.0,0.0,,,,,2023,empate
974439,M. Ortíz,UTC,2023-04-17 01:10:00+00:00,11905.0,Estadio BBVA,Guadalupe,2022,Clausura - 15,Monterrey,Santos Laguna,False,True,1.0,2.0,1.0,1.0,1.0,2.0,,,,,2023,visitante_gana
974440,E. Miranda,UTC,2023-04-21 02:05:00+00:00,1087.0,Estadio Universitario de Nuevo León,San Nicolás de los Garza,2022,Clausura - 16,Tigres UANL,Puebla,True,False,1.0,0.0,0.0,0.0,1.0,0.0,,,,,2023,local_gana
974441,V. Cáceres,UTC,2023-04-22 01:05:00+00:00,1080.0,Estadio Victoria de Aguascalientes,Aguascalientes,2022,Clausura - 16,Necaxa,Atlas,False,True,1.0,3.0,0.0,3.0,1.0,3.0,,,,,2023,visitante_gana
974442,L. Santander,UTC,2023-04-22 01:05:00+00:00,10546.0,Estadio de Mazatlán,Mazatlán,2022,Clausura - 16,Mazatlán,Monterrey,False,True,0.0,2.0,0.0,1.0,0.0,2.0,,,,,2023,visitante_gana
974443,E. Morales,UTC,2023-04-22 03:05:00+00:00,1088.0,Estadio Caliente,Tijuana,2022,Clausura - 16,Club Tijuana,Leon,,,0.0,0.0,0.0,0.0,0.0,0.0,,,,,2023,empate
974444,D. Quintero,UTC,2023-04-22 23:00:00+00:00,1081.0,Estadio Hidalgo,Pachuca de Soto,2022,Clausura - 16,Pachuca,Atletico San Luis,True,False,2.0,1.0,0.0,1.0,2.0,1.0,,,,,2023,local_gana
974445,A. Escobedo,UTC,2023-04-23 01:05:00+00:00,1076.0,Estadio AKRON,Zapopan,2022,Clausura - 16,Guadalajara Chivas,Cruz Azul,True,False,2.0,1.0,0.0,1.0,2.0,1.0,,,,,2023,local_gana
974446,C. Ramos,UTC,2023-04-23 03:10:00+00:00,7182.0,Estadio Azteca,D.F.,2022,Clausura - 16,Club America,U.N.A.M. - Pumas,,,1.0,1.0,0.0,0.0,1.0,1.0,,,,,2023,empate
974447,F. Guerrero,UTC,2023-04-23 18:00:00+00:00,1089.0,Estadio Nemesio Díez,Toluca de Lerdo,2022,Clausura - 16,Toluca,FC Juarez,,,1.0,1.0,1.0,0.0,1.0,1.0,,,,,2023,empate
974448,J. Camacho,UTC,2023-04-24 01:05:00+00:00,1085.0,Estadio Nuevo Corona,Torreón,2022,Clausura - 16,Santos Laguna,Club Queretaro,False,True,0.0,2.0,0.0,0.0,0.0,2.0,,,,,2023,visitante_gana
974450,D. Quintero,UTC,2023-04-29 03:05:00+00:00,1845.0,Estadio Olímpico Benito Juárez,Ciudad Juárez,2022,Clausura - 17,FC Juarez,Club America,False,True,0.0,1.0,0.0,1.0,0.0,1.0,,,,,2023,visitante_gana
974449,D. Montaño,UTC,2023-04-29 23:00:00+00:00,1082.0,Estadio Cuauhtémoc,Puebla,2022,Clausura - 17,Puebla,Club Tijuana,True,False,5.0,2.0,2.0,1.0,5.0,2.0,,,,,2023,local_gana
974451,M. Ortíz,UTC,2023-04-30 01:00:00+00:00,1795.0,Estadio Alfonso Lastras Ramírez,San Luis Potosí,2022,Clausura - 17,Atletico San Luis,Atlas,,,0.0,0.0,0.0,0.0,0.0,0.0,,,,,2023,empate
974453,Ó. Mejía,UTC,2023-04-30 01:05:00+00:00,1076.0,Estadio AKRON,Zapopan,2022,Clausura - 17,Guadalajara Chivas,Mazatlán,True,False,4.0,1.0,2.0,1.0,4.0,1.0,,,,,2023,local_gana
974452,Ó. Macías,UTC,2023-04-30 01:05:00+00:00,11905.0,Estadio BBVA,Guadalupe,2022,Clausura - 17,Monterrey,U.N.A.M. - Pumas,True,False,4.0,1.0,4.0,1.0,4.0,1.0,,,,,2023,local_gana
974454,L. Santander,UTC,2023-04-30 03:05:00+00:00,7182.0,Estadio Azteca,D.F.,2022,Clausura - 17,Cruz Azul,Santos Laguna,True,False,3.0,2.0,2.0,0.0,3.0,2.0,,,,,2023,local_gana
974455,C. Ramos,UTC,2023-04-30 18:00:00+00:00,1089.0,Estadio Nemesio Díez,Toluca de Lerdo,2022,Clausura - 17,Toluca,Necaxa,True,False,3.0,0.0,1.0,0.0,3.0,0.0,,,,,2023,local_gana
974456,V. Cáceres,UTC,2023-04-30 23:00:00+00:00,1084.0,Estadio La Corregidora,Santiago de Querétaro,2022,Clausura - 17,Club Queretaro,Pachuca,False,True,0.0,1.0,0.0,1.0,0.0,1.0,,,,,2023,visitante_gana
974457,F. Guerrero,UTC,2023-05-01 01:05:00+00:00,,Estadio León,León de los Aldamas,2022,Clausura - 17,Leon,Tigres UANL,True,False,3.0,0.0,2.0,0.0,3.0,0.0,,,,,2023,local_gana
1024695,C. Ramos,UTC,2023-05-06 23:00:00+00:00,7182.0,Estadio Azteca,D.F.,2022,Clausura - Reclasificacion,Cruz Azul,Atlas,False,True,0.0,1.0,0.0,1.0,0.0,1.0,,,,,2023,visitante_gana
1024692,A. Escobedo,UTC,2023-05-07 01:10:00+00:00,1081.0,Estadio Hidalgo,Pachuca de Soto,2022,Clausura - Reclasificacion,Pachuca,Santos Laguna,False,True,4.0,4.0,3.0,2.0,4.0,4.0,0.0,0.0,2.0,4.0,2023,empate
1024693,V. Cáceres,UTC,2023-05-08 01:06:00+00:00,,Estadio León,León de los Aldamas,2022,Clausura - Reclasificacion,Leon,Atlético San Luis,False,True,1.0,3.0,1.0,3.0,1.0,3.0,,,,,2023,visitante_gana
1024694,M. Ortíz,UTC,2023-05-08 03:10:00+00:00,1087.0,Estadio Universitario de Nuevo León,San Nicolás de los Garza,2022,Clausura - Reclasificacion,Tigres UANL,Puebla,True,False,1.0,0.0,0.0,0.0,1.0,0.0,,,,,2023,local_gana
1025954,L. Santander,UTC,2023-05-11 01:00:00+00:00,1085.0,Estadio Nuevo Corona,Torreón,2022,Clausura - Quarter-finals,Santos Laguna,Monterrey,,,0.0,0.0,0.0,0.0,0.0,0.0,,,,,2023,empate
1026493,F. Guerrero,UTC,2023-05-11 03:10:00+00:00,1795.0,Estadio Alfonso Lastras Ramírez,San Luis Potosí,2022,Clausura - Quarter-finals,Atletico San Luis,Club America,False,True,1.0,3.0,1.0,3.0,1.0,3.0,,,,,2023,visitante_gana
1026495,M. Ortíz,UTC,2023-05-12 01:00:00+00:00,1071.0,Estadio Jalisco,Guadalajara,2022,Clausura - Quarter-finals,Atlas,Guadalajara Chivas,True,False,1.0,0.0,1.0,0.0,1.0,0.0,,,,,2023,local_gana
1026497,A. Escobedo,UTC,2023-05-12 03:10:00+00:00,1087.0,Estadio Universitario de Nuevo León,San Nicolás de los Garza,2022,Clausura - Quarter-finals,Tigres UANL,Toluca,True,False,4.0,1.0,3.0,1.0,4.0,1.0,,,,,2023,local_gana
1025953,Ó. Macías,UTC,2023-05-14 01:06:00+00:00,11905.0,Estadio BBVA,Guadalupe,2022,Clausura - Quarter-finals,Monterrey,Santos Laguna,True,False,2.0,0.0,1.0,0.0,2.0,0.0,,,,,2023,local_gana
1026492,D. Quintero,UTC,2023-05-14 03:16:00+00:00,7182.0,Estadio Azteca,D.F.,2022,Clausura - Quarter-finals,Club America,Atletico San Luis,False,True,1.0,2.0,0.0,2.0,1.0,2.0,,,,,2023,visitante_gana
1026496,C. Ramos,UTC,2023-05-14 18:00:00+00:00,1089.0,Estadio Nemesio Díez,Toluca de Lerdo,2022,Clausura - Quarter-finals,Toluca,Tigres UANL,True,False,3.0,1.0,2.0,0.0,3.0,1.0,,,,,2023,local_gana
1026494,V. Cáceres,UTC,2023-05-15 01:05:00+00:00,1076.0,Estadio AKRON,Zapopan,2022,Clausura - Quarter-finals,Guadalajara Chivas,Atlas,True,False,1.0,0.0,0.0,0.0,1.0,0.0,,,,,2023,local_gana
1027143,F. Guerrero,UTC,2023-05-18 03:00:00+00:00,1087.0,Estadio Universitario de Nuevo León,San Nicolás de los Garza,2022,Clausura - Semi-finals,Tigres UANL,Monterrey,,,1.0,1.0,0.0,1.0,1.0,1.0,,,,,2023,empate
1027145,C. Ramos,UTC,2023-05-19 02:10:00+00:00,1076.0,Estadio AKRON,Zapopan,2022,Clausura - Semi-finals,Guadalajara Chivas,Club America,False,True,0.0,1.0,0.0,0.0,0.0,1.0,,,,,2023,visitante_gana
1027144,L. Santander,UTC,2023-05-21 01:06:00+00:00,11905.0,Estadio BBVA,Guadalupe,2022,Clausura - Semi-finals,Monterrey,Tigres UANL,False,True,0.0,1.0,0.0,0.0,0.0,1.0,,,,,2023,visitante_gana
1027146,V. Cáceres,UTC,2023-05-22 02:00:00+00:00,7182.0,Estadio Azteca,D.F.,2022,Clausura - Semi-finals,Club America,Guadalajara Chivas,False,True,1.0,3.0,0.0,1.0,1.0,3.0,,,,,2023,visitante_gana
1028348,F. Guerrero,UTC,2023-05-26 02:00:00+00:00,1087.0,Estadio Universitario de Nuevo León,San Nicolás de los Garza,2022,Clausura - Final,Tigres UANL,Guadalajara Chivas,,,0.0,0.0,0.0,0.0,0.0,0.0,,,,,2023,empate
1028349,C. Ramos,UTC,2023-05-29 01:35:00+00:00,1076.0,Estadio AKRON,Zapopan,2022,Clausura - Final,Guadalajara Chivas,Tigres UANL,False,True,2.0,3.0,2.0,0.0,2.0,2.0,0.0,1.0,,,2023,visitante_gana
1031275,I. Lopez,UTC,2023-07-01 01:00:00+00:00,1069.0,Estadio Azteca,D.F.,2023,Apertura - 1,Club America,FC Juarez,False,True,1.0,2.0,1.0,0.0,1.0,2.0,,,,,2023,visitante_gana
1031277,J. Lopez,UTC,2023-07-01 01:00:00+00:00,20435.0,Estadio El Encanto,Mazatlán,2023,Apertura - 1,Mazatlán,Pachuca,,,1.0,1.0,0.0,1.0,1.0,1.0,,,,,2023,empate
1031276,D. Quintero,UTC,2023-07-01 03:10:00+00:00,1088.0,Estadio Caliente,Tijuana,2023,Apertura - 1,Club Tijuana,U.N.A.M. - Pumas,False,True,2.0,3.0,1.0,1.0,2.0,3.0,,,,,2023,visitante_gana
1031278,J. Camacho,UTC,2023-07-01 23:00:00+00:00,1795.0,Estadio Alfonso Lastras Ramírez,San Luis Potosí,2023,Apertura - 1,Atletico San Luis,Monterrey,,,1.0,1.0,0.0,1.0,1.0,1.0,,,,,2023,empate
1031279,Ó. Macías,UTC,2023-07-02 01:00:00+00:00,,Estadio Universitario,San Nicolás de los Garza,2023,Apertura - 1,Tigres UANL,Puebla,,,1.0,1.0,0.0,0.0,1.0,1.0,,,,,2023,empate
1031280,V. Cáceres,UTC,2023-07-02 03:10:00+00:00,1071.0,Estadio Jalisco,Guadalajara,2023,Apertura - 1,Atlas,Cruz Azul,True,False,2.0,0.0,1.0,0.0,2.0,0.0,,,,,2023,local_gana
1031281,I. López,UTC,2023-07-02 18:00:00+00:00,1089.0,Estadio Nemesio Díez,Toluca de Lerdo,2023,Apertura - 1,Toluca,Necaxa,,,0.0,0.0,0.0,0.0,0.0,0.0,,,,,2023,empate
1031282,A. Quirarte,UTC,2023-07-03 01:05:00+00:00,20475.0,Estadio Corona,Torreón,2023,Apertura - 1,Santos Laguna,Club Queretaro,False,True,0.0,2.0,0.0,0.0,0.0,2.0,,,,,2023,visitante_gana
1031283,Ó. Mejía,UTC,2023-07-04 02:00:00+00:00,,Estadio León,León de los Aldamas,2023,Apertura - 1,Leon,Guadalajara Chivas,False,True,1.0,2.0,1.0,1.0,1.0,2.0,,,,,2023,visitante_gana
1031284,B. González,UTC,2023-07-08 01:00:00+00:00,1082.0,Estadio Cuauhtémoc,Puebla,2023,Apertura - 2,Puebla,Santos Laguna,False,True,2.0,3.0,2.0,2.0,2.0,3.0,,,,,2023,visitante_gana
1031290,Ó. Mejía,UTC,2023-07-08 03:00:00+00:00,20474.0,Estadio Victoria,Aguascalientes,2023,Apertura - 2,Necaxa,Club Tijuana,,,1.0,1.0,0.0,0.0,1.0,1.0,,,,,2023,empate
1031288,I. Lopez,UTC,2023-07-08 23:50:00+00:00,1069.0,Estadio Azteca,D.F.,2023,Apertura - 2,Cruz Azul,Toluca,False,True,0.0,2.0,0.0,1.0,0.0,2.0,,,,,2023,visitante_gana
1031286,V. Cáceres,UTC,2023-07-09 00:05:00+00:00,1076.0,Estadio AKRON,Zapopan,2023,Apertura - 2,Guadalajara Chivas,Atletico San Luis,True,False,3.0,1.0,2.0,1.0,3.0,1.0,,,,,2023,local_gana
1031285,J. Lopez,UTC,2023-07-09 00:06:00+00:00,1845.0,Estadio Olímpico Benito Juárez,Ciudad Juárez,2023,Apertura - 2,FC Juarez,Tigres UANL,,,1.0,1.0,0.0,1.0,1.0,1.0,,,,,2023,empate
1031289,Ó. Macías,UTC,2023-07-09 18:00:00+00:00,,Estadio Olímpico Universitario,D.F.,2023,Apertura - 2,U.N.A.M. - Pumas,Mazatlán,,,0.0,0.0,0.0,0.0,0.0,0.0,,,,,2023,empate
1031287,E. Morales,UTC,2023-07-10 01:00:00+00:00,11905.0,Estadio BBVA,Guadalupe,2023,Apertura - 2,Monterrey,Atlas,True,False,1.0,0.0,1.0,0.0,1.0,0.0,,,,,2023,local_gana
1031292,J. Camacho,UTC,2023-07-11 02:00:00+00:00,,Estadio León,León de los Aldamas,2023,Apertura - 2,Leon,Pachuca,True,False,4.0,0.0,3.0,0.0,4.0,0.0,,,,,2023,local_gana
1031293,D. Montaño,UTC,2023-07-14 01:05:00+00:00,20475.0,Estadio Corona,Torreón,2023,Apertura - 3,Santos Laguna,Atlas,,,0.0,0.0,0.0,0.0,0.0,0.0,,,,,2023,empate
1031294,J. Lopez,UTC,2023-07-14 03:00:00+00:00,1076.0,Estadio AKRON,Zapopan,2023,Apertura - 3,Guadalajara Chivas,Necaxa,True,False,2.0,0.0,1.0,0.0,2.0,0.0,,,,,2023,local_gana
1031295,B. González,UTC,2023-07-15 01:00:00+00:00,20435.0,Estadio El Encanto,Mazatlán,2023,Apertura - 3,Mazatlán,Monterrey,False,True,0.0,3.0,0.0,0.0,0.0,3.0,,,,,2023,visitante_gana
1031296,E. Morales,UTC,2023-07-15 03:10:00+00:00,1088.0,Estadio Caliente,Tijuana,2023,Apertura - 3,Club Tijuana,Cruz Azul,True,False,2.0,1.0,0.0,1.0,2.0,1.0,,,,,2023,local_gana
1031297,D. Quintero,UTC,2023-07-15 23:00:00+00:00,1795.0,Estadio Alfonso Lastras Ramírez,San Luis Potosí,2023,Apertura - 3,Atletico San Luis,Club Queretaro,True,False,4.0,1.0,2.0,1.0,4.0,1.0,,,,,2023,local_gana
1031298,V. Cáceres,UTC,2023-07-16 01:00:00+00:00,1069.0,Estadio Azteca,D.F.,2023,Apertura - 3,Club America,Puebla,True,False,3.0,0.0,2.0,0.0,3.0,0.0,,,,,2023,local_gana
1031299,I. Lopez,UTC,2023-07-16 03:05:00+00:00,,Estadio Universitario,San Nicolás de los Garza,2023,Apertura - 3,Tigres UANL,Leon,True,False,1.0,0.0,1.0,0.0,1.0,0.0,,,,,2023,local_gana
1031300,M. Terrazas,UTC,2023-07-16 18:00:00+00:00,1089.0,Estadio Nemesio Díez,Toluca de Lerdo,2023,Apertura - 3,Toluca,FC Juarez,False,True,2.0,4.0,1.0,1.0,2.0,4.0,,,,,2023,visitante_gana
1031301,Ó. Mejía,UTC,2023-07-17 02:15:00+00:00,1081.0,Estadio Hidalgo,Pachuca de Soto,2023,Apertura - 3,Pachuca,U.N.A.M. - Pumas,,,1.0,1.0,1.0,1.0,1.0,1.0,,,,,2023,empate
1031305,M. Quintero,UTC,2023-08-19 01:06:00+00:00,,Estadio León,León de los Aldamas,2023,Apertura - 4,Leon,Mazatlán,True,False,2.0,1.0,0.0,1.0,2.0,1.0,,,,,2023,local_gana
1031308,L. Santander,UTC,2023-08-19 03:00:00+00:00,,Estadio Olímpico Universitario,D.F.,2023,Apertura - 4,U.N.A.M. - Pumas,Toluca,,,1.0,1.0,1.0,1.0,1.0,1.0,,,,,2023,empate
1031302,I. Lopez,UTC,2023-08-19 03:06:00+00:00,1082.0,Estadio Cuauhtémoc,Puebla,2023,Apertura - 4,Puebla,Atletico San Luis,False,True,1.0,2.0,0.0,1.0,1.0,2.0,,,,,2023,visitante_gana
1031303,F. Hernández,UTC,2023-08-19 03:10:00+00:00,1845.0,Estadio Olímpico Benito Juárez,Ciudad Juárez,2023,Apertura - 4,FC Juarez,Guadalajara Chivas,,,1.0,1.0,0.0,1.0,1.0,1.0,,,,,2023,empate
1031309,M. Ortíz,UTC,2023-08-20 23:00:00+00:00,1069.0,Estadio Azteca,D.F.,2023,Apertura - 4,Cruz Azul,Santos Laguna,,,2.0,2.0,2.0,1.0,2.0,2.0,,,,,2023,empate
1031310,V. Arce,UTC,2023-08-21 01:06:00+00:00,20476.0,Estadio Corregidora,Santiago de Querétaro,2023,Apertura - 4,Club Queretaro,Pachuca,,,1.0,1.0,1.0,0.0,1.0,1.0,,,,,2023,empate
1031307,A. Escobedo,UTC,2023-08-21 01:10:00+00:00,1069.0,Estadio Azteca,D.F.,2023,Apertura - 4,Club America,Atlas,,,1.0,1.0,1.0,1.0,1.0,1.0,,,,,2023,empate
1031304,G. Pacheco,UTC,2023-08-21 03:10:00+00:00,20474.0,Estadio Victoria,Aguascalientes,2023,Apertura - 4,Necaxa,Tigres UANL,False,True,0.0,3.0,0.0,1.0,0.0,3.0,,,,,2023,visitante_gana
1031316,A. Escobedo,UTC,2023-08-23 01:00:00+00:00,1076.0,Estadio AKRON,Zapopan,2023,Apertura - 5,Guadalajara Chivas,Club Tijuana,True,False,1.0,0.0,0.0,0.0,1.0,0.0,,,,,2023,local_gana
1031317,L. Santander,UTC,2023-08-23 01:00:00+00:00,20435.0,Estadio El Encanto,Mazatlán,2023,Apertura - 5,Mazatlán,Puebla,True,False,1.0,0.0,0.0,0.0,1.0,0.0,,,,,2023,local_gana
1031312,I. López,UTC,2023-08-23 03:06:00+00:00,1845.0,Estadio Olímpico Benito Juárez,Ciudad Juárez,2023,Apertura - 5,FC Juarez,U.N.A.M. - Pumas,True,False,4.0,1.0,3.0,0.0,4.0,1.0,,,,,2023,local_gana
1031311,M. Ortíz,UTC,2023-08-24 01:00:00+00:00,1069.0,Estadio Azteca,D.F.,2023,Apertura - 5,Club America,Necaxa,True,False,3.0,2.0,2.0,1.0,3.0,2.0,,,,,2023,local_gana
1031314,J. Lopez,UTC,2023-08-24 01:06:00+00:00,1081.0,Estadio Hidalgo,Pachuca de Soto,2023,Apertura - 5,Pachuca,Cruz Azul,True,False,1.0,0.0,0.0,0.0,1.0,0.0,,,,,2023,local_gana
1031424,E. Morales,UTC,2023-08-24 03:00:00+00:00,1795.0,Estadio Alfonso Lastras Ramírez,San Luis Potosí,2023,Apertura - 5,Atletico San Luis,Leon,True,False,3.0,0.0,1.0,0.0,3.0,0.0,,,,,2023,local_gana
1031425,D. Montaño,UTC,2023-08-26 01:00:00+00:00,1082.0,Estadio Cuauhtémoc,Puebla,2023,Apertura - 6,Puebla,FC Juarez,True,False,1.0,0.0,1.0,0.0,1.0,0.0,,,,,2023,local_gana
1031319,F. Guerrero,UTC,2023-08-26 03:10:00+00:00,1088.0,Estadio Caliente,Tijuana,2023,Apertura - 6,Club Tijuana,Mazatlán,,,1.0,1.0,1.0,1.0,1.0,1.0,,,,,2023,empate
1031320,G. Pacheco,UTC,2023-08-26 23:00:00+00:00,1071.0,Estadio Jalisco,Guadalajara,2023,Apertura - 6,Atlas,Toluca,,,0.0,0.0,0.0,0.0,0.0,0.0,,,,,2023,empate
1031321,Ó. Macías,UTC,2023-08-27 01:00:00+00:00,1069.0,Estadio Azteca,D.F.,2023,Apertura - 6,Club America,Leon,,,1.0,1.0,0.0,0.0,1.0,1.0,,,,,2023,empate
1031322,Ó. Mejía,UTC,2023-08-27 03:05:00+00:00,20475.0,Estadio Corona,Torreón,2023,Apertura - 6,Santos Laguna,Guadalajara Chivas,True,False,2.0,1.0,0.0,0.0,2.0,1.0,,,,,2023,local_gana
1031324,F. Hernández,UTC,2023-08-28 00:05:00+00:00,,Estadio Olímpico Universitario,D.F.,2023,Apertura - 6,U.N.A.M. - Pumas,Tigres UANL,True,False,2.0,1.0,0.0,0.0,2.0,1.0,,,,,2023,local_gana
1031325,C. Ramos,UTC,2023-08-28 02:05:00+00:00,11905.0,Estadio BBVA,Guadalupe,2023,Apertura - 6,Monterrey,Cruz Azul,False,True,1.0,2.0,1.0,1.0,1.0,2.0,,,,,2023,visitante_gana
1031323,D. Quintero,UTC,2023-08-28 22:00:00+00:00,20474.0,Estadio Victoria,Aguascalientes,2023,Apertura - 6,Necaxa,Club Queretaro,False,True,0.0,1.0,0.0,0.0,0.0,1.0,,,,,2023,visitante_gana
1031326,J. Camacho,UTC,2023-08-29 03:10:00+00:00,1081.0,Estadio Hidalgo,Pachuca de Soto,2023,Apertura - 6,Pachuca,Atletico San Luis,False,True,0.0,2.0,0.0,0.0,0.0,2.0,,,,,2023,visitante_gana
1031315,D. Montaño,UTC,2023-08-31 01:00:00+00:00,1089.0,Estadio Nemesio Díez,Toluca de Lerdo,2023,Apertura - 5,Toluca,Monterrey,True,False,1.0,0.0,1.0,0.0,1.0,0.0,,,,,2023,local_gana
1031313,F. Hernández,UTC,2023-08-31 01:06:00+00:00,20476.0,Estadio Corregidora,Santiago de Querétaro,2023,Apertura - 5,Club Queretaro,Atlas,False,True,1.0,2.0,0.0,1.0,1.0,2.0,,,,,2023,visitante_gana
1031318,D. Quintero,UTC,2023-08-31 03:00:00+00:00,,Estadio Universitario,San Nicolás de los Garza,2023,Apertura - 5,Tigres UANL,Santos Laguna,True,False,3.0,2.0,1.0,1.0,3.0,2.0,,,,,2023,local_gana
1031328,A. Escobedo,UTC,2023-09-02 01:06:00+00:00,1845.0,Estadio Olímpico Benito Juárez,Ciudad Juárez,2023,Apertura - 7,FC Juarez,Mazatlán,True,False,3.0,1.0,2.0,1.0,3.0,1.0,,,,,2023,local_gana
1031329,C. Ramos,UTC,2023-09-02 03:10:00+00:00,1082.0,Estadio Cuauhtémoc,Puebla,2023,Apertura - 7,Puebla,Club Tijuana,True,False,3.0,0.0,2.0,0.0,3.0,0.0,,,,,2023,local_gana
1031331,V. Cáceres,UTC,2023-09-02 23:00:00+00:00,,Estadio León,León de los Aldamas,2023,Apertura - 7,Leon,Necaxa,,,1.0,1.0,0.0,1.0,1.0,1.0,,,,,2023,empate
1031332,F. Guerrero,UTC,2023-09-03 01:00:00+00:00,20475.0,Estadio Corona,Torreón,2023,Apertura - 7,Santos Laguna,U.N.A.M. - Pumas,True,False,2.0,1.0,2.0,1.0,2.0,1.0,,,,,2023,local_gana
1031333,I. Lopez,UTC,2023-09-03 01:05:00+00:00,,Estadio Universitario,San Nicolás de los Garza,2023,Apertura - 7,Tigres UANL,Club Queretaro,True,False,5.0,0.0,2.0,0.0,5.0,0.0,,,,,2023,local_gana
1031334,D. Quintero,UTC,2023-09-03 03:10:00+00:00,1069.0,Estadio Azteca,D.F.,2023,Apertura - 7,Cruz Azul,Club America,False,True,2.0,3.0,1.0,3.0,2.0,3.0,,,,,2023,visitante_gana
1031335,M. Ortíz,UTC,2023-09-03 18:00:00+00:00,1089.0,Estadio Nemesio Díez,Toluca de Lerdo,2023,Apertura - 7,Toluca,Pachuca,True,False,5.0,0.0,2.0,0.0,5.0,0.0,,,,,2023,local_gana
1031330,Ó. Macías,UTC,2023-09-03 23:05:00+00:00,1076.0,Estadio AKRON,Zapopan,2023,Apertura - 7,Guadalajara Chivas,Monterrey,False,True,1.0,2.0,0.0,2.0,1.0,2.0,,,,,2023,visitante_gana
1031327,L. Santander,UTC,2023-09-04 02:00:00+00:00,1795.0,Estadio Alfonso Lastras Ramírez,San Luis Potosí,2023,Apertura - 7,Atletico San Luis,Atlas,True,False,2.0,0.0,1.0,0.0,2.0,0.0,,,,,2023,local_gana
1031338,M. Ortíz,UTC,2023-09-16 01:00:00+00:00,20435.0,Estadio El Encanto,Mazatlán,2023,Apertura - 8,Mazatlán,Cruz Azul,,,2.0,2.0,2.0,0.0,2.0,2.0,,,,,2023,empate
1031339,E. Miranda,UTC,2023-09-16 03:10:00+00:00,1088.0,Estadio Caliente,Tijuana,2023,Apertura - 8,Club Tijuana,Toluca,True,False,2.0,1.0,2.0,0.0,2.0,1.0,,,,,2023,local_gana
1031340,B. González,UTC,2023-09-16 23:00:00+00:00,20474.0,Estadio Victoria,Aguascalientes,2023,Apertura - 8,Necaxa,FC Juarez,,,1.0,1.0,1.0,1.0,1.0,1.0,,,,,2023,empate
1031336,L. Santander,UTC,2023-09-17 01:00:00+00:00,11905.0,Estadio BBVA,Guadalupe,2023,Apertura - 8,Monterrey,Leon,True,False,3.0,1.0,2.0,1.0,3.0,1.0,,,,,2023,local_gana
1031337,F. Guerrero,UTC,2023-09-17 03:10:00+00:00,1069.0,Estadio Azteca,D.F.,2023,Apertura - 8,Club America,Guadalajara Chivas,True,False,4.0,0.0,2.0,0.0,4.0,0.0,,,,,2023,local_gana
1031341,C. Ramos,UTC,2023-09-17 18:00:00+00:00,,Estadio Olímpico Universitario,D.F.,2023,Apertura - 8,U.N.A.M. - Pumas,Atletico San Luis,True,False,3.0,2.0,0.0,1.0,3.0,2.0,,,,,2023,local_gana
1031342,V. Cáceres,UTC,2023-09-17 23:00:00+00:00,20476.0,Estadio Corregidora,Santiago de Querétaro,2023,Apertura - 8,Club Queretaro,Puebla,,,1.0,1.0,0.0,1.0,1.0,1.0,,,,,2023,empate
1031343,A. Escobedo,UTC,2023-09-18 01:00:00+00:00,1071.0,Estadio Jalisco,Guadalajara,2023,Apertura - 8,Atlas,Tigres UANL,True,False,2.0,0.0,2.0,0.0,2.0,0.0,,,,,2023,local_gana
1031344,F. Hernández,UTC,2023-09-19 03:00:00+00:00,1081.0,Estadio Hidalgo,Pachuca de Soto,2023,Apertura - 8,Pachuca,Santos Laguna,True,False,3.0,2.0,1.0,0.0,3.0,2.0,,,,,2023,local_gana
1031291,D. Montaño,UTC,2023-09-21 02:06:00+00:00,20476.0,Estadio Corregidora,Santiago de Querétaro,2023,Apertura - 2,Club Queretaro,Club America,False,True,1.0,2.0,1.0,0.0,1.0,2.0,,,,,2023,visitante_gana
1031346,V. Cáceres,UTC,2023-09-23 01:00:00+00:00,1845.0,Estadio Olímpico Benito Juárez,Ciudad Juárez,2023,Apertura - 9,FC Juarez,Atlas,False,True,1.0,2.0,0.0,1.0,1.0,2.0,,,,,2023,visitante_gana
1031345,F. Hernández,UTC,2023-09-23 01:00:00+00:00,1795.0,Estadio Alfonso Lastras Ramírez,San Luis Potosí,2023,Apertura - 9,Atletico San Luis,Mazatlán,True,False,3.0,2.0,2.0,0.0,3.0,2.0,,,,,2023,local_gana
1031347,G. Pacheco,UTC,2023-09-23 03:10:00+00:00,1082.0,Estadio Cuauhtémoc,Puebla,2023,Apertura - 9,Puebla,U.N.A.M. - Pumas,False,True,0.0,2.0,0.0,1.0,0.0,2.0,,,,,2023,visitante_gana
1031349,C. Ramos,UTC,2023-09-24 01:00:00+00:00,1076.0,Estadio AKRON,Zapopan,2023,Apertura - 9,Guadalajara Chivas,Pachuca,,,0.0,0.0,0.0,0.0,0.0,0.0,,,,,2023,empate
1031348,F. Guerrero,UTC,2023-09-24 01:00:00+00:00,,Estadio León,León de los Aldamas,2023,Apertura - 9,Leon,Club Tijuana,True,False,1.0,0.0,0.0,0.0,1.0,0.0,,,,,2023,local_gana
1031350,M. Ortíz,UTC,2023-09-24 03:05:00+00:00,,Estadio Universitario,San Nicolás de los Garza,2023,Apertura - 9,Tigres UANL,Monterrey,True,False,3.0,0.0,1.0,0.0,3.0,0.0,,,,,2023,local_gana
1031426,A. Escobedo,UTC,2023-09-24 18:00:00+00:00,1089.0,Estadio Nemesio Díez,Toluca de Lerdo,2023,Apertura - 9,Toluca,Club America,,,1.0,1.0,0.0,1.0,1.0,1.0,,,,,2023,empate
1031352,Ó. Mejía,UTC,2023-09-25 02:05:00+00:00,20475.0,Estadio Corona,Torreón,2023,Apertura - 9,Santos Laguna,Necaxa,False,True,2.0,5.0,0.0,1.0,2.0,5.0,,,,,2023,visitante_gana
1031351,A. Quirarte,UTC,2023-09-25 22:00:00+00:00,1069.0,Estadio Azteca,D.F.,2023,Apertura - 9,Cruz Azul,Club Queretaro,False,True,1.0,3.0,1.0,0.0,1.0,3.0,,,,,2023,visitante_gana
1031367,E. Morales,UTC,2023-09-27 01:05:00+00:00,1076.0,Estadio AKRON,Zapopan,2023,Apertura - 11,Guadalajara Chivas,Mazatlán,False,True,1.0,3.0,0.0,2.0,1.0,3.0,,,,,2023,visitante_gana
1031353,I. Lopez,UTC,2023-09-29 02:00:00+00:00,1071.0,Estadio Jalisco,Guadalajara,2023,Apertura - 10,Atlas,Puebla,False,True,2.0,3.0,1.0,2.0,2.0,3.0,,,,,2023,visitante_gana
1031354,G. Pacheco,UTC,2023-09-30 01:00:00+00:00,20476.0,Estadio Corregidora,Santiago de Querétaro,2023,Apertura - 10,Club Queretaro,Leon,,,1.0,1.0,0.0,1.0,1.0,1.0,,,,,2023,empate
1031361,A. Escobedo,UTC,2023-09-30 03:00:00+00:00,1795.0,Estadio Alfonso Lastras Ramírez,San Luis Potosí,2023,Apertura - 10,Atletico San Luis,Cruz Azul,False,True,1.0,2.0,0.0,0.0,1.0,2.0,,,,,2023,visitante_gana
1031356,F. Hernández,UTC,2023-09-30 03:10:00+00:00,1088.0,Estadio Caliente,Tijuana,2023,Apertura - 10,Club Tijuana,FC Juarez,True,False,5.0,1.0,1.0,1.0,5.0,1.0,,,,,2023,local_gana
1031357,M. Terrazas,UTC,2023-09-30 23:00:00+00:00,1081.0,Estadio Hidalgo,Pachuca de Soto,2023,Apertura - 10,Pachuca,Necaxa,,,1.0,1.0,1.0,1.0,1.0,1.0,,,,,2023,empate
1031359,V. Cáceres,UTC,2023-10-01 00:40:00+00:00,1069.0,Estadio Azteca,D.F.,2023,Apertura - 10,Club America,U.N.A.M. - Pumas,True,False,1.0,0.0,0.0,0.0,1.0,0.0,,,,,2023,local_gana
1031355,J. Lopez,UTC,2023-10-01 01:06:00+00:00,20435.0,Estadio El Encanto,Mazatlán,2023,Apertura - 10,Mazatlán,Tigres UANL,False,True,2.0,3.0,1.0,1.0,2.0,3.0,,,,,2023,visitante_gana
1031360,D. Quintero,UTC,2023-10-02 23:20:00+00:00,1089.0,Estadio Nemesio Díez,Toluca de Lerdo,2023,Apertura - 10,Toluca,Guadalajara Chivas,,,1.0,1.0,0.0,0.0,1.0,1.0,,,,,2023,empate
1031362,E. Miranda,UTC,2023-10-04 01:00:00+00:00,1082.0,Estadio Cuauhtémoc,Puebla,2023,Apertura - 11,Puebla,Monterrey,,,1.0,1.0,1.0,1.0,1.0,1.0,,,,,2023,empate
1031363,M. Ortíz,UTC,2023-10-04 03:00:00+00:00,1069.0,Estadio Azteca,D.F.,2023,Apertura - 11,Club America,Pachuca,True,False,4.0,0.0,1.0,0.0,4.0,0.0,,,,,2023,local_gana
1031364,L. Santander,UTC,2023-10-05 01:00:00+00:00,,Estadio Olímpico Universitario,D.F.,2023,Apertura - 11,U.N.A.M. - Pumas,Club Queretaro,True,False,4.0,0.0,2.0,0.0,4.0,0.0,,,,,2023,local_gana
1031365,F. Guerrero,UTC,2023-10-05 01:00:00+00:00,20474.0,Estadio Victoria,Aguascalientes,2023,Apertura - 11,Necaxa,Cruz Azul,False,True,1.0,3.0,0.0,1.0,1.0,3.0,,,,,2023,visitante_gana
1031366,C. Ramos,UTC,2023-10-05 03:00:00+00:00,,Estadio Universitario,San Nicolás de los Garza,2023,Apertura - 11,Tigres UANL,Toluca,,,2.0,2.0,1.0,1.0,2.0,2.0,,,,,2023,empate
1031368,I. Lopez,UTC,2023-10-05 03:00:00+00:00,20475.0,Estadio Corona,Torreón,2023,Apertura - 11,Santos Laguna,Club Tijuana,True,False,2.0,1.0,1.0,1.0,2.0,1.0,,,,,2023,local_gana
1031370,Ó. Mejía,UTC,2023-10-07 03:00:00+00:00,20435.0,Estadio El Encanto,Mazatlán,2023,Apertura - 12,Mazatlán,Club America,False,True,1.0,2.0,1.0,0.0,1.0,2.0,,,,,2023,visitante_gana
1031371,D. Quintero,UTC,2023-10-07 23:00:00+00:00,11905.0,Estadio BBVA,Guadalupe,2023,Apertura - 12,Monterrey,FC Juarez,True,False,3.0,1.0,2.0,0.0,3.0,1.0,,,,,2023,local_gana
1031373,A. Escobedo,UTC,2023-10-08 01:00:00+00:00,1076.0,Estadio AKRON,Zapopan,2023,Apertura - 12,Guadalajara Chivas,Atlas,True,False,4.0,1.0,1.0,1.0,4.0,1.0,,,,,2023,local_gana
1031372,I. Lopez,UTC,2023-10-08 01:00:00+00:00,1081.0,Estadio Hidalgo,Pachuca de Soto,2023,Apertura - 12,Pachuca,Tigres UANL,,,1.0,1.0,1.0,1.0,1.0,1.0,,,,,2023,empate
1031374,C. Ramos,UTC,2023-10-08 03:10:00+00:00,1069.0,Estadio Azteca,D.F.,2023,Apertura - 12,Cruz Azul,U.N.A.M. - Pumas,False,True,1.0,4.0,1.0,1.0,1.0,4.0,,,,,2023,visitante_gana
1031375,F. Hernández,UTC,2023-10-08 18:00:00+00:00,1089.0,Estadio Nemesio Díez,Toluca de Lerdo,2023,Apertura - 12,Toluca,Club Queretaro,True,False,3.0,1.0,1.0,1.0,3.0,1.0,,,,,2023,local_gana
1031376,G. Pacheco,UTC,2023-10-08 23:00:00+00:00,20474.0,Estadio Victoria,Aguascalientes,2023,Apertura - 12,Necaxa,Puebla,False,True,1.0,2.0,0.0,2.0,1.0,2.0,,,,,2023,visitante_gana
1031377,M. Ortíz,UTC,2023-10-09 01:05:00+00:00,20475.0,Estadio Corona,Torreón,2023,Apertura - 12,Santos Laguna,Leon,False,True,0.0,2.0,0.0,1.0,0.0,2.0,,,,,2023,visitante_gana
1031378,L. Santander,UTC,2023-10-09 03:00:00+00:00,1088.0,Estadio Caliente,Tijuana,2023,Apertura - 12,Club Tijuana,Atletico San Luis,True,False,2.0,1.0,1.0,0.0,2.0,1.0,,,,,2023,local_gana
1031379,M. Ortíz,UTC,2023-10-21 01:00:00+00:00,1071.0,Estadio Jalisco,Guadalajara,2023,Apertura - 13,Atlas,Mazatlán,False,True,1.0,3.0,1.0,2.0,1.0,3.0,,,,,2023,visitante_gana
1031380,F. Guerrero,UTC,2023-10-21 01:06:00+00:00,1845.0,Estadio Olímpico Benito Juárez,Ciudad Juárez,2023,Apertura - 13,FC Juarez,Pachuca,False,True,0.0,1.0,0.0,0.0,0.0,1.0,,,,,2023,visitante_gana
1031428,V. Cáceres,UTC,2023-10-21 03:10:00+00:00,1082.0,Estadio Cuauhtémoc,Puebla,2023,Apertura - 13,Puebla,Guadalajara Chivas,False,True,0.0,2.0,0.0,1.0,0.0,2.0,,,,,2023,visitante_gana
1031381,Ó. Mejía,UTC,2023-10-21 23:00:00+00:00,,Estadio León,León de los Aldamas,2023,Apertura - 13,Leon,Toluca,True,False,1.0,0.0,1.0,0.0,1.0,0.0,,,,,2023,local_gana
1031382,C. Ramos,UTC,2023-10-22 01:00:00+00:00,1069.0,Estadio Azteca,D.F.,2023,Apertura - 13,Club America,Santos Laguna,True,False,4.0,3.0,3.0,2.0,4.0,3.0,,,,,2023,local_gana
1031386,Ó. Macías,UTC,2023-10-22 01:06:00+00:00,20476.0,Estadio Corregidora,Santiago de Querétaro,2023,Apertura - 13,Club Queretaro,Club Tijuana,True,False,1.0,0.0,0.0,0.0,1.0,0.0,,,,,2023,local_gana
1031383,E. Morales,UTC,2023-10-22 03:10:00+00:00,,Estadio Universitario,San Nicolás de los Garza,2023,Apertura - 13,Tigres UANL,Cruz Azul,True,False,2.0,1.0,0.0,1.0,2.0,1.0,,,,,2023,local_gana
1031384,I. Lopez,UTC,2023-10-22 18:00:00+00:00,,Estadio Olímpico Universitario,D.F.,2023,Apertura - 13,U.N.A.M. - Pumas,Monterrey,False,True,0.0,1.0,0.0,0.0,0.0,1.0,,,,,2023,visitante_gana
1031385,F. Hernández,UTC,2023-10-23 00:00:00+00:00,1795.0,Estadio Alfonso Lastras Ramírez,San Luis Potosí,2023,Apertura - 13,Atletico San Luis,Necaxa,True,False,4.0,0.0,2.0,0.0,4.0,0.0,,,,,2023,local_gana
1031427,D. Montaño,UTC,2023-10-25 01:00:00+00:00,,Estadio León,León de los Aldamas,2023,Apertura - 11,Leon,Atlas,,,1.0,1.0,0.0,1.0,1.0,1.0,,,,,2023,empate
1031306,V. Cáceres,UTC,2023-10-26 01:00:00+00:00,11905.0,Estadio BBVA,Guadalupe,2023,Apertura - 4,Monterrey,Club Tijuana,True,False,3.0,1.0,2.0,0.0,3.0,1.0,,,,,2023,local_gana
1031369,Ó. Mejía,UTC,2023-10-26 03:06:00+00:00,1845.0,Estadio Olímpico Benito Juárez,Ciudad Juárez,2023,Apertura - 11,FC Juarez,Atletico San Luis,True,False,3.0,2.0,2.0,0.0,3.0,2.0,,,,,2023,local_gana
1031387,A. Quirarte,UTC,2023-10-28 01:00:00+00:00,20474.0,Estadio Victoria,Aguascalientes,2023,Apertura - 14,Necaxa,U.N.A.M. - Pumas,True,False,1.0,0.0,0.0,0.0,1.0,0.0,,,,,2023,local_gana
1031388,L. Santander,UTC,2023-10-28 03:00:00+00:00,20435.0,Estadio El Encanto,Mazatlán,2023,Apertura - 14,Mazatlán,Club Queretaro,True,False,3.0,0.0,0.0,0.0,3.0,0.0,,,,,2023,local_gana
1031389,B. González,UTC,2023-10-29 00:00:00+00:00,1069.0,Estadio Azteca,D.F.,2023,Apertura - 14,Cruz Azul,Leon,True,False,1.0,0.0,1.0,0.0,1.0,0.0,,,,,2023,local_gana
1031391,F. Hernández,UTC,2023-10-29 01:05:00+00:00,1071.0,Estadio Jalisco,Guadalajara,2023,Apertura - 14,Guadalajara Chivas,Tigres UANL,False,True,0.0,4.0,0.0,1.0,0.0,4.0,,,,,2023,visitante_gana
1031390,J. Camacho,UTC,2023-10-29 01:05:00+00:00,1081.0,Estadio Hidalgo,Pachuca de Soto,2023,Apertura - 14,Pachuca,Puebla,,,1.0,1.0,1.0,1.0,1.0,1.0,,,,,2023,empate
1031392,A. Escobedo,UTC,2023-10-29 03:10:00+00:00,11905.0,Estadio BBVA,Guadalupe,2023,Apertura - 14,Monterrey,Club America,False,True,0.0,3.0,0.0,3.0,0.0,3.0,,,,,2023,visitante_gana
1031393,C. Ramos,UTC,2023-10-29 18:00:00+00:00,1089.0,Estadio Nemesio Díez,Toluca de Lerdo,2023,Apertura - 14,Toluca,Atletico San Luis,True,False,3.0,1.0,1.0,0.0,3.0,1.0,,,,,2023,local_gana
1031394,D. Montaño,UTC,2023-10-30 01:05:00+00:00,20475.0,Estadio Corona,Torreón,2023,Apertura - 14,Santos Laguna,FC Juarez,True,False,5.0,1.0,2.0,1.0,5.0,1.0,,,,,2023,local_gana
1031395,D. Quintero,UTC,2023-10-30 03:00:00+00:00,1088.0,Estadio Caliente,Tijuana,2023,Apertura - 14,Club Tijuana,Atlas,True,False,2.0,0.0,1.0,0.0,2.0,0.0,,,,,2023,local_gana
1031429,Ó. Macías,UTC,2023-11-01 01:00:00+00:00,1089.0,Estadio Nemesio Díez,Toluca de Lerdo,2023,Apertura - 15,Toluca,Puebla,False,True,0.0,1.0,0.0,0.0,0.0,1.0,,,,,2023,visitante_gana
1031396,C. Ramos,UTC,2023-11-01 01:00:00+00:00,20476.0,Estadio Corregidora,Santiago de Querétaro,2023,Apertura - 15,Club Queretaro,Guadalajara Chivas,False,True,1.0,2.0,0.0,2.0,1.0,2.0,,,,,2023,visitante_gana
1031397,A. Escobedo,UTC,2023-11-01 03:00:00+00:00,,Estadio León,León de los Aldamas,2023,Apertura - 15,Leon,U.N.A.M. - Pumas,,,1.0,1.0,0.0,1.0,1.0,1.0,,,,,2023,empate
1031398,Ó. Mejía,UTC,2023-11-01 03:05:00+00:00,11905.0,Estadio BBVA,Guadalupe,2023,Apertura - 15,Monterrey,Necaxa,True,False,3.0,0.0,1.0,0.0,3.0,0.0,,,,,2023,local_gana
1031399,L. Santander,UTC,2023-11-02 01:00:00+00:00,1071.0,Estadio Jalisco,Guadalajara,2023,Apertura - 15,Atlas,Pachuca,False,True,0.0,2.0,0.0,1.0,0.0,2.0,,,,,2023,visitante_gana
1031400,D. Quintero,UTC,2023-11-02 01:00:00+00:00,1069.0,Estadio Azteca,D.F.,2023,Apertura - 15,Cruz Azul,FC Juarez,True,False,2.0,0.0,1.0,0.0,2.0,0.0,,,,,2023,local_gana
1031402,F. Guerrero,UTC,2023-11-02 03:00:00+00:00,1795.0,Estadio Alfonso Lastras Ramírez,San Luis Potosí,2023,Apertura - 15,Atletico San Luis,Club America,False,True,0.0,1.0,0.0,1.0,0.0,1.0,,,,,2023,visitante_gana
1031401,F. Hernández,UTC,2023-11-02 03:00:00+00:00,20435.0,Estadio El Encanto,Mazatlán,2023,Apertura - 15,Mazatlán,Santos Laguna,True,False,3.0,1.0,2.0,1.0,3.0,1.0,,,,,2023,local_gana
1031403,M. Ortíz,UTC,2023-11-02 03:06:00+00:00,1088.0,Estadio Caliente,Tijuana,2023,Apertura - 15,Club Tijuana,Tigres UANL,True,False,2.0,0.0,2.0,0.0,2.0,0.0,,,,,2023,local_gana
1031404,E. Morales,UTC,2023-11-04 03:00:00+00:00,1082.0,Estadio Cuauhtémoc,Puebla,2023,Apertura - 16,Puebla,Leon,True,False,5.0,4.0,1.0,3.0,5.0,4.0,,,,,2023,local_gana
1031405,L. Santander,UTC,2023-11-04 22:55:00+00:00,,Estadio Universitario,San Nicolás de los Garza,2023,Apertura - 16,Tigres UANL,Atletico San Luis,,,2.0,2.0,0.0,0.0,2.0,2.0,,,,,2023,empate
1031406,Ó. Mejía,UTC,2023-11-05 01:00:00+00:00,1069.0,Estadio Azteca,D.F.,2023,Apertura - 16,Club America,Club Tijuana,True,False,3.0,0.0,0.0,0.0,3.0,0.0,,,,,2023,local_gana
1031407,A. Escobedo,UTC,2023-11-05 03:05:00+00:00,1076.0,Estadio AKRON,Zapopan,2023,Apertura - 16,Guadalajara Chivas,Cruz Azul,True,False,1.0,0.0,0.0,0.0,1.0,0.0,,,,,2023,local_gana
1031408,D. Quintero,UTC,2023-11-05 03:05:00+00:00,1081.0,Estadio Hidalgo,Pachuca de Soto,2023,Apertura - 16,Pachuca,Monterrey,False,True,0.0,2.0,0.0,2.0,0.0,2.0,,,,,2023,visitante_gana
1031409,F. Guerrero,UTC,2023-11-05 18:00:00+00:00,,Estadio Olímpico Universitario,D.F.,2023,Apertura - 16,U.N.A.M. - Pumas,Atlas,True,False,3.0,0.0,1.0,0.0,3.0,0.0,,,,,2023,local_gana
1031410,C. Ramos,UTC,2023-11-05 22:00:00+00:00,20474.0,Estadio Victoria,Aguascalientes,2023,Apertura - 16,Necaxa,Mazatlán,True,False,4.0,0.0,2.0,0.0,4.0,0.0,,,,,2023,local_gana
1031411,V. Cáceres,UTC,2023-11-06 00:05:00+00:00,20475.0,Estadio Corona,Torreón,2023,Apertura - 16,Santos Laguna,Toluca,True,False,3.0,1.0,1.0,0.0,3.0,1.0,,,,,2023,local_gana
1031412,M. Ortíz,UTC,2023-11-06 02:06:00+00:00,1845.0,Estadio Olímpico Benito Juárez,Ciudad Juárez,2023,Apertura - 16,FC Juarez,Club Queretaro,False,True,0.0,3.0,0.0,1.0,0.0,3.0,,,,,2023,visitante_gana
1031358,F. Guerrero,UTC,2023-11-09 02:00:00+00:00,11905.0,Estadio BBVA,Guadalupe,2023,Apertura - 10,Monterrey,Santos Laguna,True,False,3.0,0.0,1.0,0.0,3.0,0.0,,,,,2023,local_gana
1031413,G. Pacheco,UTC,2023-11-11 01:00:00+00:00,1071.0,Estadio Jalisco,Guadalajara,2023,Apertura - 17,Atlas,Necaxa,,,0.0,0.0,0.0,0.0,0.0,0.0,,,,,2023,empate
1031414,A. Escobedo,UTC,2023-11-11 01:06:00+00:00,20435.0,Estadio El Encanto,Mazatlán,2023,Apertura - 17,Mazatlán,Toluca,True,False,1.0,0.0,0.0,0.0,1.0,0.0,,,,,2023,local_gana
1031415,F. Hernández,UTC,2023-11-11 03:10:00+00:00,1088.0,Estadio Caliente,Tijuana,2023,Apertura - 17,Club Tijuana,Pachuca,False,True,2.0,3.0,1.0,0.0,2.0,3.0,,,,,2023,visitante_gana
1031416,V. Cáceres,UTC,2023-11-11 23:00:00+00:00,20476.0,Estadio Corregidora,Santiago de Querétaro,2023,Apertura - 17,Club Queretaro,Monterrey,,,0.0,0.0,0.0,0.0,0.0,0.0,,,,,2023,empate
1031417,M. Ortíz,UTC,2023-11-11 23:00:00+00:00,1795.0,Estadio Alfonso Lastras Ramírez,San Luis Potosí,2023,Apertura - 17,Atletico San Luis,Santos Laguna,False,True,0.0,2.0,0.0,2.0,0.0,2.0,,,,,2023,visitante_gana
1031418,Ó. Mejía,UTC,2023-11-12 01:00:00+00:00,,Estadio Olímpico Universitario,D.F.,2023,Apertura - 17,U.N.A.M. - Pumas,Guadalajara Chivas,True,False,1.0,0.0,1.0,0.0,1.0,0.0,,,,,2023,local_gana
1031419,D. Montaño,UTC,2023-11-12 03:10:00+00:00,,Estadio Universitario,San Nicolás de los Garza,2023,Apertura - 17,Tigres UANL,Club America,,,0.0,0.0,0.0,0.0,0.0,0.0,,,,,2023,empate
1031420,L. Santander,UTC,2023-11-13 00:00:00+00:00,1069.0,Estadio Azteca,D.F.,2023,Apertura - 17,Cruz Azul,Puebla,False,True,1.0,2.0,1.0,1.0,1.0,2.0,,,,,2023,visitante_gana
1031421,I. Lopez,UTC,2023-11-13 02:05:00+00:00,,Estadio León,León de los Aldamas,2023,Apertura - 17,Leon,FC Juarez,True,False,2.0,1.0,2.0,1.0,2.0,1.0,,,,,2023,local_gana
1142059,A. Escobedo,UTC,2023-11-24 01:00:00+00:00,1795.0,Estadio Alfonso Lastras Ramírez,San Luis Potosí,2023,Apertura - Reclasificación,Atletico San Luis,Leon,True,False,3.0,2.0,2.0,1.0,3.0,2.0,,,,,2023,local_gana
1142060,F. Guerrero,UTC,2023-11-24 03:10:00+00:00,20475.0,Estadio Corona,Torreón,2023,Apertura - Reclasificación,Santos Laguna,Mazatlán,True,False,2.0,1.0,1.0,0.0,2.0,1.0,,,,,2023,local_gana
1144268,C. Ramos,UTC,2023-11-27 02:06:00+00:00,,Estadio León,León de los Aldamas,2023,Apertura - Play-offs,Leon,Santos Laguna,True,False,3.0,2.0,2.0,0.0,3.0,2.0,,,,,2023,local_gana
1144265,M. Ortíz,UTC,2023-11-30 01:06:00+00:00,,Estadio León,León de los Aldamas,2023,Apertura - Quarter-finals,León,Club America,,,2.0,2.0,2.0,1.0,2.0,2.0,,,,,2023,empate
1144266,D. Quintero,UTC,2023-11-30 03:10:00+00:00,1795.0,Estadio Alfonso Lastras Ramírez,San Luis Potosí,2023,Apertura - Quarter-finals,Atletico San Luis,Monterrey,True,False,1.0,0.0,1.0,0.0,1.0,0.0,,,,,2023,local_gana
1142057,Ó. Mejía,UTC,2023-12-01 01:10:00+00:00,1082.0,Estadio Cuauhtémoc,Puebla,2023,Apertura - Quarter-finals,Puebla,Tigres UANL,,,2.0,2.0,1.0,1.0,2.0,2.0,,,,,2023,empate
1142042,F. Hernández,UTC,2023-12-01 03:05:00+00:00,1076.0,Estadio AKRON,Zapopan,2023,Apertura - Quarter-finals,Guadalajara Chivas,U.N.A.M. - Pumas,True,False,1.0,0.0,1.0,0.0,1.0,0.0,,,,,2023,local_gana
1144390,F. Guerrero,UTC,2023-12-03 01:00:00+00:00,1069.0,Estadio Azteca,D.F.,2023,Apertura - Quarter-finals,Club America,Leon,True,False,2.0,0.0,0.0,0.0,2.0,0.0,,,,,2023,local_gana
1144267,V. Cáceres,UTC,2023-12-03 03:10:00+00:00,11905.0,Estadio BBVA,Guadalupe,2023,Apertura - Quarter-finals,Monterrey,Atletico San Luis,,,1.0,1.0,1.0,0.0,1.0,1.0,,,,,2023,empate
1142043,C. Ramos,UTC,2023-12-04 00:00:00+00:00,,Estadio Olímpico Universitario,D.F.,2023,Apertura - Quarter-finals,U.N.A.M. - Pumas,Guadalajara Chivas,True,False,3.0,0.0,2.0,0.0,3.0,0.0,,,,,2023,local_gana
1142058,A. Escobedo,UTC,2023-12-04 02:10:00+00:00,,Estadio Universitario,San Nicolás de los Garza,2023,Apertura - Quarter-finals,Tigres UANL,Puebla,True,False,3.0,0.0,2.0,0.0,3.0,0.0,,,,,2023,local_gana
1145600,A. Escobedo,UTC,2023-12-07 03:00:00+00:00,1795.0,Estadio Alfonso Lastras Ramírez,San Luis Potosí,2023,Apertura - Semi-finals,Atletico San Luis,Club America,False,True,0.0,5.0,0.0,2.0,0.0,5.0,,,,,2023,visitante_gana
1145602,M. Ortíz,UTC,2023-12-08 03:00:00+00:00,,Estadio Olímpico Universitario,D.F.,2023,Apertura - Semi-finals,U.N.A.M. - Pumas,Tigres UANL,False,True,0.0,1.0,0.0,0.0,0.0,1.0,,,,,2023,visitante_gana
1145601,C. Ramos,UTC,2023-12-10 02:00:00+00:00,1069.0,Estadio Azteca,D.F.,2023,Apertura - Semi-finals,Club America,Atletico San Luis,False,True,0.0,2.0,0.0,0.0,0.0,2.0,,,,,2023,visitante_gana
1145603,F. Guerrero,UTC,2023-12-11 02:00:00+00:00,,Estadio Universitario,San Nicolás de los Garza,2023,Apertura - Semi-finals,Tigres UANL,U.N.A.M. - Pumas,,,1.0,1.0,1.0,1.0,1.0,1.0,,,,,2023,empate
1147013,M. Ortíz,UTC,2023-12-15 03:00:00+00:00,,Estadio Universitario,San Nicolás de los Garza,2023,Apertura - Final,Tigres UANL,Club America,,,1.0,1.0,0.0,0.0,1.0,1.0,,,,,2023,empate
1147014,A. Escobedo,UTC,2023-12-18 01:30:00+00:00,1069.0,Estadio Azteca,D.F.,2023,Apertura - Final,Club America,Tigres UANL,True,False,3.0,0.0,0.0,0.0,0.0,0.0,3.0,0.0,,,2023,local_gana
1150211,A. Quirarte,UTC,2024-01-13 01:00:00+00:00,20476.0,Estadio Corregidora,Santiago de Querétaro,2023,Clausura - 1,Club Queretaro,Toluca,,,2.0,2.0,1.0,0.0,2.0,2.0,,,,,2024,empate
1150212,M. Quintero,UTC,2024-01-13 03:00:00+00:00,20435.0,Estadio El Encanto,Mazatlán,2023,Clausura - 1,Mazatlán,Atletico San Luis,False,True,0.0,1.0,0.0,0.0,0.0,1.0,,,,,2024,visitante_gana
1150213,I. López,UTC,2024-01-14 01:00:00+00:00,11624.0,Estadio Ciudad de los Deportes,D.F.,2023,Clausura - 1,Cruz Azul,Pachuca,False,True,0.0,1.0,0.0,0.0,0.0,1.0,,,,,2024,visitante_gana
1150214,J. Camacho,UTC,2024-01-14 01:05:00+00:00,1076.0,Estadio AKRON,Zapopan,2023,Clausura - 1,Guadalajara Chivas,Santos Laguna,,,1.0,1.0,0.0,0.0,1.0,1.0,,,,,2024,empate
1150216,E. Morales,UTC,2024-01-14 03:00:00+00:00,1088.0,Estadio Caliente,Tijuana,2023,Clausura - 1,Club Tijuana,Club America,False,True,0.0,2.0,0.0,0.0,0.0,2.0,,,,,2024,visitante_gana
1150215,G. Pacheco,UTC,2024-01-14 03:00:00+00:00,11905.0,Estadio BBVA,Guadalupe,2023,Clausura - 1,Monterrey,Puebla,True,False,2.0,0.0,0.0,0.0,2.0,0.0,,,,,2024,local_gana
1150217,M. Terrazas,UTC,2024-01-14 18:00:00+00:00,,Estadio Olímpico Universitario,D.F.,2023,Clausura - 1,U.N.A.M. - Pumas,FC Juarez,True,False,1.0,0.0,0.0,0.0,1.0,0.0,,,,,2024,local_gana
1150218,I. Lopez,UTC,2024-01-15 00:00:00+00:00,20474.0,Estadio Victoria,Aguascalientes,2023,Clausura - 1,Necaxa,Atlas,True,False,2.0,1.0,0.0,1.0,2.0,1.0,,,,,2024,local_gana
1150219,J. Lopez,UTC,2024-01-18 01:00:00+00:00,,Estadio León,León de los Aldamas,2023,Clausura - 1,Leon,Tigres UANL,False,True,1.0,2.0,0.0,0.0,1.0,2.0,,,,,2024,visitante_gana
1150220,V. Arce,UTC,2024-01-20 01:00:00+00:00,1082.0,Estadio Cuauhtémoc,Puebla,2023,Clausura - 2,Puebla,Necaxa,False,True,1.0,2.0,0.0,0.0,1.0,2.0,,,,,2024,visitante_gana
1150221,I. López,UTC,2024-01-20 03:00:00+00:00,1795.0,Estadio Alfonso Lastras Ramírez,San Luis Potosí,2023,Clausura - 2,Atletico San Luis,U.N.A.M. - Pumas,True,False,3.0,1.0,1.0,0.0,3.0,1.0,,,,,2024,local_gana
1150222,E. Miranda,UTC,2024-01-20 03:10:00+00:00,1845.0,Estadio Olímpico Benito Juárez,Ciudad Juárez,2023,Clausura - 2,FC Juarez,Cruz Azul,,,0.0,0.0,0.0,0.0,0.0,0.0,,,,,2024,empate
1150223,J. Camacho,UTC,2024-01-20 23:00:00+00:00,1089.0,Estadio Nemesio Díez,Toluca de Lerdo,2023,Clausura - 2,Toluca,Mazatlán,True,False,4.0,1.0,1.0,1.0,4.0,1.0,,,,,2024,local_gana
1150224,M. Quintero,UTC,2024-01-21 01:05:00+00:00,1069.0,Estadio Azteca,D.F.,2023,Clausura - 2,Club America,Club Queretaro,True,False,2.0,0.0,0.0,0.0,2.0,0.0,,,,,2024,local_gana
1150225,Ó. Macías,UTC,2024-01-21 03:10:00+00:00,1071.0,Estadio Jalisco,Guadalajara,2023,Clausura - 2,Atlas,Club Tijuana,,,0.0,0.0,0.0,0.0,0.0,0.0,,,,,2024,empate
1150227,G. Pacheco,UTC,2024-01-22 00:00:00+00:00,,Estadio Universitario,San Nicolás de los Garza,2023,Clausura - 2,Tigres UANL,Guadalajara Chivas,True,False,1.0,0.0,0.0,0.0,1.0,0.0,,,,,2024,local_gana
1150228,E. Morales,UTC,2024-01-22 02:05:00+00:00,20475.0,Estadio Corona,Torreón,2023,Clausura - 2,Santos Laguna,Monterrey,False,True,0.0,2.0,0.0,1.0,0.0,2.0,,,,,2024,visitante_gana
1150239,M. Ortíz,UTC,2024-01-25 01:00:00+00:00,11905.0,Estadio BBVA,Guadalupe,2023,Clausura - 4,Monterrey,Club Queretaro,,,1.0,1.0,1.0,0.0,1.0,1.0,,,,,2024,empate
1150238,V. Cáceres,UTC,2024-01-25 01:00:00+00:00,1795.0,Estadio Alfonso Lastras Ramírez,San Luis Potosí,2023,Clausura - 4,Atletico San Luis,Tigres UANL,False,True,1.0,2.0,1.0,0.0,1.0,2.0,,,,,2024,visitante_gana
1150240,L. Santander,UTC,2024-01-25 03:06:00+00:00,1845.0,Estadio Olímpico Benito Juárez,Ciudad Juárez,2023,Clausura - 4,FC Juarez,Club America,False,True,0.0,2.0,0.0,1.0,0.0,2.0,,,,,2024,visitante_gana
1150229,I. López,UTC,2024-01-27 01:00:00+00:00,1082.0,Estadio Cuauhtémoc,Puebla,2023,Clausura - 3,Puebla,Toluca,,,1.0,1.0,1.0,1.0,1.0,1.0,,,,,2024,empate
1150230,B. González,UTC,2024-01-27 03:00:00+00:00,1088.0,Estadio Caliente,Tijuana,2023,Clausura - 3,Club Tijuana,Guadalajara Chivas,,,1.0,1.0,1.0,0.0,1.0,1.0,,,,,2024,empate
1150232,D. Quintero,UTC,2024-01-27 23:00:00+00:00,,Estadio León,León de los Aldamas,2023,Clausura - 3,Leon,Santos Laguna,True,False,3.0,2.0,0.0,1.0,3.0,2.0,,,,,2024,local_gana
1150231,L. Santander,UTC,2024-01-27 23:00:00+00:00,11624.0,Estadio Ciudad de los Deportes,D.F.,2023,Clausura - 3,Cruz Azul,Mazatlán,True,False,2.0,1.0,2.0,1.0,2.0,1.0,,,,,2024,local_gana
1150233,J. Lopez,UTC,2024-01-28 01:00:00+00:00,11905.0,Estadio BBVA,Guadalupe,2023,Clausura - 3,Monterrey,Atletico San Luis,True,False,3.0,1.0,2.0,1.0,3.0,1.0,,,,,2024,local_gana
1150234,D. Montaño,UTC,2024-01-28 03:05:00+00:00,20474.0,Estadio Victoria,Aguascalientes,2023,Clausura - 3,Necaxa,Club America,,,0.0,0.0,0.0,0.0,0.0,0.0,,,,,2024,empate
1150236,M. Quintero,UTC,2024-01-28 23:15:00+00:00,,Estadio Olímpico Universitario,D.F.,2023,Clausura - 3,U.N.A.M. - Pumas,Pachuca,True,False,3.0,1.0,2.0,1.0,3.0,1.0,,,,,2024,local_gana
1150235,F. Hernández,UTC,2024-01-29 01:00:00+00:00,1071.0,Estadio Jalisco,Guadalajara,2023,Clausura - 3,Atlas,FC Juarez,True,False,2.0,1.0,2.0,0.0,2.0,1.0,,,,,2024,local_gana
1150237,I. Lopez,UTC,2024-01-29 03:00:00+00:00,20476.0,Estadio Corregidora,Santiago de Querétaro,2023,Clausura - 3,Club Queretaro,Tigres UANL,,,1.0,1.0,1.0,0.0,1.0,1.0,,,,,2024,empate
1150241,J. Lopez,UTC,2024-01-31 01:00:00+00:00,11624.0,Estadio Ciudad de los Deportes,D.F.,2023,Clausura - 4,Cruz Azul,Club Tijuana,True,False,1.0,0.0,0.0,0.0,1.0,0.0,,,,,2024,local_gana
1150242,E. Morales,UTC,2024-01-31 01:00:00+00:00,20435.0,Estadio El Encanto,Mazatlán,2023,Clausura - 4,Mazatlán,Leon,,,2.0,2.0,2.0,1.0,2.0,2.0,,,,,2024,empate
1150245,B. González,UTC,2024-01-31 03:00:00+00:00,20475.0,Estadio Corona,Torreón,2023,Clausura - 4,Santos Laguna,Puebla,True,False,3.0,0.0,0.0,0.0,3.0,0.0,,,,,2024,local_gana
1150243,F. Hernández,UTC,2024-01-31 03:05:00+00:00,1076.0,Estadio AKRON,Zapopan,2023,Clausura - 4,Guadalajara Chivas,Toluca,True,False,3.0,2.0,2.0,2.0,3.0,2.0,,,,,2024,local_gana
1150244,D. Quintero,UTC,2024-02-01 01:00:00+00:00,1081.0,Estadio Hidalgo,Pachuca de Soto,2023,Clausura - 4,Pachuca,Atlas,True,False,4.0,3.0,3.0,2.0,4.0,3.0,,,,,2024,local_gana
1150246,C. Ramos,UTC,2024-02-01 03:00:00+00:00,,Estadio Olímpico Universitario,D.F.,2023,Clausura - 4,U.N.A.M. - Pumas,Necaxa,,,2.0,2.0,1.0,0.0,2.0,2.0,,,,,2024,empate
1150247,J. Camacho,UTC,2024-02-03 01:00:00+00:00,20476.0,Estadio Corregidora,Santiago de Querétaro,2023,Clausura - 5,Club Queretaro,Cruz Azul,False,True,1.0,3.0,1.0,3.0,1.0,3.0,,,,,2024,visitante_gana
1150248,F. Guerrero,UTC,2024-02-03 03:00:00+00:00,1082.0,Estadio Cuauhtémoc,Puebla,2023,Clausura - 5,Puebla,Mazatlán,True,False,3.0,2.0,1.0,1.0,3.0,2.0,,,,,2024,local_gana
1150249,I. Lopez,UTC,2024-02-03 23:00:00+00:00,1089.0,Estadio Nemesio Díez,Toluca de Lerdo,2023,Clausura - 5,Toluca,Leon,True,False,4.0,1.0,3.0,0.0,4.0,1.0,,,,,2024,local_gana
1150252,F. Hernández,UTC,2024-02-04 01:05:00+00:00,,Estadio Universitario,San Nicolás de los Garza,2023,Clausura - 5,Tigres UANL,U.N.A.M. - Pumas,,,2.0,2.0,1.0,0.0,2.0,2.0,,,,,2024,empate
1150251,G. Pacheco,UTC,2024-02-04 01:10:00+00:00,1081.0,Estadio Hidalgo,Pachuca de Soto,2023,Clausura - 5,Pachuca,Club Tijuana,True,False,3.0,2.0,2.0,1.0,3.0,2.0,,,,,2024,local_gana
1150253,C. Ramos,UTC,2024-02-04 03:10:00+00:00,1069.0,Estadio Azteca,D.F.,2023,Clausura - 5,Club America,Monterrey,,,1.0,1.0,1.0,1.0,1.0,1.0,,,,,2024,empate
1150250,M. Ortíz,UTC,2024-02-04 23:06:00+00:00,1845.0,Estadio Olímpico Benito Juárez,Ciudad Juárez,2023,Clausura - 5,FC Juarez,Necaxa,,,2.0,2.0,1.0,1.0,2.0,2.0,,,,,2024,empate
1150254,M. Terrazas,UTC,2024-02-05 00:00:00+00:00,1071.0,Estadio Jalisco,Guadalajara,2023,Clausura - 5,Atlas,Santos Laguna,True,False,3.0,0.0,2.0,0.0,3.0,0.0,,,,,2024,local_gana
1150255,Ó. Mejía,UTC,2024-02-05 01:00:00+00:00,1795.0,Estadio Alfonso Lastras Ramírez,San Luis Potosí,2023,Clausura - 5,Atletico San Luis,Guadalajara Chivas,False,True,0.0,2.0,0.0,1.0,0.0,2.0,,,,,2024,visitante_gana
1150226,A. Quirarte,UTC,2024-02-08 03:10:00+00:00,1081.0,Estadio Hidalgo,Pachuca de Soto,2023,Clausura - 2,Pachuca,Leon,True,False,3.0,2.0,1.0,2.0,3.0,2.0,,,,,2024,local_gana
1150256,V. Cáceres,UTC,2024-02-10 01:00:00+00:00,20435.0,Estadio El Encanto,Mazatlán,2023,Clausura - 6,Mazatlán,Atlas,True,False,2.0,0.0,0.0,0.0,2.0,0.0,,,,,2024,local_gana
1150257,A. Escobedo,UTC,2024-02-10 03:10:00+00:00,1088.0,Estadio Caliente,Tijuana,2023,Clausura - 6,Club Tijuana,Club Queretaro,,,1.0,1.0,1.0,1.0,1.0,1.0,,,,,2024,empate
1150258,D. Quintero,UTC,2024-02-10 23:00:00+00:00,20474.0,Estadio Victoria,Aguascalientes,2023,Clausura - 6,Necaxa,Toluca,,,3.0,3.0,2.0,1.0,3.0,3.0,,,,,2024,empate
1150259,V. Arce,UTC,2024-02-10 23:05:00+00:00,1076.0,Estadio AKRON,Zapopan,2023,Clausura - 6,Guadalajara Chivas,FC Juarez,True,False,2.0,1.0,1.0,0.0,2.0,1.0,,,,,2024,local_gana
1150261,M. Ortíz,UTC,2024-02-11 01:00:00+00:00,,Estadio León,León de los Aldamas,2023,Clausura - 6,Leon,Club America,False,True,0.0,1.0,0.0,0.0,0.0,1.0,,,,,2024,visitante_gana
1150260,F. Guerrero,UTC,2024-02-11 01:05:00+00:00,11624.0,Estadio Ciudad de los Deportes,D.F.,2023,Clausura - 6,Cruz Azul,Atletico San Luis,True,False,3.0,0.0,1.0,0.0,3.0,0.0,,,,,2024,local_gana
1150262,F. Hernández,UTC,2024-02-11 03:10:00+00:00,11905.0,Estadio BBVA,Guadalupe,2023,Clausura - 6,Monterrey,Pachuca,True,False,3.0,2.0,2.0,0.0,3.0,2.0,,,,,2024,local_gana
1150263,Ó. Mejía,UTC,2024-02-11 03:10:00+00:00,20475.0,Estadio Corona,Torreón,2023,Clausura - 6,Santos Laguna,Tigres UANL,False,True,0.0,3.0,0.0,2.0,0.0,3.0,,,,,2024,visitante_gana
1150264,G. Pacheco,UTC,2024-02-11 18:00:00+00:00,,Estadio Olímpico Universitario,D.F.,2023,Clausura - 6,U.N.A.M. - Pumas,Puebla,True,False,3.0,0.0,0.0,0.0,3.0,0.0,,,,,2024,local_gana
1150283,J. Lopez,UTC,2024-02-15 03:00:00+00:00,1071.0,Estadio Jalisco,Guadalajara,2023,Clausura - 9,Atlas,U.N.A.M. - Pumas,,,0.0,0.0,0.0,0.0,0.0,0.0,,,,,2024,empate
1150265,F. Hernández,UTC,2024-02-17 01:00:00+00:00,20476.0,Estadio Corregidora,Santiago de Querétaro,2023,Clausura - 7,Club Queretaro,Necaxa,,,1.0,1.0,1.0,0.0,1.0,1.0,,,,,2024,empate
1150266,A. Escobedo,UTC,2024-02-17 03:00:00+00:00,20435.0,Estadio El Encanto,Mazatlán,2023,Clausura - 7,Mazatlán,Guadalajara Chivas,,,2.0,2.0,0.0,1.0,2.0,2.0,,,,,2024,empate
1150268,D. Quintero,UTC,2024-02-17 23:00:00+00:00,1795.0,Estadio Alfonso Lastras Ramírez,San Luis Potosí,2023,Clausura - 7,Atletico San Luis,Club Tijuana,,,3.0,3.0,1.0,2.0,3.0,3.0,,,,,2024,empate
1150269,V. Cáceres,UTC,2024-02-18 01:00:00+00:00,1081.0,Estadio Hidalgo,Pachuca de Soto,2023,Clausura - 7,Pachuca,Club America,True,False,2.0,1.0,0.0,0.0,2.0,1.0,,,,,2024,local_gana
1150270,M. Ortíz,UTC,2024-02-18 03:05:00+00:00,11624.0,Estadio Ciudad de los Deportes,D.F.,2023,Clausura - 7,Cruz Azul,Tigres UANL,True,False,1.0,0.0,0.0,0.0,1.0,0.0,,,,,2024,local_gana
1150271,Ó. Mejía,UTC,2024-02-18 22:00:00+00:00,1071.0,Estadio Jalisco,Guadalajara,2023,Clausura - 7,Atlas,Leon,False,True,0.0,1.0,0.0,0.0,0.0,1.0,,,,,2024,visitante_gana
1150272,I. Lopez,UTC,2024-02-19 00:05:00+00:00,,Estadio Olímpico Universitario,D.F.,2023,Clausura - 7,U.N.A.M. - Pumas,Santos Laguna,True,False,3.0,0.0,2.0,0.0,3.0,0.0,,,,,2024,local_gana
1150273,L. Santander,UTC,2024-02-19 02:10:00+00:00,11905.0,Estadio BBVA,Guadalupe,2023,Clausura - 7,Monterrey,Toluca,,,0.0,0.0,0.0,0.0,0.0,0.0,,,,,2024,empate
1150284,M. Quintero,UTC,2024-02-21 01:00:00+00:00,1082.0,Estadio Cuauhtémoc,Puebla,2023,Clausura - 9,Puebla,Pachuca,False,True,1.0,4.0,1.0,1.0,1.0,4.0,,,,,2024,visitante_gana
1150285,B. González,UTC,2024-02-21 03:00:00+00:00,20474.0,Estadio Victoria,Aguascalientes,2023,Clausura - 9,Necaxa,Guadalajara Chivas,True,False,1.0,0.0,1.0,0.0,1.0,0.0,,,,,2024,local_gana
1150286,A. Quirarte,UTC,2024-02-22 01:00:00+00:00,1089.0,Estadio Nemesio Díez,Toluca de Lerdo,2023,Clausura - 9,Toluca,Santos Laguna,True,False,1.0,0.0,0.0,0.0,1.0,0.0,,,,,2024,local_gana
1150288,I. Lopez,UTC,2024-02-22 03:00:00+00:00,1069.0,Estadio Azteca,D.F.,2023,Clausura - 9,Club America,Mazatlán,,,2.0,2.0,0.0,1.0,2.0,2.0,,,,,2024,empate
1150287,D. Montaño,UTC,2024-02-22 03:00:00+00:00,,Estadio León,León de los Aldamas,2023,Clausura - 9,Leon,Cruz Azul,False,True,2.0,3.0,0.0,2.0,2.0,3.0,,,,,2024,visitante_gana
1150274,J. Lopez,UTC,2024-02-24 01:00:00+00:00,1082.0,Estadio Cuauhtémoc,Puebla,2023,Clausura - 8,Puebla,Club Queretaro,False,True,0.0,2.0,0.0,0.0,0.0,2.0,,,,,2024,visitante_gana
1150275,J. Camacho,UTC,2024-02-24 03:00:00+00:00,20474.0,Estadio Victoria,Aguascalientes,2023,Clausura - 8,Necaxa,Pachuca,,,1.0,1.0,1.0,0.0,1.0,1.0,,,,,2024,empate
1150276,M. Ortíz,UTC,2024-02-24 03:10:00+00:00,1845.0,Estadio Olímpico Benito Juárez,Ciudad Juárez,2023,Clausura - 8,FC Juarez,Monterrey,False,True,0.0,3.0,0.0,0.0,0.0,3.0,,,,,2024,visitante_gana
1150277,I. López,UTC,2024-02-24 23:00:00+00:00,,Estadio León,León de los Aldamas,2023,Clausura - 8,Leon,Atletico San Luis,True,False,1.0,0.0,0.0,0.0,1.0,0.0,,,,,2024,local_gana
1150279,C. Ramos,UTC,2024-02-25 01:00:00+00:00,,Estadio Universitario,San Nicolás de los Garza,2023,Clausura - 8,Tigres UANL,Atlas,,,1.0,1.0,1.0,0.0,1.0,1.0,,,,,2024,empate
1150278,Ó. Macías,UTC,2024-02-25 01:05:00+00:00,1076.0,Estadio AKRON,Zapopan,2023,Clausura - 8,Guadalajara Chivas,U.N.A.M. - Pumas,True,False,3.0,1.0,0.0,0.0,3.0,1.0,,,,,2024,local_gana
1150280,Ó. Mejía,UTC,2024-02-25 03:10:00+00:00,1069.0,Estadio Azteca,D.F.,2023,Clausura - 8,Club America,Cruz Azul,True,False,1.0,0.0,1.0,0.0,1.0,0.0,,,,,2024,local_gana
1150281,D. Montaño,UTC,2024-02-25 18:00:00+00:00,1089.0,Estadio Nemesio Díez,Toluca de Lerdo,2023,Clausura - 8,Toluca,Club Tijuana,True,False,2.0,0.0,0.0,0.0,2.0,0.0,,,,,2024,local_gana
1150282,F. Guerrero,UTC,2024-02-26 00:00:00+00:00,20475.0,Estadio Corona,Torreón,2023,Clausura - 8,Santos Laguna,Mazatlán,True,False,1.0,0.0,0.0,0.0,1.0,0.0,,,,,2024,local_gana
1150289,E. Morales,UTC,2024-02-28 01:00:00+00:00,20476.0,Estadio Corregidora,Santiago de Querétaro,2023,Clausura - 9,Club Queretaro,Atletico San Luis,True,False,4.0,1.0,2.0,0.0,4.0,1.0,,,,,2024,local_gana
1150290,J. Lopez,UTC,2024-02-29 01:00:00+00:00,,Estadio Universitario,San Nicolás de los Garza,2023,Clausura - 9,Tigres UANL,FC Juarez,True,False,1.0,0.0,0.0,0.0,1.0,0.0,,,,,2024,local_gana
1150291,Ó. Mejía,UTC,2024-02-29 03:00:00+00:00,1088.0,Estadio Caliente,Tijuana,2023,Clausura - 9,Club Tijuana,Monterrey,,,1.0,1.0,0.0,0.0,1.0,1.0,,,,,2024,empate
1150292,B. González,UTC,2024-03-02 01:00:00+00:00,20476.0,Estadio Corregidora,Santiago de Querétaro,2023,Clausura - 10,Club Queretaro,Santos Laguna,False,True,0.0,1.0,0.0,0.0,0.0,1.0,,,,,2024,visitante_gana
1150293,V. Arce,UTC,2024-03-02 01:00:00+00:00,1795.0,Estadio Alfonso Lastras Ramírez,San Luis Potosí,2023,Clausura - 10,Atletico San Luis,Puebla,True,False,4.0,0.0,2.0,0.0,4.0,0.0,,,,,2024,local_gana
1150294,M. Ortíz,UTC,2024-03-02 03:00:00+00:00,20435.0,Estadio El Encanto,Mazatlán,2023,Clausura - 10,Mazatlán,Necaxa,True,False,2.0,1.0,0.0,0.0,2.0,1.0,,,,,2024,local_gana
1150295,A. Escobedo,UTC,2024-03-02 23:00:00+00:00,1089.0,Estadio Nemesio Díez,Toluca de Lerdo,2023,Clausura - 10,Toluca,Tigres UANL,True,False,2.0,1.0,0.0,1.0,2.0,1.0,,,,,2024,local_gana
1150296,A. Quirarte,UTC,2024-03-03 01:00:00+00:00,1081.0,Estadio Hidalgo,Pachuca de Soto,2023,Clausura - 10,Pachuca,FC Juarez,True,False,3.0,2.0,0.0,0.0,3.0,2.0,,,,,2024,local_gana
1150297,C. Ramos,UTC,2024-03-03 01:05:00+00:00,1069.0,Estadio Azteca,D.F.,2023,Clausura - 10,Cruz Azul,Guadalajara Chivas,True,False,3.0,0.0,3.0,0.0,3.0,0.0,,,,,2024,local_gana
1150298,F. Guerrero,UTC,2024-03-03 03:10:00+00:00,1071.0,Estadio Jalisco,Guadalajara,2023,Clausura - 10,Atlas,Club America,False,True,1.0,5.0,1.0,2.0,1.0,5.0,,,,,2024,visitante_gana
1150299,V. Cáceres,UTC,2024-03-04 01:00:00+00:00,11905.0,Estadio BBVA,Guadalupe,2023,Clausura - 10,Monterrey,U.N.A.M. - Pumas,True,False,3.0,0.0,0.0,0.0,3.0,0.0,,,,,2024,local_gana
1150300,G. Pacheco,UTC,2024-03-04 03:00:00+00:00,1088.0,Estadio Caliente,Tijuana,2023,Clausura - 10,Club Tijuana,Leon,,,1.0,1.0,0.0,0.0,1.0,1.0,,,,,2024,empate
1150301,L. Santander,UTC,2024-03-09 01:00:00+00:00,1082.0,Estadio Cuauhtémoc,Puebla,2023,Clausura - 11,Puebla,Atlas,,,2.0,2.0,1.0,2.0,2.0,2.0,,,,,2024,empate
1150303,F. Hernández,UTC,2024-03-09 03:00:00+00:00,20474.0,Estadio Victoria,Aguascalientes,2023,Clausura - 11,Necaxa,Atletico San Luis,True,False,3.0,1.0,2.0,1.0,3.0,1.0,,,,,2024,local_gana
1150302,F. Guerrero,UTC,2024-03-09 03:10:00+00:00,1845.0,Estadio Olímpico Benito Juárez,Ciudad Juárez,2023,Clausura - 11,FC Juarez,Toluca,,,1.0,1.0,1.0,1.0,1.0,1.0,,,,,2024,empate
1150304,D. Quintero,UTC,2024-03-09 23:05:00+00:00,1076.0,Estadio AKRON,Zapopan,2023,Clausura - 11,Guadalajara Chivas,Leon,False,True,1.0,2.0,0.0,1.0,1.0,2.0,,,,,2024,visitante_gana
1150306,A. Escobedo,UTC,2024-03-10 01:00:00+00:00,20475.0,Estadio Corona,Torreón,2023,Clausura - 11,Santos Laguna,Cruz Azul,True,False,3.0,0.0,1.0,0.0,3.0,0.0,,,,,2024,local_gana
1150305,K. Garcia,UTC,2024-03-10 01:00:00+00:00,1081.0,Estadio Hidalgo,Pachuca de Soto,2023,Clausura - 11,Pachuca,Club Queretaro,False,True,1.0,2.0,0.0,1.0,1.0,2.0,,,,,2024,visitante_gana
1150307,V. Cáceres,UTC,2024-03-10 03:00:00+00:00,1069.0,Estadio Azteca,D.F.,2023,Clausura - 11,Club America,Tigres UANL,True,False,2.0,0.0,1.0,0.0,2.0,0.0,,,,,2024,local_gana
1150308,M. Ortíz,UTC,2024-03-10 18:00:00+00:00,,Estadio Olímpico Universitario,D.F.,2023,Clausura - 11,U.N.A.M. - Pumas,Club Tijuana,,,3.0,3.0,2.0,1.0,3.0,3.0,,,,,2024,empate
1150309,C. Ramos,UTC,2024-03-11 01:00:00+00:00,11905.0,Estadio BBVA,Guadalupe,2023,Clausura - 11,Monterrey,Mazatlán,True,False,2.0,1.0,2.0,0.0,2.0,1.0,,,,,2024,local_gana
1150310,L. Santander,UTC,2024-03-16 01:00:00+00:00,20476.0,Estadio Corregidora,Santiago de Querétaro,2023,Clausura - 12,Club Queretaro,FC Juarez,True,False,1.0,0.0,1.0,0.0,1.0,0.0,,,,,2024,local_gana
1150311,D. Quintero,UTC,2024-03-16 03:00:00+00:00,1088.0,Estadio Caliente,Tijuana,2023,Clausura - 12,Club Tijuana,Santos Laguna,,,2.0,2.0,0.0,1.0,2.0,2.0,,,,,2024,empate
1150312,F. Guerrero,UTC,2024-03-16 23:00:00+00:00,11624.0,Estadio Ciudad de los Deportes,D.F.,2023,Clausura - 12,Cruz Azul,Necaxa,False,True,1.0,2.0,1.0,2.0,1.0,2.0,,,,,2024,visitante_gana
1150315,Ó. Mejía,UTC,2024-03-17 01:00:00+00:00,,Estadio Universitario,San Nicolás de los Garza,2023,Clausura - 12,Tigres UANL,Mazatlán,True,False,5.0,1.0,2.0,0.0,5.0,1.0,,,,,2024,local_gana
1150313,K. Hernández,UTC,2024-03-17 01:00:00+00:00,,Estadio León,León de los Aldamas,2023,Clausura - 12,Leon,Puebla,True,False,2.0,1.0,1.0,0.0,2.0,1.0,,,,,2024,local_gana
1150316,F. Hernández,UTC,2024-03-17 03:05:00+00:00,1076.0,Estadio AKRON,Zapopan,2023,Clausura - 12,Guadalajara Chivas,Club America,,,0.0,0.0,0.0,0.0,0.0,0.0,,,,,2024,empate
1150317,I. Lopez,UTC,2024-03-17 23:00:00+00:00,1071.0,Estadio Jalisco,Guadalajara,2023,Clausura - 12,Atlas,Monterrey,False,True,1.0,2.0,0.0,1.0,1.0,2.0,,,,,2024,visitante_gana
1150314,C. Ramos,UTC,2024-03-18 01:00:00+00:00,1089.0,Estadio Nemesio Díez,Toluca de Lerdo,2023,Clausura - 12,Toluca,U.N.A.M. - Pumas,True,False,3.0,0.0,2.0,0.0,3.0,0.0,,,,,2024,local_gana
1150318,V. Cáceres,UTC,2024-03-18 01:00:00+00:00,1795.0,Estadio Alfonso Lastras Ramírez,San Luis Potosí,2023,Clausura - 12,Atletico San Luis,Pachuca,True,False,2.0,1.0,1.0,0.0,2.0,1.0,,,,,2024,local_gana
1150267,C. Ramos,UTC,2024-03-24 01:00:00+00:00,1845.0,Estadio Olímpico Benito Juárez,Ciudad Juárez,2023,Clausura - 7,FC Juarez,Puebla,True,False,4.0,3.0,1.0,1.0,4.0,3.0,,,,,2024,local_gana
1150319,J. Camacho,UTC,2024-03-30 01:00:00+00:00,1082.0,Estadio Cuauhtémoc,Puebla,2023,Clausura - 13,Puebla,Tigres UANL,False,True,2.0,3.0,1.0,0.0,2.0,3.0,,,,,2024,visitante_gana
1150321,J. Lopez,UTC,2024-03-30 02:00:00+00:00,1069.0,Estadio Azteca,D.F.,2023,Clausura - 13,Club America,Atletico San Luis,True,False,2.0,1.0,0.0,0.0,2.0,1.0,,,,,2024,local_gana
1150320,F. Guerrero,UTC,2024-03-30 03:00:00+00:00,20435.0,Estadio El Encanto,Mazatlán,2023,Clausura - 13,Mazatlán,Club Tijuana,True,False,2.0,0.0,1.0,0.0,2.0,0.0,,,,,2024,local_gana
1150323,A. Escobedo,UTC,2024-03-31 01:00:00+00:00,11905.0,Estadio BBVA,Guadalupe,2023,Clausura - 13,Monterrey,Guadalajara Chivas,False,True,0.0,2.0,0.0,0.0,0.0,2.0,,,,,2024,visitante_gana
1150322,D. Quintero,UTC,2024-03-31 01:00:00+00:00,1081.0,Estadio Hidalgo,Pachuca de Soto,2023,Clausura - 13,Pachuca,Toluca,False,True,2.0,3.0,1.0,3.0,2.0,3.0,,,,,2024,visitante_gana
1150324,F. Hernández,UTC,2024-03-31 03:05:00+00:00,,Estadio Olímpico Universitario,D.F.,2023,Clausura - 13,U.N.A.M. - Pumas,Cruz Azul,,,0.0,0.0,0.0,0.0,0.0,0.0,,,,,2024,empate
1150325,C. Ramos,UTC,2024-03-31 23:00:00+00:00,1071.0,Estadio Jalisco,Guadalajara,2023,Clausura - 13,Atlas,Club Queretaro,False,True,2.0,3.0,2.0,1.0,2.0,3.0,,,,,2024,visitante_gana
1150326,V. Cáceres,UTC,2024-04-01 01:00:00+00:00,20474.0,Estadio Victoria,Aguascalientes,2023,Clausura - 13,Necaxa,Leon,False,True,1.0,2.0,0.0,0.0,1.0,2.0,,,,,2024,visitante_gana
1150327,E. Miranda,UTC,2024-04-01 01:36:00+00:00,1845.0,Estadio Olímpico Benito Juárez,Ciudad Juárez,2023,Clausura - 13,FC Juarez,Santos Laguna,True,False,2.0,1.0,0.0,0.0,2.0,1.0,,,,,2024,local_gana
1150328,V. Cáceres,UTC,2024-04-06 01:00:00+00:00,20435.0,Estadio El Encanto,Mazatlán,2023,Clausura - 14,Mazatlán,U.N.A.M. - Pumas,False,True,0.0,4.0,0.0,1.0,0.0,4.0,,,,,2024,visitante_gana
1150329,I. Lopez,UTC,2024-04-06 03:10:00+00:00,1088.0,Estadio Caliente,Tijuana,2023,Clausura - 14,Club Tijuana,Necaxa,False,True,2.0,3.0,1.0,1.0,2.0,3.0,,,,,2024,visitante_gana
1150330,A. Escobedo,UTC,2024-04-06 23:00:00+00:00,,Estadio León,León de los Aldamas,2023,Clausura - 14,Leon,Club Queretaro,False,True,0.0,2.0,0.0,1.0,0.0,2.0,,,,,2024,visitante_gana
1150332,F. Hernández,UTC,2024-04-07 01:00:00+00:00,,Estadio Universitario,San Nicolás de los Garza,2023,Clausura - 14,Tigres UANL,Pachuca,False,True,0.0,3.0,0.0,0.0,0.0,3.0,,,,,2024,visitante_gana
1150331,F. Guerrero,UTC,2024-04-07 01:05:00+00:00,1076.0,Estadio AKRON,Zapopan,2023,Clausura - 14,Guadalajara Chivas,Puebla,True,False,3.0,2.0,1.0,0.0,3.0,2.0,,,,,2024,local_gana
1150334,L. Santander,UTC,2024-04-07 03:05:00+00:00,20475.0,Estadio Corona,Torreón,2023,Clausura - 14,Santos Laguna,Club America,,,1.0,1.0,0.0,0.0,1.0,1.0,,,,,2024,empate
1150333,M. Ortíz,UTC,2024-04-07 03:05:00+00:00,11624.0,Estadio Ciudad de los Deportes,D.F.,2023,Clausura - 14,Cruz Azul,Monterrey,True,False,2.0,1.0,0.0,0.0,2.0,1.0,,,,,2024,local_gana
1150335,K. Hernández,UTC,2024-04-07 18:00:00+00:00,1089.0,Estadio Nemesio Díez,Toluca de Lerdo,2023,Clausura - 14,Toluca,Atlas,True,False,4.0,1.0,2.0,0.0,4.0,1.0,,,,,2024,local_gana
1150336,Ó. Mejía,UTC,2024-04-08 00:00:00+00:00,1795.0,Estadio Alfonso Lastras Ramírez,San Luis Potosí,2023,Clausura - 14,Atletico San Luis,FC Juarez,False,True,2.0,3.0,2.0,2.0,2.0,3.0,,,,,2024,visitante_gana
1150337,M. Ortíz,UTC,2024-04-13 01:06:00+00:00,20476.0,Estadio Corregidora,Santiago de Querétaro,2023,Clausura - 15,Club Queretaro,Mazatlán,False,True,0.0,2.0,0.0,1.0,0.0,2.0,,,,,2024,visitante_gana
1150338,F. Hernández,UTC,2024-04-13 03:00:00+00:00,20474.0,Estadio Victoria,Aguascalientes,2023,Clausura - 15,Necaxa,Santos Laguna,True,False,2.0,0.0,1.0,0.0,2.0,0.0,,,,,2024,local_gana
1150339,K. Garcia,UTC,2024-04-13 03:00:00+00:00,1082.0,Estadio Cuauhtémoc,Puebla,2023,Clausura - 15,Puebla,Cruz Azul,False,True,0.0,1.0,0.0,0.0,0.0,1.0,,,,,2024,visitante_gana
1150340,J. Lopez,UTC,2024-04-13 23:00:00+00:00,1081.0,Estadio Hidalgo,Pachuca de Soto,2023,Clausura - 15,Pachuca,Guadalajara Chivas,False,True,0.0,1.0,0.0,1.0,0.0,1.0,,,,,2024,visitante_gana
1150341,A. Escobedo,UTC,2024-04-14 01:05:00+00:00,1069.0,Estadio Azteca,D.F.,2023,Clausura - 15,Club America,Toluca,True,False,5.0,1.0,3.0,1.0,5.0,1.0,,,,,2024,local_gana
1150342,C. Ramos,UTC,2024-04-14 03:10:00+00:00,11905.0,Estadio BBVA,Guadalupe,2023,Clausura - 15,Monterrey,Tigres UANL,,,3.0,3.0,1.0,2.0,3.0,3.0,,,,,2024,empate
1150343,V. Cáceres,UTC,2024-04-15 00:00:00+00:00,1071.0,Estadio Jalisco,Guadalajara,2023,Clausura - 15,Atlas,Atletico San Luis,True,False,2.0,1.0,1.0,1.0,2.0,1.0,,,,,2024,local_gana
1150344,D. Quintero,UTC,2024-04-15 00:00:00+00:00,,Estadio Olímpico Universitario,D.F.,2023,Clausura - 15,U.N.A.M. - Pumas,Leon,True,False,1.0,0.0,0.0,0.0,1.0,0.0,,,,,2024,local_gana
1150345,L. Santander,UTC,2024-04-15 02:06:00+00:00,1845.0,Estadio Olímpico Benito Juárez,Ciudad Juárez,2023,Clausura - 15,FC Juarez,Club Tijuana,False,True,0.0,1.0,0.0,0.0,0.0,1.0,,,,,2024,visitante_gana
1150346,F. Hernández,UTC,2024-04-20 01:00:00+00:00,20435.0,Estadio El Encanto,Mazatlán,2023,Clausura - 16,Mazatlán,FC Juarez,False,True,0.0,2.0,0.0,0.0,0.0,2.0,,,,,2024,visitante_gana
1150347,D. Quintero,UTC,2024-04-20 03:00:00+00:00,1795.0,Estadio Alfonso Lastras Ramírez,San Luis Potosí,2023,Clausura - 16,Atletico San Luis,Toluca,False,True,1.0,5.0,1.0,2.0,1.0,5.0,,,,,2024,visitante_gana
1150348,A. Escobedo,UTC,2024-04-20 03:10:00+00:00,1088.0,Estadio Caliente,Tijuana,2023,Clausura - 16,Club Tijuana,Puebla,True,False,3.0,1.0,0.0,1.0,3.0,1.0,,,,,2024,local_gana
1150349,V. Cáceres,UTC,2024-04-20 23:00:00+00:00,,Estadio León,León de los Aldamas,2023,Clausura - 16,Leon,Monterrey,True,False,2.0,0.0,1.0,0.0,2.0,0.0,,,,,2024,local_gana
1150351,Ó. Mejía,UTC,2024-04-21 01:05:00+00:00,1076.0,Estadio AKRON,Zapopan,2023,Clausura - 16,Guadalajara Chivas,Club Queretaro,True,False,2.0,0.0,0.0,0.0,2.0,0.0,,,,,2024,local_gana
1150350,M. Ortíz,UTC,2024-04-21 01:05:00+00:00,,Estadio Universitario,San Nicolás de los Garza,2023,Clausura - 16,Tigres UANL,Necaxa,True,False,5.0,2.0,0.0,1.0,5.0,2.0,,,,,2024,local_gana
1150354,I. Lopez,UTC,2024-04-21 01:05:00+00:00,20475.0,Estadio Corona,Torreón,2023,Clausura - 16,Santos Laguna,Pachuca,False,True,0.0,2.0,0.0,0.0,0.0,2.0,,,,,2024,visitante_gana
1150352,F. Guerrero,UTC,2024-04-21 03:10:00+00:00,,Estadio Olímpico Universitario,D.F.,2023,Clausura - 16,U.N.A.M. - Pumas,Club America,True,False,2.0,1.0,1.0,1.0,2.0,1.0,,,,,2024,local_gana
1150353,L. Santander,UTC,2024-04-22 00:00:00+00:00,11624.0,Estadio Ciudad de los Deportes,D.F.,2023,Clausura - 16,Cruz Azul,Atlas,,,2.0,2.0,1.0,2.0,2.0,2.0,,,,,2024,empate
1150355,G. Pacheco,UTC,2024-04-27 01:00:00+00:00,1082.0,Estadio Cuauhtémoc,Puebla,2023,Clausura - 17,Puebla,Club America,False,True,1.0,2.0,1.0,2.0,1.0,2.0,,,,,2024,visitante_gana
1150356,I. Lopez,UTC,2024-04-27 03:10:00+00:00,20476.0,Estadio Corregidora,Santiago de Querétaro,2023,Clausura - 17,Club Queretaro,U.N.A.M. - Pumas,,,1.0,1.0,0.0,0.0,1.0,1.0,,,,,2024,empate
1150357,A. Escobedo,UTC,2024-04-27 23:06:00+00:00,1845.0,Estadio Olímpico Benito Juárez,Ciudad Juárez,2023,Clausura - 17,FC Juarez,Leon,,,1.0,1.0,1.0,0.0,1.0,1.0,,,,,2024,empate
1150358,F. Hernández,UTC,2024-04-28 01:00:00+00:00,,Estadio Universitario,San Nicolás de los Garza,2023,Clausura - 17,Tigres UANL,Club Tijuana,True,False,4.0,1.0,1.0,0.0,4.0,1.0,,,,,2024,local_gana
1150360,F. Guerrero,UTC,2024-04-28 01:00:00+00:00,1089.0,Estadio Nemesio Díez,Toluca de Lerdo,2023,Clausura - 17,Toluca,Cruz Azul,False,True,0.0,1.0,0.0,1.0,0.0,1.0,,,,,2024,visitante_gana
1150359,L. Santander,UTC,2024-04-28 01:10:00+00:00,1081.0,Estadio Hidalgo,Pachuca de Soto,2023,Clausura - 17,Pachuca,Mazatlán,,,1.0,1.0,0.0,0.0,1.0,1.0,,,,,2024,empate
1150361,M. Ortíz,UTC,2024-04-28 03:10:00+00:00,1071.0,Estadio Jalisco,Guadalajara,2023,Clausura - 17,Atlas,Guadalajara Chivas,False,True,0.0,1.0,0.0,0.0,0.0,1.0,,,,,2024,visitante_gana
1150363,I. López,UTC,2024-04-29 00:00:00+00:00,20475.0,Estadio Corona,Torreón,2023,Clausura - 17,Santos Laguna,Atletico San Luis,False,True,0.0,3.0,0.0,2.0,0.0,3.0,,,,,2024,visitante_gana
1150362,J. Lopez,UTC,2024-04-29 00:00:00+00:00,20474.0,Estadio Victoria,Aguascalientes,2023,Clausura - 17,Necaxa,Monterrey,False,True,2.0,5.0,0.0,0.0,2.0,5.0,,,,,2024,visitante_gana
1197972,D. Quintero,UTC,2024-05-03 01:00:00+00:00,20474.0,Estadio Victoria,Aguascalientes,2023,Clausura - Reclasificacion,Necaxa,Club Queretaro,True,False,1.0,1.0,0.0,0.0,1.0,1.0,0.0,0.0,3.0,2.0,2024,empate
1197971,A. Escobedo,UTC,2024-05-03 03:15:00+00:00,1081.0,Estadio Hidalgo,Pachuca de Soto,2023,Clausura - Reclasificacion,Pachuca,U.N.A.M. - Pumas,False,True,0.0,0.0,0.0,0.0,0.0,0.0,0.0,0.0,3.0,5.0,2024,empate
1198553,F. Hernández,UTC,2024-05-06 02:06:00+00:00,1081.0,Estadio Hidalgo,Pachuca de Soto,2023,Clausura - Play-offs,Pachuca,Necaxa,True,False,2.0,1.0,0.0,0.0,2.0,1.0,,,,,2024,local_gana
1197967,Ó. Mejía,UTC,2024-05-09 01:05:00+00:00,1076.0,Estadio AKRON,Zapopan,2023,Clausura - Quarter-finals,Guadalajara Chivas,Toluca,True,False,1.0,0.0,0.0,0.0,1.0,0.0,,,,,2024,local_gana
1198984,F. Guerrero,UTC,2024-05-09 03:16:00+00:00,1081.0,Estadio Hidalgo,Pachuca de Soto,2023,Clausura - Quarter-finals,Pachuca,Club America,,,1.0,1.0,1.0,1.0,1.0,1.0,,,,,2024,empate
1198551,L. Santander,UTC,2024-05-10 01:00:00+00:00,,Estadio Olímpico Universitario,D.F.,2023,Clausura - Quarter-finals,U.N.A.M. - Pumas,Cruz Azul,False,True,0.0,2.0,0.0,1.0,0.0,2.0,,,,,2024,visitante_gana
1197969,M. Ortíz,UTC,2024-05-10 03:10:00+00:00,,Estadio Universitario,San Nicolás de los Garza,2023,Clausura - Quarter-finals,Tigres UANL,Monterrey,False,True,1.0,2.0,1.0,1.0,1.0,2.0,,,,,2024,visitante_gana
1198985,V. Cáceres,UTC,2024-05-12 00:00:00+00:00,1069.0,Estadio Azteca,D.F.,2023,Clausura - Quarter-finals,Club America,Pachuca,,,1.0,1.0,0.0,1.0,1.0,1.0,,,,,2024,empate
1197968,C. Ramos,UTC,2024-05-12 02:10:00+00:00,1089.0,Estadio Nemesio Díez,Toluca de Lerdo,2023,Clausura - Quarter-finals,Toluca,Guadalajara Chivas,,,0.0,0.0,0.0,0.0,0.0,0.0,,,,,2024,empate
1198552,D. Quintero,UTC,2024-05-13 01:00:00+00:00,11624.0,Estadio Ciudad de los Deportes,D.F.,2023,Clausura - Quarter-finals,Cruz Azul,U.N.A.M. - Pumas,,,2.0,2.0,0.0,0.0,2.0,2.0,,,,,2024,empate
1197970,F. Hernández,UTC,2024-05-13 03:10:00+00:00,11905.0,Estadio BBVA,Guadalupe,2023,Clausura - Quarter-finals,Monterrey,Tigres UANL,,,1.0,1.0,0.0,1.0,1.0,1.0,,,,,2024,empate
1199963,Ó. Mejía,UTC,2024-05-16 02:05:00+00:00,1076.0,Estadio AKRON,Zapopan,2023,Clausura - Semi-finals,Guadalajara Chivas,Club America,,,0.0,0.0,0.0,0.0,0.0,0.0,,,,,2024,empate
1200174,D. Quintero,UTC,2024-05-17 03:00:00+00:00,11905.0,Estadio BBVA,Guadalupe,2023,Clausura - Semi-finals,Monterrey,Cruz Azul,False,True,0.0,1.0,0.0,1.0,0.0,1.0,,,,,2024,visitante_gana
1199964,C. Ramos,UTC,2024-05-19 02:00:00+00:00,1069.0,Estadio Azteca,D.F.,2023,Clausura - Semi-finals,Club America,Guadalajara Chivas,True,False,1.0,0.0,0.0,0.0,1.0,0.0,,,,,2024,local_gana
1200175,F. Guerrero,UTC,2024-05-20 00:00:00+00:00,11624.0,Estadio Ciudad de los Deportes,D.F.,2023,Clausura - Semi-finals,Cruz Azul,Monterrey,False,True,1.0,2.0,0.0,0.0,1.0,2.0,,,,,2024,visitante_gana
1200843,F. Hernández,UTC,2024-05-24 02:00:00+00:00,11624.0,Estadio Ciudad de los Deportes,D.F.,2023,Clausura - Final,Cruz Azul,Club America,,,1.0,1.0,1.0,1.0,1.0,1.0,,,,,2024,empate
1200844,M. Ortíz,UTC,2024-05-27 01:00:00+00:00,1069.0,Estadio Azteca,D.F.,2023,Clausura - Final,Club America,Cruz Azul,True,False,1.0,0.0,0.0,0.0,1.0,0.0,,,,,2024,local_gana
721722,"Marco Antonio Ortiz Nava, Mexico",UTC,2021-07-23 02:00:00+00:00,1084.0,Estadio La Corregidora,Santiago de Querétaro,2021,Apertura - 1,Club Queretaro,Club America,,,0.0,0.0,0.0,0.0,0.0,0.0,,,,,2021,empate
721723,"Jorge Antonio Perez Duran, Mexico",UTC,2021-07-24 00:00:00+00:00,1080.0,Estadio Victoria de Aguascalientes,Aguascalientes,2021,Apertura - 1,Necaxa,Santos Laguna,False,True,0.0,3.0,0.0,2.0,0.0,3.0,,,,,2021,visitante_gana
721724,"Jorge Isaac Rojas Castillo, Mexico",UTC,2021-07-24 02:00:00+00:00,1845.0,Estadio Olímpico Benito Juárez,Ciudad Juárez,2021,Apertura - 1,FC Juarez,Toluca,False,True,1.0,3.0,1.0,1.0,1.0,3.0,,,,,2021,visitante_gana
721725,"Alejandro Funk Villafane, Mexico",UTC,2021-07-24 21:00:00+00:00,1081.0,Estadio Hidalgo,Pachuca de Soto,2021,Apertura - 1,Pachuca,Leon,True,False,4.0,0.0,0.0,0.0,4.0,0.0,,,,,2021,local_gana
721726,"Eduardo Galvan Basulto, Mexico",UTC,2021-07-25 02:00:00+00:00,1076.0,Estadio AKRON,Zapopan,2021,Apertura - 1,Guadalajara Chivas,Atletico San Luis,False,True,1.0,2.0,0.0,1.0,1.0,2.0,,,,,2021,visitante_gana
721727,"Luis Santander, Mexico",UTC,2021-07-25 17:00:00+00:00,1083.0,Estadio Olímpico de Universitario,D.F.,2021,Apertura - 1,U.N.A.M. - Pumas,Atlas,,,0.0,0.0,0.0,0.0,0.0,0.0,,,,,2021,empate
721728,"Oscar Mejia Garcia, Mexico",UTC,2021-07-26 00:06:00+00:00,11905.0,Estadio BBVA,Guadalupe,2021,Apertura - 1,Monterrey,Puebla,,,1.0,1.0,0.0,0.0,1.0,1.0,,,,,2021,empate
721729,"Oscar Macias, Mexico",UTC,2021-07-26 02:06:00+00:00,1088.0,Estadio Caliente,Tijuana,2021,Apertura - 1,Club Tijuana,Tigres UANL,False,True,1.0,2.0,0.0,1.0,1.0,2.0,,,,,2021,visitante_gana
721730,"Diego Montano, Mexico",UTC,2021-07-27 01:00:00+00:00,7182.0,Estadio Azteca,D.F.,2021,Apertura - 1,Cruz Azul,Mazatlán,False,True,0.0,2.0,0.0,1.0,0.0,2.0,,,,,2021,visitante_gana
721731,"Edgar Ulises Rangel Araujo, Mexico",UTC,2021-07-31 00:00:00+00:00,10546.0,Estadio de Mazatlán,Mazatlán,2021,Apertura - 2,Mazatlán,Pachuca,True,False,2.0,1.0,1.0,1.0,2.0,1.0,,,,,2021,local_gana
721732,"Fernando Guerrero Ramirez, Mexico",UTC,2021-07-31 02:05:00+00:00,1082.0,Estadio Cuauhtémoc,Puebla,2021,Apertura - 2,Puebla,Guadalajara Chivas,False,True,0.0,2.0,0.0,0.0,0.0,2.0,,,,,2021,visitante_gana
721737,"Jorge Antonio Perez Duran, Mexico",UTC,2021-07-31 22:00:00+00:00,,Estadio Leon,Leon,2021,Apertura - 2,Leon,Club Tijuana,True,False,2.0,1.0,1.0,0.0,2.0,1.0,,,,,2021,local_gana
721733,"Fernando Hernandez, Mexico",UTC,2021-08-01 00:00:00+00:00,7182.0,Estadio Azteca,D.F.,2021,Apertura - 2,Club America,Necaxa,True,False,2.0,1.0,1.0,0.0,2.0,1.0,,,,,2021,local_gana
721734,"Adonai Escobedo Gonzalez, Mexico",UTC,2021-08-01 02:00:00+00:00,11905.0,Estadio BBVA,Guadalupe,2021,Apertura - 2,Monterrey,U.N.A.M. - Pumas,True,False,2.0,0.0,1.0,0.0,2.0,0.0,,,,,2021,local_gana
721735,"Oscar Mejia Garcia, Mexico",UTC,2021-08-01 02:05:00+00:00,1071.0,Estadio Jalisco,Guadalajara,2021,Apertura - 2,Atlas,FC Juarez,True,False,2.0,0.0,0.0,0.0,2.0,0.0,,,,,2021,local_gana
721736,"Victor Alfonso Caceres Hernandez, Mexico",UTC,2021-08-01 17:00:00+00:00,1089.0,Estadio Nemesio Díez,Toluca de Lerdo,2021,Apertura - 2,Toluca,Tigres UANL,True,False,3.0,1.0,1.0,1.0,3.0,1.0,,,,,2021,local_gana
721738,"Jorge Isaac Rojas Castillo, Mexico",UTC,2021-08-01 23:00:00+00:00,1085.0,Estadio Nuevo Corona,Torreón,2021,Apertura - 2,Santos Laguna,Cruz Azul,,,1.0,1.0,0.0,0.0,1.0,1.0,,,,,2021,empate
721739,"Luis Santander, Mexico",UTC,2021-08-03 02:00:00+00:00,1795.0,Estadio Alfonso Lastras Ramírez,San Luis Potosí,2021,Apertura - 2,Atletico San Luis,Club Queretaro,,,1.0,1.0,1.0,0.0,1.0,1.0,,,,,2021,empate
721740,"Daniel Quintero Huittron, Mexico",UTC,2021-08-06 02:00:00+00:00,1084.0,Estadio La Corregidora,Santiago de Querétaro,2021,Apertura - 3,Club Queretaro,Leon,False,True,0.0,1.0,0.0,1.0,0.0,1.0,,,,,2021,visitante_gana
721741,"Mario Humberto Vargas Mata, Mexico",UTC,2021-08-07 00:00:00+00:00,10546.0,Estadio de Mazatlán,Mazatlán,2021,Apertura - 3,Mazatlán,Monterrey,,,1.0,1.0,1.0,1.0,1.0,1.0,,,,,2021,empate
721742,"Adonai Escobedo Gonzalez, Mexico",UTC,2021-08-07 02:05:00+00:00,1080.0,Estadio Victoria de Aguascalientes,Aguascalientes,2021,Apertura - 3,Necaxa,Cruz Azul,False,True,1.0,2.0,1.0,1.0,1.0,2.0,,,,,2021,visitante_gana
721743,"Diego Montano, Mexico",UTC,2021-08-07 02:06:00+00:00,1088.0,Estadio Caliente,Tijuana,2021,Apertura - 3,Club Tijuana,Toluca,False,True,0.0,2.0,0.0,1.0,0.0,2.0,,,,,2021,visitante_gana
721747,"Fernando Hernandez, Mexico",UTC,2021-08-07 22:00:00+00:00,1076.0,Estadio AKRON,Zapopan,2021,Apertura - 3,Guadalajara Chivas,FC Juarez,,,2.0,2.0,1.0,1.0,2.0,2.0,,,,,2021,empate
721744,"Cesar Arturo Ramos Palazuelos, Mexico",UTC,2021-08-08 00:00:00+00:00,7182.0,Estadio Azteca,D.F.,2021,Apertura - 3,Club America,Puebla,True,False,2.0,0.0,1.0,0.0,2.0,0.0,,,,,2021,local_gana
721745,"Marco Antonio Ortiz Nava, Mexico",UTC,2021-08-08 02:00:00+00:00,1087.0,Estadio Universitario de Nuevo León,San Nicolás de los Garza,2021,Apertura - 3,Tigres UANL,Santos Laguna,,,1.0,1.0,0.0,1.0,1.0,1.0,,,,,2021,empate
721746,"Oscar Macias, Mexico",UTC,2021-08-08 17:00:00+00:00,1083.0,Estadio Olímpico de Universitario,D.F.,2021,Apertura - 3,U.N.A.M. - Pumas,Atletico San Luis,False,True,1.0,3.0,1.0,2.0,1.0,3.0,,,,,2021,visitante_gana
721748,"Guillermo Pacheco Larios, Mexico",UTC,2021-08-10 02:00:00+00:00,1081.0,Estadio Hidalgo,Pachuca de Soto,2021,Apertura - 3,Pachuca,Atlas,False,True,0.0,1.0,0.0,1.0,0.0,1.0,,,,,2021,visitante_gana
721749,"Cesar Arturo Ramos Palazuelos, Mexico",UTC,2021-08-13 02:00:00+00:00,1795.0,Estadio Alfonso Lastras Ramírez,San Luis Potosí,2021,Apertura - 4,Atletico San Luis,Necaxa,False,True,0.0,2.0,0.0,1.0,0.0,2.0,,,,,2021,visitante_gana
721750,"Jorge Isaac Rojas Castillo, Mexico",UTC,2021-08-14 00:00:00+00:00,1082.0,Estadio Cuauhtémoc,Puebla,2021,Apertura - 4,Puebla,Tigres UANL,,,1.0,1.0,1.0,0.0,1.0,1.0,,,,,2021,empate
721751,"Edgar Allan Morales Olvera, Mexico",UTC,2021-08-14 02:00:00+00:00,1845.0,Estadio Olímpico Benito Juárez,Ciudad Juárez,2021,Apertura - 4,FC Juarez,Club Tijuana,,,1.0,1.0,1.0,1.0,1.0,1.0,,,,,2021,empate
721755,"Oscar Mejia Garcia, Mexico",UTC,2021-08-14 22:00:00+00:00,1083.0,Estadio Olímpico de Universitario,D.F.,2021,Apertura - 4,U.N.A.M. - Pumas,Club Queretaro,,,0.0,0.0,0.0,0.0,0.0,0.0,,,,,2021,empate
721752,"Brian Omar Gonzalez Veles, Mexico",UTC,2021-08-15 00:00:00+00:00,,Estadio Leon,Leon,2021,Apertura - 4,Leon,Mazatlán,True,False,3.0,0.0,1.0,0.0,3.0,0.0,,,,,2021,local_gana
721754,"Fernando Guerrero Ramirez, Mexico",UTC,2021-08-15 02:00:00+00:00,7182.0,Estadio Azteca,D.F.,2021,Apertura - 4,Cruz Azul,Toluca,True,False,4.0,0.0,3.0,0.0,4.0,0.0,,,,,2021,local_gana
721753,"Oscar Macias, Mexico",UTC,2021-08-15 02:06:00+00:00,11905.0,Estadio BBVA,Guadalupe,2021,Apertura - 4,Monterrey,Pachuca,True,False,3.0,1.0,1.0,0.0,3.0,1.0,,,,,2021,local_gana
721757,"Jorge Antonio Perez Duran, Mexico",UTC,2021-08-15 22:00:00+00:00,1071.0,Estadio Jalisco,Guadalajara,2021,Apertura - 4,Atlas,Club America,False,True,0.0,1.0,0.0,0.0,0.0,1.0,,,,,2021,visitante_gana
721756,"Luis Santander, Mexico",UTC,2021-08-16 00:06:00+00:00,1085.0,Estadio Nuevo Corona,Torreón,2021,Apertura - 4,Santos Laguna,Guadalajara Chivas,,,0.0,0.0,0.0,0.0,0.0,0.0,,,,,2021,empate
721761,"Saul Alfredo Silva Pineda, Mexico",UTC,2021-08-17 22:00:00+00:00,1089.0,Estadio Nemesio Díez,Toluca de Lerdo,2021,Apertura - 5,Toluca,Mazatlán,,,2.0,2.0,2.0,2.0,2.0,2.0,,,,,2021,empate
721758,"Diego Montano, Mexico",UTC,2021-08-18 00:00:00+00:00,1087.0,Estadio Universitario de Nuevo León,San Nicolás de los Garza,2021,Apertura - 5,Tigres UANL,Club Queretaro,True,False,3.0,0.0,1.0,0.0,3.0,0.0,,,,,2021,local_gana
721760,"Eduardo Galvan Basulto, Mexico",UTC,2021-08-18 02:00:00+00:00,1080.0,Estadio Victoria de Aguascalientes,Aguascalientes,2021,Apertura - 5,Necaxa,U.N.A.M. - Pumas,True,False,3.0,0.0,1.0,0.0,3.0,0.0,,,,,2021,local_gana
721759,"Fernando Hernandez, Mexico",UTC,2021-08-18 02:06:00+00:00,1088.0,Estadio Caliente,Tijuana,2021,Apertura - 5,Club Tijuana,Puebla,,,1.0,1.0,1.0,0.0,1.0,1.0,,,,,2021,empate
721763,"Fernando Guerrero Ramirez, Mexico",UTC,2021-08-19 00:00:00+00:00,1085.0,Estadio Nuevo Corona,Torreón,2021,Apertura - 5,Santos Laguna,Atlas,,,1.0,1.0,0.0,1.0,1.0,1.0,,,,,2021,empate
721762,"Jorge Antonio Perez Duran, Mexico",UTC,2021-08-19 00:00:00+00:00,7182.0,Estadio Azteca,D.F.,2021,Apertura - 5,Cruz Azul,Monterrey,,,1.0,1.0,0.0,0.0,1.0,1.0,,,,,2021,empate
721764,"Adonai Escobedo Gonzalez, Mexico",UTC,2021-08-19 02:00:00+00:00,1076.0,Estadio AKRON,Zapopan,2021,Apertura - 5,Guadalajara Chivas,Leon,False,True,0.0,3.0,0.0,1.0,0.0,3.0,,,,,2021,visitante_gana
721765,"Luis Santander, Mexico",UTC,2021-08-19 02:00:00+00:00,1845.0,Estadio Olímpico Benito Juárez,Ciudad Juárez,2021,Apertura - 5,FC Juarez,Club America,False,True,1.0,2.0,1.0,1.0,1.0,2.0,,,,,2021,visitante_gana
721767,"Eduardo Galvan Basulto, Mexico",UTC,2021-08-21 02:00:00+00:00,10546.0,Estadio de Mazatlán,Mazatlán,2021,Apertura - 6,Mazatlán,Tigres UANL,False,True,0.0,3.0,0.0,0.0,0.0,3.0,,,,,2021,visitante_gana
721772,"Marco Antonio Ortiz Nava, Mexico",UTC,2021-08-21 22:00:00+00:00,1071.0,Estadio Jalisco,Guadalajara,2021,Apertura - 6,Atlas,Toluca,,,0.0,0.0,0.0,0.0,0.0,0.0,,,,,2021,empate
721768,"Fernando Hernandez, Mexico",UTC,2021-08-22 00:00:00+00:00,,Estadio Leon,Leon,2021,Apertura - 6,Leon,Santos Laguna,,,1.0,1.0,0.0,1.0,1.0,1.0,,,,,2021,empate
721769,"Oscar Mejia Garcia, Mexico",UTC,2021-08-22 02:00:00+00:00,1795.0,Estadio Alfonso Lastras Ramírez,San Luis Potosí,2021,Apertura - 6,Atletico San Luis,Cruz Azul,,,0.0,0.0,0.0,0.0,0.0,0.0,,,,,2021,empate
721770,"Diego Montano, Mexico",UTC,2021-08-22 02:36:00+00:00,11905.0,Estadio BBVA,Guadalupe,2021,Apertura - 6,Monterrey,Guadalajara Chivas,,,0.0,0.0,0.0,0.0,0.0,0.0,,,,,2021,empate
721771,"Brian Omar Gonzalez Veles, Mexico",UTC,2021-08-22 17:00:00+00:00,1083.0,Estadio Olímpico de Universitario,D.F.,2021,Apertura - 6,U.N.A.M. - Pumas,Puebla,True,False,2.0,0.0,0.0,0.0,2.0,0.0,,,,,2021,local_gana
721775,"Jorge Isaac Rojas Castillo, Mexico",UTC,2021-08-22 22:00:00+00:00,7182.0,Estadio Azteca,D.F.,2021,Apertura - 6,Club America,Club Tijuana,True,False,2.0,0.0,0.0,0.0,2.0,0.0,,,,,2021,local_gana
721773,"Daniel Quintero Huittron, Mexico",UTC,2021-08-23 00:00:00+00:00,1080.0,Estadio Victoria de Aguascalientes,Aguascalientes,2021,Apertura - 6,Necaxa,FC Juarez,True,False,1.0,0.0,0.0,0.0,1.0,0.0,,,,,2021,local_gana
721774,"Cesar Arturo Ramos Palazuelos, Mexico",UTC,2021-08-23 02:00:00+00:00,1084.0,Estadio La Corregidora,Santiago de Querétaro,2021,Apertura - 6,Club Queretaro,Pachuca,False,True,0.0,2.0,0.0,1.0,0.0,2.0,,,,,2021,visitante_gana
721777,"Adonai Escobedo Gonzalez, Mexico",UTC,2021-08-28 00:00:00+00:00,10546.0,Estadio de Mazatlán,Mazatlán,2021,Apertura - 7,Mazatlán,Atletico San Luis,,,2.0,2.0,1.0,1.0,2.0,2.0,,,,,2021,empate
721776,"Erick Yair Miranda Galindo, Mexico",UTC,2021-08-28 02:00:00+00:00,1082.0,Estadio Cuauhtémoc,Puebla,2021,Apertura - 7,Puebla,Club Queretaro,True,False,1.0,0.0,0.0,0.0,1.0,0.0,,,,,2021,local_gana
721778,"Fernando Guerrero Ramirez, Mexico",UTC,2021-08-28 02:06:00+00:00,1088.0,Estadio Caliente,Tijuana,2021,Apertura - 7,Club Tijuana,Monterrey,,,2.0,2.0,1.0,2.0,2.0,2.0,,,,,2021,empate
721782,"Jorge Isaac Rojas Castillo, Mexico",UTC,2021-08-28 22:00:00+00:00,1076.0,Estadio AKRON,Zapopan,2021,Apertura - 7,Guadalajara Chivas,Necaxa,True,False,2.0,1.0,1.0,0.0,2.0,1.0,,,,,2021,local_gana
721779,"Luis Santander, Mexico",UTC,2021-08-29 00:00:00+00:00,1087.0,Estadio Universitario de Nuevo León,San Nicolás de los Garza,2021,Apertura - 7,Tigres UANL,Atlas,,,1.0,1.0,1.0,0.0,1.0,1.0,,,,,2021,empate
721780,"Marco Antonio Ortiz Nava, Mexico",UTC,2021-08-29 02:00:00+00:00,,Estadio Leon,Leon,2021,Apertura - 7,Leon,Club America,,,1.0,1.0,1.0,1.0,1.0,1.0,,,,,2021,empate
721781,"Cesar Arturo Ramos Palazuelos, Mexico",UTC,2021-08-29 17:00:00+00:00,1089.0,Estadio Nemesio Díez,Toluca de Lerdo,2021,Apertura - 7,Toluca,U.N.A.M. - Pumas,True,False,2.0,1.0,1.0,1.0,2.0,1.0,,,,,2021,local_gana
721783,"Oscar Macias, Mexico",UTC,2021-08-29 23:00:00+00:00,1085.0,Estadio Nuevo Corona,Torreón,2021,Apertura - 7,Santos Laguna,FC Juarez,True,False,2.0,0.0,0.0,0.0,2.0,0.0,,,,,2021,local_gana
721784,"Alejandro Funk Villafane, Mexico",UTC,2021-08-30 01:00:00+00:00,7182.0,Estadio Azteca,D.F.,2021,Apertura - 7,Cruz Azul,Pachuca,,,1.0,1.0,0.0,1.0,1.0,1.0,,,,,2021,empate
721785,J. Esquivel,UTC,2021-09-11 00:00:00+00:00,1082.0,Estadio Cuauhtémoc,Puebla,2021,Apertura - 8,Puebla,Atletico San Luis,,,2.0,2.0,0.0,1.0,2.0,2.0,,,,,2021,empate
721787,M. Ortíz,UTC,2021-09-11 02:00:00+00:00,1845.0,Estadio Olímpico Benito Juárez,Ciudad Juárez,2021,Apertura - 8,FC Juarez,Cruz Azul,True,False,2.0,1.0,2.0,1.0,2.0,1.0,,,,,2021,local_gana
721786,L. Santander,UTC,2021-09-11 02:06:00+00:00,1088.0,Estadio Caliente,Tijuana,2021,Apertura - 8,Club Tijuana,Santos Laguna,True,False,2.0,1.0,1.0,0.0,2.0,1.0,,,,,2021,local_gana
721790,"Oscar Macias, Mexico",UTC,2021-09-11 22:00:00+00:00,1071.0,Estadio Jalisco,Guadalajara,2021,Apertura - 8,Atlas,Monterrey,True,False,2.0,1.0,0.0,1.0,2.0,1.0,,,,,2021,local_gana
721788,J. Pérez,UTC,2021-09-12 00:00:00+00:00,1087.0,Estadio Universitario de Nuevo León,San Nicolás de los Garza,2021,Apertura - 8,Tigres UANL,Leon,,,2.0,2.0,1.0,2.0,2.0,2.0,,,,,2021,empate
721789,D. Montaño,UTC,2021-09-12 02:00:00+00:00,7182.0,Estadio Azteca,D.F.,2021,Apertura - 8,Club America,Mazatlán,True,False,2.0,0.0,1.0,0.0,2.0,0.0,,,,,2021,local_gana
721792,"Fernando Guerrero Ramirez, Mexico",UTC,2021-09-12 22:00:00+00:00,1083.0,Estadio Olímpico de Universitario,D.F.,2021,Apertura - 8,U.N.A.M. - Pumas,Guadalajara Chivas,,,0.0,0.0,0.0,0.0,0.0,0.0,,,,,2021,empate
721791,"Fernando Hernandez, Mexico",UTC,2021-09-13 00:00:00+00:00,1084.0,Estadio La Corregidora,Santiago de Querétaro,2021,Apertura - 8,Club Queretaro,Necaxa,True,False,3.0,0.0,2.0,0.0,3.0,0.0,,,,,2021,local_gana
721793,"Oscar Mejia Garcia, Mexico",UTC,2021-09-14 02:00:00+00:00,1081.0,Estadio Hidalgo,Pachuca de Soto,2021,Apertura - 8,Pachuca,Toluca,False,True,1.0,2.0,1.0,1.0,1.0,2.0,,,,,2021,visitante_gana
721794,"Oscar Mejia Garcia, Mexico",UTC,2021-09-17 00:00:00+00:00,1795.0,Estadio Alfonso Lastras Ramírez,San Luis Potosí,2021,Apertura - 9,Atletico San Luis,Club Tijuana,True,False,4.0,1.0,3.0,1.0,4.0,1.0,,,,,2021,local_gana
721795,F. Guerrero,UTC,2021-09-18 02:00:00+00:00,1080.0,Estadio Victoria de Aguascalientes,Aguascalientes,2021,Apertura - 9,Necaxa,Atlas,False,True,0.0,3.0,0.0,2.0,0.0,3.0,,,,,2021,visitante_gana
721799,"Adonai Escobedo Gonzalez, Mexico",UTC,2021-09-18 22:00:00+00:00,,Estadio Leon,Leon,2021,Apertura - 9,Leon,FC Juarez,False,True,0.0,1.0,0.0,0.0,0.0,1.0,,,,,2021,visitante_gana
721797,"Jorge Isaac Rojas Castillo, Mexico",UTC,2021-09-19 00:00:00+00:00,1089.0,Estadio Nemesio Díez,Toluca de Lerdo,2021,Apertura - 9,Toluca,Club America,True,False,3.0,1.0,2.0,1.0,3.0,1.0,,,,,2021,local_gana
721798,"Diego Montano, Mexico",UTC,2021-09-19 02:00:00+00:00,1076.0,Estadio AKRON,Zapopan,2021,Apertura - 9,Guadalajara Chivas,Pachuca,True,False,1.0,0.0,0.0,0.0,1.0,0.0,,,,,2021,local_gana
721796,"Erick Yair Miranda Galindo, Mexico",UTC,2021-09-19 02:00:00+00:00,10546.0,Estadio de Mazatlán,Mazatlán,2021,Apertura - 9,Mazatlán,U.N.A.M. - Pumas,,,2.0,2.0,1.0,0.0,2.0,2.0,,,,,2021,empate
721801,"Edgar Allan Morales Olvera, Mexico",UTC,2021-09-20 00:00:00+00:00,7182.0,Estadio Azteca,D.F.,2021,Apertura - 9,Cruz Azul,Club Queretaro,True,False,2.0,0.0,1.0,0.0,2.0,0.0,,,,,2021,local_gana
721800,"Fernando Hernandez, Mexico",UTC,2021-09-20 00:06:00+00:00,11905.0,Estadio BBVA,Guadalupe,2021,Apertura - 9,Monterrey,Tigres UANL,True,False,2.0,0.0,1.0,0.0,2.0,0.0,,,,,2021,local_gana
721802,"Cesar Arturo Ramos Palazuelos, Mexico",UTC,2021-09-20 02:06:00+00:00,1085.0,Estadio Nuevo Corona,Torreón,2021,Apertura - 9,Santos Laguna,Puebla,,,1.0,1.0,0.0,0.0,1.0,1.0,,,,,2021,empate
721839,"Eduardo Galvan Basulto, Mexico",UTC,2021-09-22 02:00:00+00:00,1845.0,Estadio Olímpico Benito Juárez,Ciudad Juárez,2021,Apertura - 14,FC Juarez,Atletico San Luis,True,False,1.0,0.0,1.0,0.0,1.0,0.0,,,,,2021,local_gana
721812,"Erick Yair Miranda Galindo, Mexico",UTC,2021-09-23 00:06:00+00:00,11905.0,Estadio BBVA,Guadalupe,2021,Apertura - 11,Monterrey,Toluca,True,False,2.0,0.0,1.0,0.0,2.0,0.0,,,,,2021,local_gana
721803,"Jorge Antonio Perez Duran, Mexico",UTC,2021-09-24 02:00:00+00:00,1081.0,Estadio Hidalgo,Pachuca de Soto,2021,Apertura - 10,Pachuca,Necaxa,True,False,1.0,0.0,1.0,0.0,1.0,0.0,,,,,2021,local_gana
721804,Ó. Mejía,UTC,2021-09-25 01:00:00+00:00,1082.0,Estadio Cuauhtémoc,Puebla,2021,Apertura - 10,Puebla,Cruz Azul,,,1.0,1.0,1.0,1.0,1.0,1.0,,,,,2021,empate
721806,A. Escobedo,UTC,2021-09-25 02:06:00+00:00,1088.0,Estadio Caliente,Tijuana,2021,Apertura - 10,Club Tijuana,Mazatlán,,,0.0,0.0,0.0,0.0,0.0,0.0,,,,,2021,empate
721810,"Jorge Isaac Rojas Castillo, Mexico",UTC,2021-09-25 22:00:00+00:00,1071.0,Estadio Jalisco,Guadalajara,2021,Apertura - 10,Atlas,Leon,True,False,2.0,0.0,1.0,0.0,2.0,0.0,,,,,2021,local_gana
721807,Ó. Macías,UTC,2021-09-26 00:00:00+00:00,1087.0,Estadio Universitario de Nuevo León,San Nicolás de los Garza,2021,Apertura - 10,Tigres UANL,U.N.A.M. - Pumas,,,0.0,0.0,0.0,0.0,0.0,0.0,,,,,2021,empate
721808,C. Ramos,UTC,2021-09-26 02:00:00+00:00,7182.0,Estadio Azteca,D.F.,2021,Apertura - 10,Club America,Guadalajara Chivas,,,0.0,0.0,0.0,0.0,0.0,0.0,,,,,2021,empate
721809,"Luis Santander, Mexico",UTC,2021-09-26 17:00:00+00:00,1089.0,Estadio Nemesio Díez,Toluca de Lerdo,2021,Apertura - 10,Toluca,Atletico San Luis,False,True,1.0,2.0,1.0,2.0,1.0,2.0,,,,,2021,visitante_gana
721811,"Alberto Morin Mendez, Mexico",UTC,2021-09-27 00:06:00+00:00,1085.0,Estadio Nuevo Corona,Torreón,2021,Apertura - 10,Santos Laguna,Monterrey,False,True,1.0,2.0,0.0,0.0,1.0,2.0,,,,,2021,visitante_gana
721816,"Guillermo Pacheco Larios, Mexico",UTC,2021-09-28 22:00:00+00:00,1080.0,Estadio Victoria de Aguascalientes,Aguascalientes,2021,Apertura - 11,Necaxa,Club Tijuana,True,False,3.0,0.0,0.0,0.0,3.0,0.0,,,,,2021,local_gana
721815,J. Pérez,UTC,2021-09-29 00:00:00+00:00,10546.0,Estadio de Mazatlán,Mazatlán,2021,Apertura - 11,Mazatlán,FC Juarez,True,False,3.0,1.0,2.0,0.0,3.0,1.0,,,,,2021,local_gana
721813,F. Hernández,UTC,2021-09-29 02:00:00+00:00,1071.0,Estadio Jalisco,Guadalajara,2021,Apertura - 11,Atlas,Puebla,False,True,0.0,1.0,0.0,1.0,0.0,1.0,,,,,2021,visitante_gana
721814,F. Guerrero,UTC,2021-09-29 02:05:00+00:00,1081.0,Estadio Hidalgo,Pachuca de Soto,2021,Apertura - 11,Pachuca,Club America,,,1.0,1.0,1.0,1.0,1.0,1.0,,,,,2021,empate
721818,"Jorge Isaac Rojas Castillo, Mexico",UTC,2021-09-29 22:00:00+00:00,1795.0,Estadio Alfonso Lastras Ramírez,San Luis Potosí,2021,Apertura - 11,Atletico San Luis,Tigres UANL,False,True,0.0,3.0,0.0,1.0,0.0,3.0,,,,,2021,visitante_gana
721817,L. Santander,UTC,2021-09-30 02:15:00+00:00,1084.0,Estadio La Corregidora,Santiago de Querétaro,2021,Apertura - 11,Club Queretaro,Guadalajara Chivas,True,False,1.0,0.0,0.0,0.0,1.0,0.0,,,,,2021,local_gana
721821,D. Quintero,UTC,2021-10-02 00:00:00+00:00,1082.0,Estadio Cuauhtémoc,Puebla,2021,Apertura - 12,Puebla,Pachuca,False,True,1.0,2.0,1.0,1.0,1.0,2.0,,,,,2021,visitante_gana
721822,F. Hernández,UTC,2021-10-02 02:00:00+00:00,1845.0,Estadio Olímpico Benito Juárez,Ciudad Juárez,2021,Apertura - 12,FC Juarez,Monterrey,True,False,3.0,1.0,2.0,1.0,3.0,1.0,,,,,2021,local_gana
721826,"Victor Alfonso Caceres Hernandez, Mexico",UTC,2021-10-02 22:00:00+00:00,,Estadio Leon,Leon,2021,Apertura - 12,Leon,Atletico San Luis,,,0.0,0.0,0.0,0.0,0.0,0.0,,,,,2021,empate
721827,"Erick Yair Miranda Galindo, Mexico",UTC,2021-10-03 00:06:00+00:00,1085.0,Estadio Nuevo Corona,Torreón,2021,Apertura - 12,Santos Laguna,Mazatlán,True,False,1.0,0.0,1.0,0.0,1.0,0.0,,,,,2021,local_gana
721823,"Fernando Guerrero Ramirez, Mexico",UTC,2021-10-03 02:00:00+00:00,1076.0,Estadio AKRON,Zapopan,2021,Apertura - 12,Guadalajara Chivas,Atlas,False,True,0.0,1.0,0.0,1.0,0.0,1.0,,,,,2021,visitante_gana
721825,"Oscar Mejia Garcia, Mexico",UTC,2021-10-03 17:00:00+00:00,1089.0,Estadio Nemesio Díez,Toluca de Lerdo,2021,Apertura - 12,Toluca,Club Queretaro,,,1.0,1.0,0.0,0.0,1.0,1.0,,,,,2021,empate
721824,"Jorge Antonio Perez Duran, Mexico",UTC,2021-10-03 22:00:00+00:00,7182.0,Estadio Azteca,D.F.,2021,Apertura - 12,Club America,U.N.A.M. - Pumas,True,False,2.0,0.0,1.0,0.0,2.0,0.0,,,,,2021,local_gana
721829,"Marco Antonio Ortiz Nava, Mexico",UTC,2021-10-04 00:00:00+00:00,1087.0,Estadio Universitario de Nuevo León,San Nicolás de los Garza,2021,Apertura - 12,Tigres UANL,Necaxa,,,0.0,0.0,0.0,0.0,0.0,0.0,,,,,2021,empate
721828,"Luis Santander, Mexico",UTC,2021-10-04 02:06:00+00:00,1088.0,Estadio Caliente,Tijuana,2021,Apertura - 12,Club Tijuana,Cruz Azul,False,True,0.0,1.0,0.0,1.0,0.0,1.0,,,,,2021,visitante_gana
721805,"Marco Antonio Ortiz Nava, Mexico",UTC,2021-10-09 00:00:00+00:00,1845.0,Estadio Olímpico Benito Juárez,Ciudad Juárez,2021,Apertura - 10,FC Juarez,Club Queretaro,,,0.0,0.0,0.0,0.0,0.0,0.0,,,,,2021,empate
721830,"Eduardo Galvan Basulto, Mexico",UTC,2021-10-15 01:00:00+00:00,1084.0,Estadio La Corregidora,Santiago de Querétaro,2021,Apertura - 13,Club Queretaro,Club Tijuana,,,1.0,1.0,0.0,1.0,1.0,1.0,,,,,2021,empate
721831,"Fernando Guerrero Ramirez, Mexico",UTC,2021-10-16 00:00:00+00:00,1080.0,Estadio Victoria de Aguascalientes,Aguascalientes,2021,Apertura - 13,Necaxa,Puebla,False,True,0.0,1.0,0.0,0.0,0.0,1.0,,,,,2021,visitante_gana
721832,"Mario Humberto Vargas Mata, Mexico",UTC,2021-10-16 02:00:00+00:00,10546.0,Estadio de Mazatlán,Mazatlán,2021,Apertura - 13,Mazatlán,Atlas,True,False,1.0,0.0,1.0,0.0,1.0,0.0,,,,,2021,local_gana
721837,"Cesar Arturo Ramos Palazuelos, Mexico",UTC,2021-10-16 22:00:00+00:00,11905.0,Estadio BBVA,Guadalupe,2021,Apertura - 13,Monterrey,Leon,False,True,0.0,1.0,0.0,1.0,0.0,1.0,,,,,2021,visitante_gana
721834,D. Montaño,UTC,2021-10-17 00:00:00+00:00,1795.0,Estadio Alfonso Lastras Ramírez,San Luis Potosí,2021,Apertura - 13,Atletico San Luis,Club America,False,True,0.0,1.0,0.0,0.0,0.0,1.0,,,,,2021,visitante_gana
721833,Ó. Mejía,UTC,2021-10-17 00:05:00+00:00,1081.0,Estadio Hidalgo,Pachuca de Soto,2021,Apertura - 13,Pachuca,Santos Laguna,,,1.0,1.0,0.0,0.0,1.0,1.0,,,,,2021,empate
721835,J. Pérez,UTC,2021-10-17 02:00:00+00:00,7182.0,Estadio Azteca,D.F.,2021,Apertura - 13,Cruz Azul,Tigres UANL,,,1.0,1.0,1.0,1.0,1.0,1.0,,,,,2021,empate
721836,"Adonai Escobedo Gonzalez, Mexico",UTC,2021-10-17 17:00:00+00:00,1083.0,Estadio Olímpico de Universitario,D.F.,2021,Apertura - 13,U.N.A.M. - Pumas,FC Juarez,True,False,1.0,0.0,0.0,0.0,1.0,0.0,,,,,2021,local_gana
721838,"Fernando Hernandez, Mexico",UTC,2021-10-17 22:00:00+00:00,1076.0,Estadio AKRON,Zapopan,2021,Apertura - 13,Guadalajara Chivas,Toluca,True,False,2.0,0.0,1.0,0.0,2.0,0.0,,,,,2021,local_gana
721843,"Fernando Guerrero Ramirez, Mexico",UTC,2021-10-19 22:00:00+00:00,1084.0,Estadio La Corregidora,Santiago de Querétaro,2021,Apertura - 14,Club Queretaro,Monterrey,True,False,1.0,0.0,1.0,0.0,1.0,0.0,,,,,2021,local_gana
721840,"Jorge Antonio Perez Duran, Mexico",UTC,2021-10-20 00:00:00+00:00,1082.0,Estadio Cuauhtémoc,Puebla,2021,Apertura - 14,Puebla,Mazatlán,True,False,2.0,0.0,0.0,0.0,2.0,0.0,,,,,2021,local_gana
721841,"Marco Antonio Ortiz Nava, Mexico",UTC,2021-10-20 00:05:00+00:00,7182.0,Estadio Azteca,D.F.,2021,Apertura - 14,Club America,Santos Laguna,True,False,2.0,1.0,0.0,0.0,2.0,1.0,,,,,2021,local_gana
721842,"Jorge Isaac Rojas Castillo, Mexico",UTC,2021-10-20 02:05:00+00:00,1071.0,Estadio Jalisco,Guadalajara,2021,Apertura - 14,Atlas,Cruz Azul,,,0.0,0.0,0.0,0.0,0.0,0.0,,,,,2021,empate
721844,"Cesar Arturo Ramos Palazuelos, Mexico",UTC,2021-10-21 00:00:00+00:00,1089.0,Estadio Nemesio Díez,Toluca de Lerdo,2021,Apertura - 14,Toluca,Necaxa,,,1.0,1.0,0.0,0.0,1.0,1.0,,,,,2021,empate
721845,"Erick Yair Miranda Galindo, Mexico",UTC,2021-10-21 00:00:00+00:00,,Estadio Leon,Leon,2021,Apertura - 14,Leon,U.N.A.M. - Pumas,False,True,1.0,2.0,0.0,1.0,1.0,2.0,,,,,2021,visitante_gana
721846,"Luis Santander, Mexico",UTC,2021-10-21 02:00:00+00:00,1087.0,Estadio Universitario de Nuevo León,San Nicolás de los Garza,2021,Apertura - 14,Tigres UANL,Pachuca,True,False,3.0,0.0,2.0,0.0,3.0,0.0,,,,,2021,local_gana
721847,"Juan Andres Esquivel Gonzalez, Mexico",UTC,2021-10-21 02:06:00+00:00,1088.0,Estadio Caliente,Tijuana,2021,Apertura - 14,Club Tijuana,Guadalajara Chivas,,,0.0,0.0,0.0,0.0,0.0,0.0,,,,,2021,empate
721848,Ó. Macías,UTC,2021-10-23 02:00:00+00:00,10546.0,Estadio de Mazatlán,Mazatlán,2021,Apertura - 15,Mazatlán,Club Queretaro,True,False,2.0,1.0,0.0,1.0,2.0,1.0,,,,,2021,local_gana
721852,"Eduardo Galvan Basulto, Mexico",UTC,2021-10-23 22:00:00+00:00,1082.0,Estadio Cuauhtémoc,Puebla,2021,Apertura - 15,Puebla,Leon,False,True,0.0,1.0,0.0,0.0,0.0,1.0,,,,,2021,visitante_gana
721849,F. Guerrero,UTC,2021-10-24 00:00:00+00:00,7182.0,Estadio Azteca,D.F.,2021,Apertura - 15,Club America,Tigres UANL,True,False,1.0,0.0,0.0,0.0,1.0,0.0,,,,,2021,local_gana
721850,M. Ortíz,UTC,2021-10-24 02:00:00+00:00,1076.0,Estadio AKRON,Zapopan,2021,Apertura - 15,Guadalajara Chivas,Cruz Azul,,,1.0,1.0,0.0,1.0,1.0,1.0,,,,,2021,empate
721851,"Fernando Hernandez, Mexico",UTC,2021-10-24 17:00:00+00:00,1083.0,Estadio Olímpico de Universitario,D.F.,2021,Apertura - 15,U.N.A.M. - Pumas,Club Tijuana,True,False,3.0,1.0,1.0,0.0,3.0,1.0,,,,,2021,local_gana
721853,L. Santander,UTC,2021-10-24 22:06:00+00:00,11905.0,Estadio BBVA,Guadalupe,2021,Apertura - 15,Monterrey,Necaxa,False,True,0.0,1.0,0.0,0.0,0.0,1.0,,,,,2021,visitante_gana
721855,"Cesar Arturo Ramos Palazuelos, Mexico",UTC,2021-10-25 00:00:00+00:00,1795.0,Estadio Alfonso Lastras Ramírez,San Luis Potosí,2021,Apertura - 15,Atletico San Luis,Atlas,False,True,2.0,6.0,0.0,4.0,2.0,6.0,,,,,2021,visitante_gana
721854,"Jorge Isaac Rojas Castillo, Mexico",UTC,2021-10-25 00:06:00+00:00,1085.0,Estadio Nuevo Corona,Torreón,2021,Apertura - 15,Santos Laguna,Toluca,,,2.0,2.0,1.0,0.0,2.0,2.0,,,,,2021,empate
721856,"Diego Montano, Mexico",UTC,2021-10-25 02:00:00+00:00,1081.0,Estadio Hidalgo,Pachuca de Soto,2021,Apertura - 15,Pachuca,FC Juarez,,,1.0,1.0,0.0,1.0,1.0,1.0,,,,,2021,empate
721857,"Oscar Macias, Mexico",UTC,2021-10-29 00:00:00+00:00,1071.0,Estadio Jalisco,Guadalajara,2021,Apertura - 16,Atlas,Club Tijuana,False,True,0.0,2.0,0.0,1.0,0.0,2.0,,,,,2021,visitante_gana
721858,"Oscar Mejia Garcia, Mexico",UTC,2021-10-30 00:00:00+00:00,1080.0,Estadio Victoria de Aguascalientes,Aguascalientes,2021,Apertura - 16,Necaxa,Mazatlán,True,False,2.0,1.0,1.0,0.0,2.0,1.0,,,,,2021,local_gana
721859,"Erick Yair Miranda Galindo, Mexico",UTC,2021-10-30 02:00:00+00:00,1845.0,Estadio Olímpico Benito Juárez,Ciudad Juárez,2021,Apertura - 16,FC Juarez,Puebla,False,True,0.0,2.0,0.0,0.0,0.0,2.0,,,,,2021,visitante_gana
721860,"Jorge Antonio Perez Duran, Mexico",UTC,2021-10-30 23:00:00+00:00,1084.0,Estadio La Corregidora,Santiago de Querétaro,2021,Apertura - 16,Club Queretaro,Santos Laguna,False,True,2.0,3.0,0.0,2.0,2.0,3.0,,,,,2021,visitante_gana
721861,"Fernando Guerrero Ramirez, Mexico",UTC,2021-10-31 01:06:00+00:00,1081.0,Estadio Hidalgo,Pachuca de Soto,2021,Apertura - 16,Pachuca,U.N.A.M. - Pumas,,,1.0,1.0,0.0,1.0,1.0,1.0,,,,,2021,empate
721862,"Diego Montano, Mexico",UTC,2021-10-31 02:10:00+00:00,1087.0,Estadio Universitario de Nuevo León,San Nicolás de los Garza,2021,Apertura - 16,Tigres UANL,Guadalajara Chivas,True,False,2.0,1.0,1.0,0.0,2.0,1.0,,,,,2021,local_gana
721863,"Marco Antonio Ortiz Nava, Mexico",UTC,2021-10-31 18:00:00+00:00,1089.0,Estadio Nemesio Díez,Toluca de Lerdo,2021,Apertura - 16,Toluca,Leon,,,0.0,0.0,0.0,0.0,0.0,0.0,,,,,2021,empate
721864,"Luis Santander, Mexico",UTC,2021-10-31 23:05:00+00:00,7182.0,Estadio Azteca,D.F.,2021,Apertura - 16,Cruz Azul,Club America,True,False,2.0,1.0,1.0,0.0,2.0,1.0,,,,,2021,local_gana
721865,"Adonai Escobedo Gonzalez, Mexico",UTC,2021-11-01 01:05:00+00:00,1795.0,Estadio Alfonso Lastras Ramírez,San Luis Potosí,2021,Apertura - 16,Atletico San Luis,Monterrey,,,1.0,1.0,0.0,1.0,1.0,1.0,,,,,2021,empate
721766,"Erick Yair Miranda Galindo, Mexico",UTC,2021-11-04 01:00:00+00:00,1081.0,Estadio Hidalgo,Pachuca de Soto,2021,Apertura - 5,Pachuca,Atletico San Luis,,,0.0,0.0,0.0,0.0,0.0,0.0,,,,,2021,empate
721819,"Fernando Guerrero Ramirez, Mexico",UTC,2021-11-04 03:00:00+00:00,7182.0,Estadio Azteca,D.F.,2021,Apertura - 11,Cruz Azul,Leon,False,True,0.0,1.0,0.0,1.0,0.0,1.0,,,,,2021,visitante_gana
721820,"Adonai Escobedo Gonzalez, Mexico",UTC,2021-11-05 01:00:00+00:00,1083.0,Estadio Olímpico de Universitario,D.F.,2021,Apertura - 11,U.N.A.M. - Pumas,Santos Laguna,False,True,0.0,3.0,0.0,1.0,0.0,3.0,,,,,2021,visitante_gana
721866,"Guillermo Pacheco Larios, Mexico",UTC,2021-11-05 03:00:00+00:00,1071.0,Estadio Jalisco,Guadalajara,2021,Apertura - 17,Atlas,Club Queretaro,True,False,2.0,0.0,0.0,0.0,2.0,0.0,,,,,2021,local_gana
721867,J. Pérez,UTC,2021-11-06 01:00:00+00:00,1082.0,Estadio Cuauhtémoc,Puebla,2021,Apertura - 17,Puebla,Toluca,True,False,1.0,0.0,0.0,0.0,1.0,0.0,,,,,2021,local_gana
721868,J. Rojas,UTC,2021-11-06 03:00:00+00:00,10546.0,Estadio de Mazatlán,Mazatlán,2021,Apertura - 17,Mazatlán,Guadalajara Chivas,False,True,0.0,1.0,0.0,0.0,0.0,1.0,,,,,2021,visitante_gana
721869,"Luis Santander, Mexico",UTC,2021-11-06 23:00:00+00:00,,Estadio Leon,Leon,2021,Apertura - 17,Leon,Necaxa,True,False,3.0,0.0,1.0,0.0,3.0,0.0,,,,,2021,local_gana
721870,D. Montaño,UTC,2021-11-07 01:00:00+00:00,7182.0,Estadio Azteca,D.F.,2021,Apertura - 17,Club America,Monterrey,,,0.0,0.0,0.0,0.0,0.0,0.0,,,,,2021,empate
721871,Ó. Macías,UTC,2021-11-07 03:00:00+00:00,1087.0,Estadio Universitario de Nuevo León,San Nicolás de los Garza,2021,Apertura - 17,Tigres UANL,FC Juarez,True,False,3.0,0.0,1.0,0.0,3.0,0.0,,,,,2021,local_gana
721872,E. Galván,UTC,2021-11-07 03:06:00+00:00,1088.0,Estadio Caliente,Tijuana,2021,Apertura - 17,Club Tijuana,Pachuca,True,False,3.0,2.0,1.0,1.0,3.0,2.0,,,,,2021,local_gana
721873,"Marco Antonio Ortiz Nava, Mexico",UTC,2021-11-07 23:00:00+00:00,1083.0,Estadio Olímpico de Universitario,D.F.,2021,Apertura - 17,U.N.A.M. - Pumas,Cruz Azul,True,False,4.0,3.0,1.0,3.0,4.0,3.0,,,,,2021,local_gana
721874,"Fernando Guerrero Ramirez, Mexico",UTC,2021-11-08 01:06:00+00:00,1085.0,Estadio Nuevo Corona,Torreón,2021,Apertura - 17,Santos Laguna,Atletico San Luis,,,0.0,0.0,0.0,0.0,0.0,0.0,,,,,2021,empate
812182,C. Ramos,UTC,2021-11-21 01:00:00+00:00,1085.0,Estadio Nuevo Corona,Torreón,2021,Apertura - Reclasificación,Santos Laguna,Atletico San Luis,True,False,2.0,0.0,0.0,0.0,2.0,0.0,,,,,2021,local_gana
812184,M. Ortíz,UTC,2021-11-21 03:00:00+00:00,1082.0,Estadio Cuauhtémoc,Puebla,2021,Apertura - Reclasificación,Puebla,Guadalajara Chivas,True,False,2.0,2.0,1.0,1.0,2.0,2.0,0.0,0.0,6.0,5.0,2021,empate
812183,"Fernando Hernandez, Mexico",UTC,2021-11-21 23:00:00+00:00,1089.0,Estadio Nemesio Díez,Toluca de Lerdo,2021,Apertura - Reclasificación,Toluca,U.N.A.M. - Pumas,False,True,1.0,2.0,0.0,1.0,1.0,2.0,,,,,2021,visitante_gana
812185,"Fernando Guerrero Ramirez, Mexico",UTC,2021-11-22 01:15:00+00:00,7182.0,Estadio Azteca,D.F.,2021,Apertura - Reclasificación,Cruz Azul,Monterrey,False,True,1.0,4.0,1.0,2.0,1.0,4.0,,,,,2021,visitante_gana
813305,"Jorge Antonio Perez Duran, Mexico",UTC,2021-11-25 01:00:00+00:00,1083.0,Estadio Olímpico de Universitario,D.F.,2021,Apertura - Quarter-finals,U.N.A.M. - Pumas,Club America,,,0.0,0.0,0.0,0.0,0.0,0.0,,,,,2021,empate
813307,"Jorge Isaac Rojas Castillo, Mexico",UTC,2021-11-25 03:05:00+00:00,11905.0,Estadio BBVA,Guadalupe,2021,Apertura - Quarter-finals,Monterrey,Atlas,,,0.0,0.0,0.0,0.0,0.0,0.0,,,,,2021,empate
813309,"Erick Yair Miranda Galindo, Mexico",UTC,2021-11-26 01:00:00+00:00,1082.0,Estadio Cuauhtémoc,Puebla,2021,Apertura - Quarter-finals,Puebla,Leon,True,False,2.0,1.0,1.0,1.0,2.0,1.0,,,,,2021,local_gana
813311,"Oscar Macias, Mexico",UTC,2021-11-26 03:05:00+00:00,1085.0,Estadio Nuevo Corona,Torreón,2021,Apertura - Quarter-finals,Santos Laguna,Tigres UANL,True,False,2.0,1.0,2.0,0.0,2.0,1.0,,,,,2021,local_gana
813306,"Marco Antonio Ortiz Nava, Mexico",UTC,2021-11-28 01:00:00+00:00,7182.0,Estadio Azteca,D.F.,2021,Apertura - Quarter-finals,Club America,U.N.A.M. - Pumas,False,True,1.0,3.0,1.0,2.0,1.0,3.0,,,,,2021,visitante_gana
813308,"Cesar Arturo Ramos Palazuelos, Mexico",UTC,2021-11-28 03:05:00+00:00,1071.0,Estadio Jalisco,Guadalajara,2021,Apertura - Quarter-finals,Atlas,Monterrey,,,1.0,1.0,1.0,0.0,1.0,1.0,,,,,2021,empate
813312,"Luis Santander, Mexico",UTC,2021-11-29 00:00:00+00:00,1087.0,Estadio Universitario de Nuevo León,San Nicolás de los Garza,2021,Apertura - Quarter-finals,Tigres UANL,Santos Laguna,True,False,1.0,0.0,0.0,0.0,1.0,0.0,,,,,2021,local_gana
813310,"Jorge Antonio Perez Duran, Mexico",UTC,2021-11-29 02:05:00+00:00,,Estadio Leon,Leon,2021,Apertura - Quarter-finals,Leon,Puebla,True,False,2.0,0.0,1.0,0.0,2.0,0.0,,,,,2021,local_gana
814001,"Marco Antonio Ortiz Nava, Mexico",UTC,2021-12-02 03:00:00+00:00,1087.0,Estadio Universitario de Nuevo León,San Nicolás de los Garza,2021,Apertura - Semi-finals,Tigres UANL,Leon,True,False,2.0,1.0,0.0,0.0,2.0,1.0,,,,,2021,local_gana
814003,"Jorge Isaac Rojas Castillo, Mexico",UTC,2021-12-03 03:00:00+00:00,1083.0,Estadio Olímpico de Universitario,D.F.,2021,Apertura - Semi-finals,U.N.A.M. - Pumas,Atlas,False,True,0.0,1.0,0.0,1.0,0.0,1.0,,,,,2021,visitante_gana
814002,"Marco Antonio Ortiz Nava, Mexico",UTC,2021-12-05 03:00:00+00:00,,Estadio Leon,Leon,2021,Apertura - Semi-finals,Leon,Tigres UANL,True,False,2.0,1.0,1.0,1.0,2.0,1.0,,,,,2021,local_gana
814004,J. Pérez,UTC,2021-12-06 01:00:00+00:00,1071.0,Estadio Jalisco,Guadalajara,2021,Apertura - Semi-finals,Atlas,U.N.A.M. - Pumas,False,True,0.0,1.0,0.0,0.0,0.0,1.0,,,,,2021,visitante_gana
815205,"Luis Santander, Mexico",UTC,2021-12-10 03:00:00+00:00,,Estadio Leon,Leon,2021,Apertura - Finals,Leon,Atlas,True,False,3.0,2.0,1.0,1.0,3.0,2.0,,,,,2021,local_gana
815206,"Marco Antonio Ortiz Nava, Mexico",UTC,2021-12-13 02:15:00+00:00,1071.0,Estadio Jalisco,Guadalajara,2021,Apertura - Finals,Atlas,Leon,True,False,1.0,0.0,0.0,0.0,1.0,0.0,0.0,0.0,4.0,3.0,2021,local_gana
816329,"Oscar Macias, Mexico",UTC,2022-01-07 03:00:00+00:00,1795.0,Estadio Alfonso Lastras Ramírez,San Luis Potosí,2021,Clausura - 1,Atletico San Luis,Pachuca,False,True,0.0,2.0,0.0,0.0,0.0,2.0,,,,,2022,visitante_gana
816330,"Luis Santander, Mexico",UTC,2022-01-08 01:00:00+00:00,1845.0,Estadio Olímpico Benito Juárez,Ciudad Juárez,2021,Clausura - 1,FC Juarez,Necaxa,True,False,2.0,1.0,1.0,0.0,2.0,1.0,,,,,2022,local_gana
816331,"Oscar Mejia Garcia, Mexico",UTC,2022-01-08 03:00:00+00:00,1082.0,Estadio Cuauhtémoc,Puebla,2021,Clausura - 1,Puebla,Club America,,,1.0,1.0,1.0,1.0,1.0,1.0,,,,,2022,empate
816332,"Edgar Allan Morales Olvera, Mexico",UTC,2022-01-09 01:06:00+00:00,11905.0,Estadio BBVA,Guadalupe,2021,Clausura - 1,Monterrey,Club Queretaro,,,0.0,0.0,0.0,0.0,0.0,0.0,,,,,2022,empate
816334,"Daniel Quintero Huitron, Mexico",UTC,2022-01-09 03:00:00+00:00,7182.0,Estadio Azteca,D.F.,2021,Clausura - 1,Cruz Azul,Club Tijuana,True,False,2.0,0.0,1.0,0.0,2.0,0.0,,,,,2022,local_gana
816336,"Cesar Arturo Ramos Palazuelos, Mexico",UTC,2022-01-10 00:00:00+00:00,1076.0,Estadio AKRON,Zapopan,2021,Clausura - 1,Guadalajara Chivas,Mazatlán,True,False,3.0,0.0,3.0,0.0,3.0,0.0,,,,,2022,local_gana
816335,"Diego Montano, Mexico",UTC,2022-01-11 03:00:00+00:00,1083.0,Estadio Olímpico de Universitario,D.F.,2021,Clausura - 1,U.N.A.M. - Pumas,Toluca,True,False,5.0,0.0,1.0,0.0,5.0,0.0,,,,,2022,local_gana
816333,"Adonai Escobedo Gonzalez, Mexico",UTC,2022-01-13 02:06:00+00:00,1085.0,Estadio Nuevo Corona,Torreón,2021,Clausura - 1,Santos Laguna,Tigres UANL,,,1.0,1.0,0.0,0.0,1.0,1.0,,,,,2022,empate
816338,E. Miranda,UTC,2022-01-15 01:00:00+00:00,1084.0,Estadio La Corregidora,Santiago de Querétaro,2021,Clausura - 2,Club Queretaro,U.N.A.M. - Pumas,False,True,1.0,3.0,1.0,2.0,1.0,3.0,,,,,2022,visitante_gana
816339,F. Hernández,UTC,2022-01-15 03:00:00+00:00,1080.0,Estadio Victoria de Aguascalientes,Aguascalientes,2021,Clausura - 2,Necaxa,Monterrey,False,True,0.0,4.0,0.0,3.0,0.0,4.0,,,,,2022,visitante_gana
816340,"Brian Omar Gonzalez Veles, Mexico",UTC,2022-01-15 23:00:00+00:00,1071.0,Estadio Jalisco,Guadalajara,2021,Clausura - 2,Atlas,Atletico San Luis,True,False,1.0,0.0,0.0,0.0,1.0,0.0,,,,,2022,local_gana
816341,L. Santander,UTC,2022-01-16 01:00:00+00:00,1087.0,Estadio Universitario de Nuevo León,San Nicolás de los Garza,2021,Clausura - 2,Tigres UANL,Puebla,False,True,0.0,2.0,0.0,2.0,0.0,2.0,,,,,2022,visitante_gana
816342,G. Pacheco,UTC,2022-01-16 03:00:00+00:00,7182.0,Estadio Azteca,D.F.,2021,Clausura - 2,Cruz Azul,FC Juarez,True,False,1.0,0.0,1.0,0.0,1.0,0.0,,,,,2022,local_gana
816343,Ó. Mejía,UTC,2022-01-16 03:06:00+00:00,1088.0,Estadio Caliente,Tijuana,2021,Clausura - 2,Club Tijuana,Leon,,,1.0,1.0,0.0,1.0,1.0,1.0,,,,,2022,empate
816344,"Cesar Arturo Ramos Palazuelos, Mexico",UTC,2022-01-16 18:00:00+00:00,1089.0,Estadio Nemesio Díez,Toluca de Lerdo,2021,Clausura - 2,Toluca,Santos Laguna,True,False,3.0,1.0,1.0,1.0,3.0,1.0,,,,,2022,local_gana
816345,"Adonai Escobedo Gonzalez, Mexico",UTC,2022-01-16 23:00:00+00:00,1081.0,Estadio Hidalgo,Pachuca de Soto,2021,Clausura - 2,Pachuca,Guadalajara Chivas,True,False,2.0,1.0,2.0,0.0,2.0,1.0,,,,,2022,local_gana
816337,"Fernando Hernandez, Mexico",UTC,2022-01-20 03:00:00+00:00,,Estadio Leon,Leon,2021,Clausura - 1,Leon,Atlas,,,1.0,1.0,1.0,0.0,1.0,1.0,,,,,2022,empate
816347,"Erick Yair Miranda Galindo, Mexico",UTC,2022-01-21 03:00:00+00:00,1795.0,Estadio Alfonso Lastras Ramírez,San Luis Potosí,2021,Clausura - 3,Atletico San Luis,FC Juarez,False,True,0.0,1.0,0.0,0.0,0.0,1.0,,,,,2022,visitante_gana
816348,Ó. Macías,UTC,2022-01-22 03:00:00+00:00,10546.0,Estadio de Mazatlán,Mazatlán,2021,Clausura - 3,Mazatlán,Toluca,False,True,1.0,2.0,1.0,0.0,1.0,2.0,,,,,2022,visitante_gana
816350,"Diego Montano, Mexico",UTC,2022-01-22 23:00:00+00:00,1076.0,Estadio AKRON,Zapopan,2021,Clausura - 3,Guadalajara Chivas,Club Queretaro,,,1.0,1.0,1.0,1.0,1.0,1.0,,,,,2022,empate
816351,D. Quintero,UTC,2022-01-23 01:00:00+00:00,,Estadio León,León de los Aldamas,2021,Clausura - 3,Leon,Pachuca,True,False,2.0,1.0,1.0,1.0,2.0,1.0,,,,,2022,local_gana
816352,M. Ortíz,UTC,2022-01-23 03:00:00+00:00,7182.0,Estadio Azteca,D.F.,2021,Clausura - 3,Club America,Atlas,False,True,0.0,2.0,0.0,0.0,0.0,2.0,,,,,2022,visitante_gana
816353,C. Ramos,UTC,2022-01-23 03:06:00+00:00,11905.0,Estadio BBVA,Guadalupe,2021,Clausura - 3,Monterrey,Cruz Azul,,,2.0,2.0,0.0,1.0,2.0,2.0,,,,,2022,empate
816354,"Oscar Mejia Garcia, Mexico",UTC,2022-01-23 18:00:00+00:00,1083.0,Estadio Olímpico de Universitario,D.F.,2021,Clausura - 3,U.N.A.M. - Pumas,Tigres UANL,False,True,1.0,2.0,1.0,0.0,1.0,2.0,,,,,2022,visitante_gana
816355,"Victor Alfonso Caceres Hernandez, Mexico",UTC,2022-01-24 01:00:00+00:00,1085.0,Estadio Nuevo Corona,Torreón,2021,Clausura - 3,Santos Laguna,Necaxa,False,True,1.0,4.0,1.0,1.0,1.0,4.0,,,,,2022,visitante_gana
816349,"Guillermo Pacheco Larios, Mexico",UTC,2022-01-29 03:00:00+00:00,1082.0,Estadio Cuauhtémoc,Puebla,2021,Clausura - 3,Puebla,Club Tijuana,True,False,3.0,1.0,0.0,1.0,3.0,1.0,,,,,2022,local_gana
816356,"Marco Antonio Ortiz Nava, Mexico",UTC,2022-02-05 23:00:00+00:00,1080.0,Estadio Victoria de Aguascalientes,Aguascalientes,2021,Clausura - 4,Necaxa,Pachuca,False,True,1.0,3.0,0.0,2.0,1.0,3.0,,,,,2022,visitante_gana
816357,A. Escobedo,UTC,2022-02-06 01:00:00+00:00,7182.0,Estadio Azteca,D.F.,2021,Clausura - 4,Club America,Atletico San Luis,False,True,2.0,3.0,0.0,1.0,2.0,3.0,,,,,2022,visitante_gana
816359,D. Montaño,UTC,2022-02-06 03:06:00+00:00,1088.0,Estadio Caliente,Tijuana,2021,Clausura - 4,Club Tijuana,U.N.A.M. - Pumas,True,False,1.0,0.0,0.0,0.0,1.0,0.0,,,,,2022,local_gana
816360,"Ismael Rosario Lopez Penuelas, Mexico",UTC,2022-02-06 22:00:00+00:00,1084.0,Estadio La Corregidora,Santiago de Querétaro,2021,Clausura - 4,Club Queretaro,Puebla,False,True,0.0,2.0,0.0,2.0,0.0,2.0,,,,,2022,visitante_gana
816361,"Jorge Antonio Perez Duran, Mexico",UTC,2022-02-07 00:00:00+00:00,1071.0,Estadio Jalisco,Guadalajara,2021,Clausura - 4,Atlas,Santos Laguna,True,False,2.0,1.0,2.0,0.0,2.0,1.0,,,,,2022,local_gana
816362,"Fernando Hernandez, Mexico",UTC,2022-02-07 02:00:00+00:00,1087.0,Estadio Universitario de Nuevo León,San Nicolás de los Garza,2021,Clausura - 4,Tigres UANL,Mazatlán,True,False,4.0,3.0,2.0,0.0,4.0,3.0,,,,,2022,local_gana
816363,"Victor Alfonso Caceres Hernandez, Mexico",UTC,2022-02-08 03:05:00+00:00,,Estadio Leon,Leon,2021,Clausura - 4,Leon,Cruz Azul,False,True,0.0,1.0,0.0,1.0,0.0,1.0,,,,,2022,visitante_gana
816358,"Brian Omar Gonzalez Veles, Mexico",UTC,2022-02-10 01:00:00+00:00,1845.0,Estadio Olímpico Benito Juárez,Ciudad Juárez,2021,Clausura - 4,FC Juarez,Guadalajara Chivas,False,True,1.0,3.0,1.0,1.0,1.0,3.0,,,,,2022,visitante_gana
816365,F. Guerrero,UTC,2022-02-12 01:00:00+00:00,10546.0,Estadio de Mazatlán,Mazatlán,2021,Clausura - 5,Mazatlán,Club Tijuana,True,False,2.0,0.0,1.0,0.0,2.0,0.0,,,,,2022,local_gana
816366,V. Cáceres,UTC,2022-02-12 03:00:00+00:00,1082.0,Estadio Cuauhtémoc,Puebla,2021,Clausura - 5,Puebla,Atlas,,,1.0,1.0,0.0,0.0,1.0,1.0,,,,,2022,empate
816372,"Jorge Antonio Perez Duran, Mexico",UTC,2022-02-12 23:00:00+00:00,1076.0,Estadio AKRON,Zapopan,2021,Clausura - 5,Guadalajara Chivas,Tigres UANL,False,True,1.0,3.0,0.0,2.0,1.0,3.0,,,,,2022,visitante_gana
816367,"Daniel Quintero Huitron, Mexico",UTC,2022-02-12 23:00:00+00:00,1795.0,Estadio Alfonso Lastras Ramírez,San Luis Potosí,2021,Clausura - 5,Atletico San Luis,Toluca,False,True,0.0,1.0,0.0,1.0,0.0,1.0,,,,,2022,visitante_gana
816368,E. Miranda,UTC,2022-02-13 01:00:00+00:00,7182.0,Estadio Azteca,D.F.,2021,Clausura - 5,Cruz Azul,Necaxa,False,True,1.0,2.0,1.0,0.0,1.0,2.0,,,,,2022,visitante_gana
816369,L. Santander,UTC,2022-02-13 03:00:00+00:00,1085.0,Estadio Nuevo Corona,Torreón,2021,Clausura - 5,Santos Laguna,Club America,False,True,2.0,3.0,2.0,2.0,2.0,3.0,,,,,2022,visitante_gana
816370,"Guillermo Pacheco Larios, Mexico",UTC,2022-02-13 18:00:00+00:00,1083.0,Estadio Olímpico de Universitario,D.F.,2021,Clausura - 5,U.N.A.M. - Pumas,Leon,True,False,2.0,1.0,2.0,1.0,2.0,1.0,,,,,2022,local_gana
816371,"Jorge Abraham Camacho Peregrina, Mexico",UTC,2022-02-15 03:00:00+00:00,1081.0,Estadio Hidalgo,Pachuca de Soto,2021,Clausura - 5,Pachuca,Club Queretaro,,,2.0,2.0,2.0,1.0,2.0,2.0,,,,,2022,empate
816346,"Jorge Antonio Perez Duran, Mexico",UTC,2022-02-17 01:00:00+00:00,10546.0,Estadio de Mazatlán,Mazatlán,2021,Clausura - 2,Mazatlán,Club America,True,False,2.0,1.0,2.0,0.0,2.0,1.0,,,,,2022,local_gana
816374,Ó. Mejía,UTC,2022-02-19 01:00:00+00:00,1082.0,Estadio Cuauhtémoc,Puebla,2021,Clausura - 6,Puebla,Monterrey,True,False,1.0,0.0,1.0,0.0,1.0,0.0,,,,,2022,local_gana
816375,F. Hernández,UTC,2022-02-19 03:00:00+00:00,1845.0,Estadio Olímpico Benito Juárez,Ciudad Juárez,2021,Clausura - 6,FC Juarez,Santos Laguna,,,0.0,0.0,0.0,0.0,0.0,0.0,,,,,2022,empate
816376,I. Lopez,UTC,2022-02-19 03:06:00+00:00,1088.0,Estadio Caliente,Tijuana,2021,Clausura - 6,Club Tijuana,Necaxa,,,1.0,1.0,0.0,0.0,1.0,1.0,,,,,2022,empate
816380,"Luis Santander, Mexico",UTC,2022-02-19 23:00:00+00:00,1084.0,Estadio La Corregidora,Santiago de Querétaro,2021,Clausura - 6,Club Queretaro,Mazatlán,True,False,2.0,0.0,0.0,0.0,2.0,0.0,,,,,2022,local_gana
816377,M. Ortíz,UTC,2022-02-20 01:00:00+00:00,1087.0,Estadio Universitario de Nuevo León,San Nicolás de los Garza,2021,Clausura - 6,Tigres UANL,Atletico San Luis,True,False,2.0,1.0,0.0,0.0,2.0,1.0,,,,,2022,local_gana
816379,F. Guerrero,UTC,2022-02-20 03:00:00+00:00,,Estadio León,León de los Aldamas,2021,Clausura - 6,Leon,Guadalajara Chivas,True,False,2.0,1.0,1.0,0.0,2.0,1.0,,,,,2022,local_gana
816378,"Diego Montano, Mexico",UTC,2022-02-20 22:00:00+00:00,7182.0,Estadio Azteca,D.F.,2021,Clausura - 6,Club America,Pachuca,False,True,1.0,3.0,0.0,2.0,1.0,3.0,,,,,2022,visitante_gana
816381,"Jorge Antonio Perez Duran, Mexico",UTC,2022-02-21 00:05:00+00:00,1089.0,Estadio Nemesio Díez,Toluca de Lerdo,2021,Clausura - 6,Toluca,Cruz Azul,False,True,1.0,4.0,1.0,1.0,1.0,4.0,,,,,2022,visitante_gana
816382,"Daniel Quintero Huittron, Mexico",UTC,2022-02-21 02:00:00+00:00,1071.0,Estadio Jalisco,Guadalajara,2021,Clausura - 6,Atlas,U.N.A.M. - Pumas,,,0.0,0.0,0.0,0.0,0.0,0.0,,,,,2022,empate
816383,"Ismael Rosario Lopez Penuelas, Mexico",UTC,2022-02-25 01:00:00+00:00,1081.0,Estadio Hidalgo,Pachuca de Soto,2021,Clausura - 7,Pachuca,Mazatlán,True,False,3.0,1.0,2.0,1.0,3.0,1.0,,,,,2022,local_gana
816384,"Oscar Mejia Garcia, Mexico",UTC,2022-02-25 03:05:00+00:00,1084.0,Estadio La Corregidora,Santiago de Querétaro,2021,Clausura - 7,Club Queretaro,Toluca,,,1.0,1.0,1.0,0.0,1.0,1.0,,,,,2022,empate
816385,Ó. Macías,UTC,2022-02-26 01:00:00+00:00,1080.0,Estadio Victoria de Aguascalientes,Aguascalientes,2021,Clausura - 7,Necaxa,Leon,False,True,0.0,1.0,0.0,1.0,0.0,1.0,,,,,2022,visitante_gana
816387,D. Quintero,UTC,2022-02-26 03:00:00+00:00,1845.0,Estadio Olímpico Benito Juárez,Ciudad Juárez,2021,Clausura - 7,FC Juarez,Tigres UANL,False,True,2.0,3.0,0.0,3.0,2.0,3.0,,,,,2022,visitante_gana
816386,J. Pérez,UTC,2022-02-26 03:06:00+00:00,1088.0,Estadio Caliente,Tijuana,2021,Clausura - 7,Club Tijuana,Atlas,True,False,2.0,0.0,2.0,0.0,2.0,0.0,,,,,2022,local_gana
816389,"Fernando Hernandez, Mexico",UTC,2022-02-27 01:00:00+00:00,1076.0,Estadio AKRON,Zapopan,2021,Clausura - 7,Guadalajara Chivas,Puebla,False,True,2.0,3.0,2.0,0.0,2.0,3.0,,,,,2022,visitante_gana
816390,"Fernando Guerrero Ramirez, Mexico",UTC,2022-02-27 03:00:00+00:00,1083.0,Estadio Olímpico de Universitario,D.F.,2021,Clausura - 7,U.N.A.M. - Pumas,Club America,,,0.0,0.0,0.0,0.0,0.0,0.0,,,,,2022,empate
816388,D. Montaño,UTC,2022-02-27 23:06:00+00:00,11905.0,Estadio BBVA,Guadalupe,2021,Clausura - 7,Monterrey,Atletico San Luis,False,True,0.0,2.0,0.0,1.0,0.0,2.0,,,,,2022,visitante_gana
816391,"Cesar Arturo Ramos Palazuelos, Mexico",UTC,2022-02-28 01:00:00+00:00,7182.0,Estadio Azteca,D.F.,2021,Clausura - 7,Cruz Azul,Santos Laguna,False,True,1.0,2.0,0.0,1.0,1.0,2.0,,,,,2022,visitante_gana
816392,"Jorge Abraham Camacho Peregrina, Mexico",UTC,2022-03-02 01:00:00+00:00,1089.0,Estadio Nemesio Díez,Toluca de Lerdo,2021,Clausura - 8,Toluca,Club Tijuana,False,True,1.0,2.0,1.0,1.0,1.0,2.0,,,,,2022,visitante_gana
816393,"Ismael Rosario Lopez Penuelas, Mexico",UTC,2022-03-02 01:00:00+00:00,1082.0,Estadio Cuauhtémoc,Puebla,2021,Clausura - 8,Puebla,FC Juarez,,,1.0,1.0,0.0,0.0,1.0,1.0,,,,,2022,empate
816396,"Fernando Hernandez, Mexico",UTC,2022-03-02 03:00:00+00:00,7182.0,Estadio Azteca,D.F.,2021,Clausura - 8,Club America,Club Queretaro,,,1.0,1.0,1.0,0.0,1.0,1.0,,,,,2022,empate
816394,"Luis Santander, Mexico",UTC,2022-03-02 03:00:00+00:00,,Estadio Leon,Leon,2021,Clausura - 8,Leon,Monterrey,,,0.0,0.0,0.0,0.0,0.0,0.0,,,,,2022,empate
816395,"Diego Montano, Mexico",UTC,2022-03-02 03:00:00+00:00,10546.0,Estadio de Mazatlán,Mazatlán,2021,Clausura - 8,Mazatlán,Necaxa,,,0.0,0.0,0.0,0.0,0.0,0.0,,,,,2022,empate
816398,"Victor Alfonso Caceres Hernandez, Mexico",UTC,2022-03-03 01:00:00+00:00,1087.0,Estadio Universitario de Nuevo León,San Nicolás de los Garza,2021,Clausura - 8,Tigres UANL,Cruz Azul,,,2.0,2.0,2.0,1.0,2.0,2.0,,,,,2022,empate
816397,"Brian Omar Gonzalez Veles, Mexico",UTC,2022-03-03 01:00:00+00:00,1071.0,Estadio Jalisco,Guadalajara,2021,Clausura - 8,Atlas,Pachuca,False,True,0.0,1.0,0.0,0.0,0.0,1.0,,,,,2022,visitante_gana
816400,"Oscar Macias, Mexico",UTC,2022-03-03 03:00:00+00:00,1085.0,Estadio Nuevo Corona,Torreón,2021,Clausura - 8,Santos Laguna,U.N.A.M. - Pumas,True,False,3.0,2.0,1.0,1.0,3.0,2.0,,,,,2022,local_gana
816399,"Cesar Arturo Ramos Palazuelos, Mexico",UTC,2022-03-03 03:00:00+00:00,1795.0,Estadio Alfonso Lastras Ramírez,San Luis Potosí,2021,Clausura - 8,Atletico San Luis,Guadalajara Chivas,,,2.0,2.0,2.0,0.0,2.0,2.0,,,,,2022,empate
816401,"Guillermo Pacheco Larios, Mexico",UTC,2022-03-05 01:00:00+00:00,1080.0,Estadio Victoria de Aguascalientes,Aguascalientes,2021,Clausura - 9,Necaxa,Toluca,False,True,0.0,1.0,0.0,1.0,0.0,1.0,,,,,2022,visitante_gana
816402,"Oscar Mejia Garcia, Mexico",UTC,2022-03-05 03:00:00+00:00,1845.0,Estadio Olímpico Benito Juárez,Ciudad Juárez,2021,Clausura - 9,FC Juarez,Leon,False,True,0.0,1.0,0.0,0.0,0.0,1.0,,,,,2022,visitante_gana
816403,F. Guerrero,UTC,2022-03-05 23:00:00+00:00,1084.0,Estadio La Corregidora,Santiago de Querétaro,2021,Clausura - 9,Club Queretaro,Atlas,False,True,0.0,1.0,0.0,1.0,0.0,1.0,,,,,2022,visitante_gana
816404,"Erick Yair Miranda Galindo, Mexico",UTC,2022-03-06 01:06:00+00:00,11905.0,Estadio BBVA,Guadalupe,2021,Clausura - 9,Monterrey,Club America,True,False,2.0,1.0,1.0,1.0,2.0,1.0,,,,,2022,local_gana
816406,"Victor Alfonso Caceres Hernandez, Mexico",UTC,2022-03-06 03:00:00+00:00,1076.0,Estadio AKRON,Zapopan,2021,Clausura - 9,Guadalajara Chivas,Santos Laguna,True,False,1.0,0.0,0.0,0.0,1.0,0.0,,,,,2022,local_gana
816405,"Jorge Antonio Perez Duran, Mexico",UTC,2022-03-06 03:00:00+00:00,7182.0,Estadio Azteca,D.F.,2021,Clausura - 9,Cruz Azul,Puebla,False,True,1.0,3.0,1.0,2.0,1.0,3.0,,,,,2022,visitante_gana
816411,Ó. Mejía,UTC,2022-03-12 01:00:00+00:00,1080.0,Estadio Victoria de Aguascalientes,Aguascalientes,2021,Clausura - 10,Necaxa,Club Queretaro,True,False,1.0,0.0,1.0,0.0,1.0,0.0,,,,,2022,local_gana
816412,E. Miranda,UTC,2022-03-12 03:00:00+00:00,1845.0,Estadio Olímpico Benito Juárez,Ciudad Juárez,2021,Clausura - 10,FC Juarez,Atlas,False,True,1.0,2.0,0.0,1.0,1.0,2.0,,,,,2022,visitante_gana
816414,D. Quintero,UTC,2022-03-12 03:06:00+00:00,11905.0,Estadio BBVA,Guadalupe,2021,Clausura - 10,Monterrey,Mazatlán,True,False,2.0,1.0,2.0,0.0,2.0,1.0,,,,,2022,local_gana
816413,"Fernando Guerrero Ramirez, Mexico",UTC,2022-03-12 23:00:00+00:00,,Estadio Leon,Leon,2021,Clausura - 10,Leon,Tigres UANL,False,True,0.0,3.0,0.0,2.0,0.0,3.0,,,,,2022,visitante_gana
816415,F. Hernández,UTC,2022-03-13 01:00:00+00:00,7182.0,Estadio Azteca,D.F.,2021,Clausura - 10,Cruz Azul,U.N.A.M. - Pumas,True,False,2.0,1.0,1.0,1.0,2.0,1.0,,,,,2022,local_gana
816416,J. Pérez,UTC,2022-03-13 03:00:00+00:00,1076.0,Estadio AKRON,Zapopan,2021,Clausura - 10,Guadalajara Chivas,Club America,,,0.0,0.0,0.0,0.0,0.0,0.0,,,,,2022,empate
816417,"Cesar Arturo Ramos Palazuelos, Mexico",UTC,2022-03-13 18:00:00+00:00,1089.0,Estadio Nemesio Díez,Toluca de Lerdo,2021,Clausura - 10,Toluca,Pachuca,False,True,0.0,3.0,0.0,1.0,0.0,3.0,,,,,2022,visitante_gana
816418,"Luis Santander, Mexico",UTC,2022-03-13 23:00:00+00:00,1795.0,Estadio Alfonso Lastras Ramírez,San Luis Potosí,2021,Clausura - 10,Atletico San Luis,Puebla,True,False,2.0,1.0,1.0,0.0,2.0,1.0,,,,,2022,local_gana
816410,"Brian Omar Gonzalez Veles, Mexico",UTC,2022-03-14 01:00:00+00:00,1085.0,Estadio Nuevo Corona,Torreón,2021,Clausura - 10,Santos Laguna,Club Tijuana,True,False,4.0,0.0,1.0,0.0,4.0,0.0,,,,,2022,local_gana
816373,"Victor Alfonso Caceres Hernandez, Mexico",UTC,2022-03-16 03:06:00+00:00,11905.0,Estadio BBVA,Guadalupe,2021,Clausura - 5,Monterrey,FC Juarez,True,False,3.0,0.0,0.0,0.0,3.0,0.0,,,,,2022,local_gana
816419,"Fernando Hernandez, Mexico",UTC,2022-03-18 03:05:00+00:00,1972.0,Estadio Generalísimo José María Morelos y Pavón,Morelia,2021,Clausura - 11,Club Queretaro,Atletico San Luis,True,False,2.0,1.0,0.0,0.0,2.0,1.0,,,,,2022,local_gana
816420,F. Guerrero,UTC,2022-03-19 03:00:00+00:00,1082.0,Estadio Cuauhtémoc,Puebla,2021,Clausura - 11,Puebla,Santos Laguna,,,2.0,2.0,0.0,0.0,2.0,2.0,,,,,2022,empate
816423,"Adonai Escobedo Gonzalez, Mexico",UTC,2022-03-19 23:00:00+00:00,1083.0,Estadio Olímpico de Universitario,D.F.,2021,Clausura - 11,U.N.A.M. - Pumas,Necaxa,False,True,1.0,3.0,0.0,2.0,1.0,3.0,,,,,2022,visitante_gana
816424,J. Pérez,UTC,2022-03-20 01:00:00+00:00,1087.0,Estadio Universitario de Nuevo León,San Nicolás de los Garza,2021,Clausura - 11,Tigres UANL,Monterrey,True,False,2.0,0.0,0.0,0.0,2.0,0.0,,,,,2022,local_gana
816425,B. González,UTC,2022-03-20 03:00:00+00:00,1081.0,Estadio Hidalgo,Pachuca de Soto,2021,Clausura - 11,Pachuca,Cruz Azul,True,False,1.0,0.0,1.0,0.0,1.0,0.0,,,,,2022,local_gana
816426,"Oscar Mejia Garcia, Mexico",UTC,2022-03-20 23:00:00+00:00,7182.0,Estadio Azteca,D.F.,2021,Clausura - 11,Club America,Toluca,True,False,3.0,0.0,3.0,0.0,3.0,0.0,,,,,2022,local_gana
816427,"Cesar Arturo Ramos Palazuelos, Mexico",UTC,2022-03-21 01:00:00+00:00,1071.0,Estadio Jalisco,Guadalajara,2021,Clausura - 11,Atlas,Guadalajara Chivas,,,1.0,1.0,0.0,0.0,1.0,1.0,,,,,2022,empate
816422,"Ismael Rosario Lopez Penuelas, Mexico",UTC,2022-03-21 03:00:00+00:00,10546.0,Estadio de Mazatlán,Mazatlán,2021,Clausura - 11,Mazatlán,Leon,False,True,1.0,2.0,0.0,2.0,1.0,2.0,,,,,2022,visitante_gana
816421,"Luis Santander, Mexico",UTC,2022-03-21 03:06:00+00:00,1088.0,Estadio Caliente,Tijuana,2021,Clausura - 11,Club Tijuana,FC Juarez,True,False,1.0,0.0,0.0,0.0,1.0,0.0,,,,,2022,local_gana
816407,L. Santander,UTC,2022-03-27 22:00:00+00:00,1083.0,Estadio Olímpico de Universitario,D.F.,2021,Clausura - 9,U.N.A.M. - Pumas,Mazatlán,,,1.0,1.0,0.0,0.0,1.0,1.0,,,,,2022,empate
816428,C. Ramos,UTC,2022-04-02 02:00:00+00:00,1795.0,Estadio Alfonso Lastras Ramírez,San Luis Potosí,2021,Clausura - 12,Atletico San Luis,Mazatlán,True,False,1.0,0.0,0.0,0.0,1.0,0.0,,,,,2022,local_gana
816430,D. Quintero,UTC,2022-04-03 01:00:00+00:00,1080.0,Estadio Victoria de Aguascalientes,Aguascalientes,2021,Clausura - 12,Necaxa,Club America,False,True,0.0,1.0,0.0,0.0,0.0,1.0,,,,,2022,visitante_gana
816432,F. Guerrero,UTC,2022-04-03 03:00:00+00:00,1845.0,Estadio Olímpico Benito Juárez,Ciudad Juárez,2021,Clausura - 12,FC Juarez,U.N.A.M. - Pumas,False,True,0.0,1.0,0.0,0.0,0.0,1.0,,,,,2022,visitante_gana
816433,"Fernando Hernandez, Mexico",UTC,2022-04-03 17:00:00+00:00,1089.0,Estadio Nemesio Díez,Toluca de Lerdo,2021,Clausura - 12,Toluca,Puebla,True,False,2.0,1.0,2.0,1.0,2.0,1.0,,,,,2022,local_gana
816434,G. Pacheco,UTC,2022-04-03 22:00:00+00:00,,Estadio León,León de los Aldamas,2021,Clausura - 12,Leon,Club Queretaro,,,1.0,1.0,0.0,1.0,1.0,1.0,,,,,2022,empate
816429,"Luis Santander, Mexico",UTC,2022-04-03 23:00:00+00:00,7182.0,Estadio Azteca,D.F.,2021,Clausura - 12,Cruz Azul,Atlas,True,False,1.0,0.0,1.0,0.0,1.0,0.0,,,,,2022,local_gana
816435,"Oscar Macias, Mexico",UTC,2022-04-04 00:00:00+00:00,1087.0,Estadio Universitario de Nuevo León,San Nicolás de los Garza,2021,Clausura - 12,Tigres UANL,Club Tijuana,True,False,2.0,0.0,0.0,0.0,2.0,0.0,,,,,2022,local_gana
816436,"Adonai Escobedo Gonzalez, Mexico",UTC,2022-04-04 00:00:00+00:00,1085.0,Estadio Nuevo Corona,Torreón,2021,Clausura - 12,Santos Laguna,Pachuca,True,False,3.0,1.0,1.0,0.0,3.0,1.0,,,,,2022,local_gana
816364,"Eduardo Galvan Basulto, Mexico",UTC,2022-04-07 00:00:00+00:00,1089.0,Estadio Nemesio Díez,Toluca de Lerdo,2021,Clausura - 4,Toluca,Monterrey,,,2.0,2.0,1.0,2.0,2.0,2.0,,,,,2022,empate
816409,"Jesus Rafael Lopez Valle, Mexico",UTC,2022-04-07 02:06:00+00:00,1088.0,Estadio Caliente,Tijuana,2021,Clausura - 9,Club Tijuana,Atletico San Luis,,,1.0,1.0,0.0,0.0,1.0,1.0,,,,,2022,empate
816408,"Ismael Rosario Lopez Penuelas, Mexico",UTC,2022-04-08 00:00:00+00:00,1081.0,Estadio Hidalgo,Pachuca de Soto,2021,Clausura - 9,Pachuca,Tigres UANL,True,False,2.0,1.0,0.0,0.0,2.0,1.0,,,,,2022,local_gana
816437,"Jorge Antonio Perez Duran, Mexico",UTC,2022-04-08 02:00:00+00:00,1071.0,Estadio Jalisco,Guadalajara,2021,Clausura - 13,Atlas,Necaxa,True,False,2.0,1.0,1.0,0.0,2.0,1.0,,,,,2022,local_gana
816438,"Brian Omar Gonzalez Veles, Mexico",UTC,2022-04-09 00:00:00+00:00,1082.0,Estadio Cuauhtémoc,Puebla,2021,Clausura - 13,Puebla,U.N.A.M. - Pumas,,,2.0,2.0,2.0,1.0,2.0,2.0,,,,,2022,empate
816439,"Erick Yair Miranda Galindo, Mexico",UTC,2022-04-09 02:00:00+00:00,10546.0,Estadio de Mazatlán,Mazatlán,2021,Clausura - 13,Mazatlán,Cruz Azul,,,1.0,1.0,1.0,0.0,1.0,1.0,,,,,2022,empate
816440,"Luis Santander, Mexico",UTC,2022-04-09 22:00:00+00:00,1795.0,Estadio Alfonso Lastras Ramírez,San Luis Potosí,2021,Clausura - 13,Atletico San Luis,Leon,True,False,2.0,0.0,1.0,0.0,2.0,0.0,,,,,2022,local_gana
816442,"Oscar Macias, Mexico",UTC,2022-04-10 00:00:00+00:00,1089.0,Estadio Nemesio Díez,Toluca de Lerdo,2021,Clausura - 13,Toluca,Guadalajara Chivas,,,1.0,1.0,0.0,0.0,1.0,1.0,,,,,2022,empate
816441,"Marco Antonio Ortiz Nava, Mexico",UTC,2022-04-10 00:06:00+00:00,11905.0,Estadio BBVA,Guadalupe,2021,Clausura - 13,Monterrey,Santos Laguna,True,False,1.0,0.0,0.0,0.0,1.0,0.0,,,,,2022,local_gana
816443,"Cesar Arturo Ramos Palazuelos, Mexico",UTC,2022-04-10 02:00:00+00:00,7182.0,Estadio Azteca,D.F.,2021,Clausura - 13,Club America,FC Juarez,True,False,3.0,0.0,2.0,0.0,3.0,0.0,,,,,2022,local_gana
816444,"Diego Montano, Mexico",UTC,2022-04-11 00:00:00+00:00,1084.0,Estadio La Corregidora,Santiago de Querétaro,2021,Clausura - 13,Club Queretaro,Tigres UANL,False,True,0.0,1.0,0.0,0.0,0.0,1.0,,,,,2022,visitante_gana
816445,"Daniel Quintero Huittron, Mexico",UTC,2022-04-12 02:00:00+00:00,1081.0,Estadio Hidalgo,Pachuca de Soto,2021,Clausura - 13,Pachuca,Club Tijuana,,,0.0,0.0,0.0,0.0,0.0,0.0,,,,,2022,empate
816431,"Diego Montano, Mexico",UTC,2022-04-14 01:05:00+00:00,1076.0,Estadio AKRON,Zapopan,2021,Clausura - 12,Guadalajara Chivas,Monterrey,False,True,1.0,3.0,1.0,1.0,1.0,3.0,,,,,2022,visitante_gana
816446,"Ismael Rosario Lopez Penuelas, Mexico",UTC,2022-04-15 02:00:00+00:00,1071.0,Estadio Jalisco,Guadalajara,2021,Clausura - 14,Atlas,Mazatlán,False,True,1.0,2.0,0.0,2.0,1.0,2.0,,,,,2022,visitante_gana
816447,Ó. Mejía,UTC,2022-04-16 00:00:00+00:00,1080.0,Estadio Victoria de Aguascalientes,Aguascalientes,2021,Clausura - 14,Necaxa,Atletico San Luis,True,False,4.0,2.0,3.0,1.0,4.0,2.0,,,,,2022,local_gana
816449,Ó. Macías,UTC,2022-04-16 02:00:00+00:00,1845.0,Estadio Olímpico Benito Juárez,Ciudad Juárez,2021,Clausura - 14,FC Juarez,Pachuca,False,True,1.0,2.0,1.0,1.0,1.0,2.0,,,,,2022,visitante_gana
816448,L. Santander,UTC,2022-04-16 02:06:00+00:00,1088.0,Estadio Caliente,Tijuana,2021,Clausura - 14,Club Tijuana,Club America,False,True,1.0,3.0,1.0,2.0,1.0,3.0,,,,,2022,visitante_gana
816450,"Eduardo Galvan Basulto, Mexico",UTC,2022-04-16 22:00:00+00:00,,Estadio Leon,Leon,2021,Clausura - 14,Leon,Puebla,False,True,0.0,1.0,0.0,1.0,0.0,1.0,,,,,2022,visitante_gana
816452,M. Ortíz,UTC,2022-04-17 00:00:00+00:00,1087.0,Estadio Universitario de Nuevo León,San Nicolás de los Garza,2021,Clausura - 14,Tigres UANL,Toluca,True,False,3.0,0.0,0.0,0.0,3.0,0.0,,,,,2022,local_gana
816451,C. Ramos,UTC,2022-04-17 00:00:00+00:00,1085.0,Estadio Nuevo Corona,Torreón,2021,Clausura - 14,Santos Laguna,Club Queretaro,,,1.0,1.0,0.0,0.0,1.0,1.0,,,,,2022,empate
816453,J. Pérez,UTC,2022-04-17 02:00:00+00:00,7182.0,Estadio Azteca,D.F.,2021,Clausura - 14,Cruz Azul,Guadalajara Chivas,False,True,0.0,1.0,0.0,0.0,0.0,1.0,,,,,2022,visitante_gana
816454,"Erick Yair Miranda Galindo, Mexico",UTC,2022-04-17 17:00:00+00:00,1083.0,Estadio Olímpico de Universitario,D.F.,2021,Clausura - 14,U.N.A.M. - Pumas,Monterrey,True,False,2.0,0.0,0.0,0.0,2.0,0.0,,,,,2022,local_gana
816456,"Jesus Rafael Lopez Valle, Mexico",UTC,2022-04-20 00:00:00+00:00,1080.0,Estadio Victoria de Aguascalientes,Aguascalientes,2021,Clausura - 15,Necaxa,Tigres UANL,True,False,2.0,0.0,2.0,0.0,2.0,0.0,,,,,2022,local_gana
816455,"Oscar Mejia Garcia, Mexico",UTC,2022-04-20 00:00:00+00:00,1081.0,Estadio Hidalgo,Pachuca de Soto,2021,Clausura - 15,Pachuca,Puebla,True,False,1.0,0.0,1.0,0.0,1.0,0.0,,,,,2022,local_gana
816459,"Adonai Escobedo Gonzalez, Mexico",UTC,2022-04-20 02:00:00+00:00,1076.0,Estadio AKRON,Zapopan,2021,Clausura - 15,Guadalajara Chivas,Club Tijuana,True,False,2.0,1.0,1.0,1.0,2.0,1.0,,,,,2022,local_gana
816458,"Victor Alfonso Caceres Hernandez, Mexico",UTC,2022-04-20 02:00:00+00:00,1089.0,Estadio Nemesio Díez,Toluca de Lerdo,2021,Clausura - 15,Toluca,FC Juarez,False,True,0.0,1.0,0.0,0.0,0.0,1.0,,,,,2022,visitante_gana
816457,"Fernando Hernandez, Mexico",UTC,2022-04-20 02:00:00+00:00,10546.0,Estadio de Mazatlán,Mazatlán,2021,Clausura - 15,Mazatlán,Santos Laguna,True,False,1.0,0.0,1.0,0.0,1.0,0.0,,,,,2022,local_gana
816460,"Marco Antonio Ortiz Nava, Mexico",UTC,2022-04-21 00:00:00+00:00,1795.0,Estadio Alfonso Lastras Ramírez,San Luis Potosí,2021,Clausura - 15,Atletico San Luis,U.N.A.M. - Pumas,True,False,2.0,0.0,1.0,0.0,2.0,0.0,,,,,2022,local_gana
816461,"Diego Montano, Mexico",UTC,2022-04-21 02:00:00+00:00,7182.0,Estadio Azteca,D.F.,2021,Clausura - 15,Club America,Leon,True,False,2.0,0.0,1.0,0.0,2.0,0.0,,,,,2022,local_gana
816462,"Cesar Arturo Ramos Palazuelos, Mexico",UTC,2022-04-21 02:06:00+00:00,11905.0,Estadio BBVA,Guadalupe,2021,Clausura - 15,Monterrey,Atlas,,,0.0,0.0,0.0,0.0,0.0,0.0,,,,,2022,empate
816463,"Fernando Guerrero Ramirez, Mexico",UTC,2022-04-22 02:00:00+00:00,1084.0,Estadio La Corregidora,Santiago de Querétaro,2021,Clausura - 15,Club Queretaro,Cruz Azul,False,True,0.0,1.0,0.0,0.0,0.0,1.0,,,,,2022,visitante_gana
816464,I. Lopez,UTC,2022-04-23 00:00:00+00:00,1082.0,Estadio Cuauhtémoc,Puebla,2021,Clausura - 16,Puebla,Necaxa,False,True,0.0,1.0,0.0,0.0,0.0,1.0,,,,,2022,visitante_gana
816465,Ó. Mejía,UTC,2022-04-23 02:00:00+00:00,1845.0,Estadio Olímpico Benito Juárez,Ciudad Juárez,2021,Clausura - 16,FC Juarez,Mazatlán,False,True,0.0,2.0,0.0,1.0,0.0,2.0,,,,,2022,visitante_gana
816466,"Luis Santander, Mexico",UTC,2022-04-23 22:00:00+00:00,1081.0,Estadio Hidalgo,Pachuca de Soto,2021,Clausura - 16,Pachuca,Monterrey,True,False,3.0,0.0,1.0,0.0,3.0,0.0,,,,,2022,local_gana
816467,F. Hernández,UTC,2022-04-24 00:00:00+00:00,1087.0,Estadio Universitario de Nuevo León,San Nicolás de los Garza,2021,Clausura - 16,Tigres UANL,Club America,False,True,0.0,2.0,0.0,1.0,0.0,2.0,,,,,2022,visitante_gana
816468,Ó. Macías,UTC,2022-04-24 02:00:00+00:00,1076.0,Estadio AKRON,Zapopan,2021,Clausura - 16,Guadalajara Chivas,U.N.A.M. - Pumas,True,False,3.0,1.0,2.0,0.0,3.0,1.0,,,,,2022,local_gana
816469,"Fernando Guerrero Ramirez, Mexico",UTC,2022-04-24 17:00:00+00:00,1089.0,Estadio Nemesio Díez,Toluca de Lerdo,2021,Clausura - 16,Toluca,Atlas,False,True,2.0,4.0,1.0,2.0,2.0,4.0,,,,,2022,visitante_gana
816470,"Jesus Rafael Lopez Valle, Mexico",UTC,2022-04-24 22:00:00+00:00,7182.0,Estadio Azteca,D.F.,2021,Clausura - 16,Cruz Azul,Atletico San Luis,False,True,0.0,1.0,0.0,1.0,0.0,1.0,,,,,2022,visitante_gana
816471,"Adonai Escobedo Gonzalez, Mexico",UTC,2022-04-25 00:00:00+00:00,1085.0,Estadio Nuevo Corona,Torreón,2021,Clausura - 16,Santos Laguna,Leon,,,1.0,1.0,0.0,0.0,1.0,1.0,,,,,2022,empate
816472,"Marco Antonio Ortiz Nava, Mexico",UTC,2022-04-25 02:06:00+00:00,1088.0,Estadio Caliente,Tijuana,2021,Clausura - 16,Club Tijuana,Club Queretaro,,,2.0,2.0,2.0,0.0,2.0,2.0,,,,,2022,empate
816473,C. Ramos,UTC,2022-04-30 00:00:00+00:00,1080.0,Estadio Victoria de Aguascalientes,Aguascalientes,2021,Clausura - 17,Necaxa,Guadalajara Chivas,False,True,0.0,1.0,0.0,0.0,0.0,1.0,,,,,2022,visitante_gana
816474,J. Pérez,UTC,2022-04-30 02:05:00+00:00,10546.0,Estadio de Mazatlán,Mazatlán,2021,Clausura - 17,Mazatlán,Puebla,True,False,2.0,1.0,0.0,0.0,2.0,1.0,,,,,2022,local_gana
816475,"Adonai Escobedo Gonzalez, Mexico",UTC,2022-04-30 22:00:00+00:00,1084.0,Estadio La Corregidora,Santiago de Querétaro,2021,Clausura - 17,Club Queretaro,FC Juarez,True,False,4.0,0.0,2.0,0.0,4.0,0.0,,,,,2022,local_gana
816476,Ó. Mejía,UTC,2022-05-01 00:00:00+00:00,1071.0,Estadio Jalisco,Guadalajara,2021,Clausura - 17,Atlas,Tigres UANL,,,1.0,1.0,0.0,0.0,1.0,1.0,,,,,2022,empate
816477,D. Quintero,UTC,2022-05-01 00:06:00+00:00,11905.0,Estadio BBVA,Guadalupe,2021,Clausura - 17,Monterrey,Club Tijuana,True,False,2.0,0.0,1.0,0.0,2.0,0.0,,,,,2022,local_gana
816478,M. Ortíz,UTC,2022-05-01 02:00:00+00:00,7182.0,Estadio Azteca,D.F.,2021,Clausura - 17,Club America,Cruz Azul,,,0.0,0.0,0.0,0.0,0.0,0.0,,,,,2022,empate
816479,"Fernando Hernandez, Mexico",UTC,2022-05-01 17:00:00+00:00,1083.0,Estadio Olímpico de Universitario,D.F.,2021,Clausura - 17,U.N.A.M. - Pumas,Pachuca,True,False,2.0,0.0,0.0,0.0,2.0,0.0,,,,,2022,local_gana
816480,"Ismael Rosario Lopez Penuelas, Mexico",UTC,2022-05-01 21:00:00+00:00,1795.0,Estadio Alfonso Lastras Ramírez,San Luis Potosí,2021,Clausura - 17,Atletico San Luis,Santos Laguna,False,True,1.0,3.0,0.0,0.0,1.0,3.0,,,,,2022,visitante_gana
816481,"Luis Santander, Mexico",UTC,2022-05-02 01:06:00+00:00,,Estadio Leon,Leon,2021,Clausura - 17,Leon,Toluca,,,4.0,4.0,3.0,3.0,4.0,4.0,,,,,2022,empate
860911,"Fernando Guerrero Ramirez, Mexico",UTC,2022-05-07 22:45:00+00:00,7182.0,Estadio Azteca,D.F.,2021,Clausura - Reclasificacion,Cruz Azul,Necaxa,True,False,1.0,1.0,0.0,0.0,1.0,1.0,0.0,0.0,3.0,1.0,2022,empate
860912,J. Pérez,UTC,2022-05-08 01:06:00+00:00,11905.0,Estadio BBVA,Guadalupe,2021,Clausura - Reclasificacion,Monterrey,Atletico San Luis,False,True,2.0,2.0,1.0,0.0,2.0,2.0,0.0,0.0,1.0,3.0,2022,empate
860913,"Cesar Arturo Ramos Palazuelos, Mexico",UTC,2022-05-08 22:00:00+00:00,1082.0,Estadio Cuauhtémoc,Puebla,2021,Clausura - Reclasificacion,Puebla,Mazatlán,True,False,2.0,2.0,2.0,1.0,2.0,2.0,0.0,0.0,3.0,1.0,2022,empate
860914,"Marco Antonio Ortiz Nava, Mexico",UTC,2022-05-09 00:15:00+00:00,1076.0,Estadio AKRON,Zapopan,2021,Clausura - Reclasificacion,Guadalajara Chivas,U.N.A.M. - Pumas,True,False,4.0,1.0,1.0,1.0,4.0,1.0,,,,,2022,local_gana
861500,"Oscar Mejia Garcia, Mexico",UTC,2022-05-12 00:00:00+00:00,1795.0,Estadio Alfonso Lastras Ramírez,San Luis Potosí,2021,Clausura - Quarter-finals,Atletico San Luis,Pachuca,,,2.0,2.0,1.0,1.0,2.0,2.0,,,,,2022,empate
861502,"Luis Santander, Mexico",UTC,2022-05-12 02:05:00+00:00,1082.0,Estadio Cuauhtémoc,Puebla,2021,Clausura - Quarter-finals,Puebla,Club America,,,1.0,1.0,0.0,0.0,1.0,1.0,,,,,2022,empate
861504,"Fernando Hernandez, Mexico",UTC,2022-05-13 00:00:00+00:00,7182.0,Estadio Azteca,D.F.,2021,Clausura - Quarter-finals,Cruz Azul,Tigres UANL,False,True,0.0,1.0,0.0,1.0,0.0,1.0,,,,,2022,visitante_gana
861506,"Jorge Antonio Perez Duran, Mexico",UTC,2022-05-13 02:05:00+00:00,1076.0,Estadio AKRON,Zapopan,2021,Clausura - Quarter-finals,Guadalajara Chivas,Atlas,False,True,1.0,2.0,0.0,2.0,1.0,2.0,,,,,2022,visitante_gana
861503,"Julio Gerardo Garcia Armenta, Mexico",UTC,2022-05-14 23:00:00+00:00,7182.0,Estadio Azteca,D.F.,2021,Clausura - Quarter-finals,Club America,Puebla,True,False,3.0,2.0,1.0,1.0,3.0,2.0,,,,,2022,local_gana
861501,M. Ortíz,UTC,2022-05-15 01:05:00+00:00,1081.0,Estadio Hidalgo,Pachuca de Soto,2021,Clausura - Quarter-finals,Pachuca,Atletico San Luis,True,False,3.0,2.0,0.0,0.0,3.0,2.0,,,,,2022,local_gana
861507,"Fernando Hernandez, Mexico",UTC,2022-05-15 23:00:00+00:00,1071.0,Estadio Jalisco,Guadalajara,2021,Clausura - Quarter-finals,Atlas,Guadalajara Chivas,,,1.0,1.0,1.0,0.0,1.0,1.0,,,,,2022,empate
861505,"Cesar Arturo Ramos Palazuelos, Mexico",UTC,2022-05-16 01:05:00+00:00,1087.0,Estadio Universitario de Nuevo León,San Nicolás de los Garza,2021,Clausura - Quarter-finals,Tigres UANL,Cruz Azul,False,True,0.0,1.0,0.0,1.0,0.0,1.0,,,,,2022,visitante_gana
862203,"Marco Antonio Ortiz Nava, Mexico",UTC,2022-05-19 02:00:00+00:00,1071.0,Estadio Jalisco,Guadalajara,2021,Clausura - Semi-finals,Atlas,Tigres UANL,True,False,3.0,0.0,1.0,0.0,3.0,0.0,,,,,2022,local_gana
862205,"Jorge Antonio Perez Duran, Mexico",UTC,2022-05-20 01:00:00+00:00,7182.0,Estadio Azteca,D.F.,2021,Clausura - Semi-finals,Club America,Pachuca,,,1.0,1.0,0.0,0.0,1.0,1.0,,,,,2022,empate
862204,"Cesar Arturo Ramos Palazuelos, Mexico",UTC,2022-05-22 01:00:00+00:00,1087.0,Estadio Universitario de Nuevo León,San Nicolás de los Garza,2021,Clausura - Semi-finals,Tigres UANL,Atlas,True,False,4.0,2.0,0.0,1.0,4.0,2.0,,,,,2022,local_gana
862206,"Fernando Hernandez, Mexico",UTC,2022-05-23 01:06:00+00:00,1081.0,Estadio Hidalgo,Pachuca de Soto,2021,Clausura - Semi-finals,Pachuca,Club America,True,False,3.0,0.0,2.0,0.0,3.0,0.0,,,,,2022,local_gana
862941,"Marco Antonio Ortiz Nava, Mexico",UTC,2022-05-27 02:00:00+00:00,1071.0,Estadio Jalisco,Guadalajara,2021,Clausura - Finals,Atlas,Pachuca,True,False,2.0,0.0,1.0,0.0,2.0,0.0,,,,,2022,local_gana
862942,"Fernando Hernandez, Mexico",UTC,2022-05-30 01:10:00+00:00,1081.0,Estadio Hidalgo,Pachuca de Soto,2021,Clausura - Finals,Pachuca,Atlas,True,False,2.0,1.0,2.0,1.0,2.0,1.0,,,,,2022,local_gana
570962,E. Galván,UTC,2020-07-25 00:30:00+00:00,1080.0,Estadio Victoria de Aguascalientes,Aguascalientes,2020,Apertura - 1,Necaxa,Tigres UANL,False,True,0.0,3.0,0.0,2.0,0.0,3.0,,,,,2020,visitante_gana
570964,J. Rojas,UTC,2020-07-26 00:00:00+00:00,1076.0,Estadio AKRON,Zapopan,2020,Apertura - 1,Guadalajara Chivas,Leon,,,0.0,0.0,0.0,0.0,0.0,0.0,,,,,2020,empate
570965,C. Ramos,UTC,2020-07-26 02:00:00+00:00,1088.0,Estadio Caliente,Tijuana,2020,Apertura - 1,Club Tijuana,Atlas,True,False,3.0,1.0,1.0,1.0,3.0,1.0,,,,,2020,local_gana
569664,F. Hernández,UTC,2020-07-26 02:00:00+00:00,1083.0,Estadio Olímpico de Universitario,D.F.,2020,Apertura - 1,Cruz Azul,Santos Laguna,True,False,2.0,0.0,1.0,0.0,2.0,0.0,,,,,2020,local_gana
569665,Ó. Mejía,UTC,2020-07-26 17:00:00+00:00,1083.0,Estadio Olímpico de Universitario,D.F.,2020,Apertura - 1,U.N.A.M. - Pumas,Club Queretaro,True,False,3.0,2.0,1.0,0.0,3.0,2.0,,,,,2020,local_gana
570961,S. Silva,UTC,2020-07-27 23:00:00+00:00,1795.0,Estadio Alfonso Lastras Ramírez,San Luis Potosí,2020,Apertura - 1,Atletico San Luis,FC Juarez,,,1.0,1.0,1.0,0.0,1.0,1.0,,,,,2020,empate
569667,M. Vargas,UTC,2020-07-28 01:00:00+00:00,1081.0,Estadio Hidalgo,Pachuca de Soto,2020,Apertura - 1,Pachuca,Club America,False,True,1.0,2.0,0.0,0.0,1.0,2.0,,,,,2020,visitante_gana
570963,E. Rangel,UTC,2020-07-28 03:00:00+00:00,10546.0,Estadio de Mazatlán,Mazatlán,2020,Apertura - 1,Mazatlán,Puebla,False,True,1.0,4.0,1.0,1.0,1.0,4.0,,,,,2020,visitante_gana
569666,A. Funk,UTC,2020-07-29 00:00:00+00:00,1079.0,Estadio BBVA Bancomer,Guadalupe,2020,Apertura - 1,Monterrey,Toluca,True,False,3.0,1.0,2.0,0.0,3.0,1.0,,,,,2020,local_gana
569668,Ó. Macías,UTC,2020-08-01 00:30:00+00:00,1082.0,Estadio Cuauhtémoc,Puebla,2020,Apertura - 2,Puebla,Cruz Azul,,,1.0,1.0,0.0,0.0,1.0,1.0,,,,,2020,empate
569669,F. Hernández,UTC,2020-08-01 02:30:00+00:00,1845.0,Estadio Olímpico Benito Juárez,Ciudad Juárez,2020,Apertura - 2,FC Juarez,Necaxa,True,False,1.0,0.0,0.0,0.0,1.0,0.0,,,,,2020,local_gana
569671,C. Ramos,UTC,2020-08-02 00:00:00+00:00,1087.0,Estadio Universitario de Nuevo León,San Nicolás de los Garza,2020,Apertura - 2,Tigres UANL,Pachuca,,,1.0,1.0,0.0,0.0,1.0,1.0,,,,,2020,empate
569670,A. Escobedo,UTC,2020-08-02 02:00:00+00:00,1083.0,Estadio Olímpico de Universitario,D.F.,2020,Apertura - 2,Club America,Club Tijuana,True,False,4.0,0.0,1.0,0.0,4.0,0.0,,,,,2020,local_gana
569673,D. Montaño,UTC,2020-08-02 17:00:00+00:00,1089.0,Estadio Nemesio Díez,Toluca de Lerdo,2020,Apertura - 2,Toluca,Atletico San Luis,True,False,3.0,2.0,2.0,1.0,3.0,2.0,,,,,2020,local_gana
569674,E. Miranda,UTC,2020-08-03 00:00:00+00:00,1084.0,Estadio La Corregidora,Santiago de Querétaro,2020,Apertura - 2,Club Queretaro,Mazatlán,,,1.0,1.0,0.0,0.0,1.0,1.0,,,,,2020,empate
569675,E. Galván,UTC,2020-08-03 00:06:00+00:00,1085.0,Estadio Nuevo Corona,Torreón,2020,Apertura - 2,Santos Laguna,Guadalajara Chivas,True,False,2.0,0.0,1.0,0.0,2.0,0.0,,,,,2020,local_gana
569672,J. Pérez,UTC,2020-08-04 00:00:00+00:00,1071.0,Estadio Jalisco,Guadalajara,2020,Apertura - 2,Atlas,U.N.A.M. - Pumas,False,True,1.0,2.0,0.0,1.0,1.0,2.0,,,,,2020,visitante_gana
569676,F. Guerrero,UTC,2020-08-04 02:50:00+00:00,,Estadio León,León de los Aldamas,2020,Apertura - 2,Leon,Monterrey,True,False,1.0,0.0,0.0,0.0,1.0,0.0,,,,,2020,local_gana
569677,A. Escobedo,UTC,2020-08-07 00:00:00+00:00,1081.0,Estadio Hidalgo,Pachuca de Soto,2020,Apertura - 3,Pachuca,Club Queretaro,True,False,1.0,0.0,1.0,0.0,1.0,0.0,,,,,2020,local_gana
569678,F. Guerrero,UTC,2020-08-07 02:06:00+00:00,1088.0,Estadio Caliente,Tijuana,2020,Apertura - 3,Club Tijuana,Tigres UANL,,,0.0,0.0,0.0,0.0,0.0,0.0,,,,,2020,empate
569679,J. Rojas,UTC,2020-08-08 00:30:00+00:00,1080.0,Estadio Victoria de Aguascalientes,Aguascalientes,2020,Apertura - 3,Necaxa,Club America,,,1.0,1.0,0.0,1.0,1.0,1.0,,,,,2020,empate
569680,Ó. Mejía,UTC,2020-08-08 02:30:00+00:00,10546.0,Estadio de Mazatlán,Mazatlán,2020,Apertura - 3,Mazatlán,Toluca,True,False,2.0,1.0,2.0,1.0,2.0,1.0,,,,,2020,local_gana
569681,C. Ramos,UTC,2020-08-09 00:00:00+00:00,1083.0,Estadio Olímpico de Universitario,D.F.,2020,Apertura - 3,Cruz Azul,Leon,True,False,2.0,0.0,1.0,0.0,2.0,0.0,,,,,2020,local_gana
569682,M. Ortíz,UTC,2020-08-09 00:06:00+00:00,1079.0,Estadio BBVA Bancomer,Guadalupe,2020,Apertura - 3,Monterrey,Santos Laguna,,,2.0,2.0,1.0,1.0,2.0,2.0,,,,,2020,empate
569683,J. Pérez,UTC,2020-08-09 02:00:00+00:00,1076.0,Estadio AKRON,Zapopan,2020,Apertura - 3,Guadalajara Chivas,Puebla,False,True,0.0,1.0,0.0,0.0,0.0,1.0,,,,,2020,visitante_gana
569684,Ó. Macías,UTC,2020-08-09 17:00:00+00:00,1083.0,Estadio Olímpico de Universitario,D.F.,2020,Apertura - 3,U.N.A.M. - Pumas,FC Juarez,,,1.0,1.0,0.0,0.0,1.0,1.0,,,,,2020,empate
569685,F. Hernández,UTC,2020-08-10 00:00:00+00:00,1795.0,Estadio Alfonso Lastras Ramírez,San Luis Potosí,2020,Apertura - 3,Atletico San Luis,Atlas,,,1.0,1.0,1.0,1.0,1.0,1.0,,,,,2020,empate
569686,J. Pérez,UTC,2020-08-12 00:00:00+00:00,1080.0,Estadio Victoria de Aguascalientes,Aguascalientes,2020,Apertura - 4,Necaxa,Mazatlán,True,False,1.0,0.0,1.0,0.0,1.0,0.0,,,,,2020,local_gana
569687,E. Galván,UTC,2020-08-12 00:00:00+00:00,1081.0,Estadio Hidalgo,Pachuca de Soto,2020,Apertura - 4,Pachuca,Leon,False,True,0.0,1.0,0.0,0.0,0.0,1.0,,,,,2020,visitante_gana
569688,E. Miranda,UTC,2020-08-12 02:00:00+00:00,1087.0,Estadio Universitario de Nuevo León,San Nicolás de los Garza,2020,Apertura - 4,Tigres UANL,Puebla,True,False,2.0,1.0,2.0,0.0,2.0,1.0,,,,,2020,local_gana
569689,J. Rojas,UTC,2020-08-13 00:00:00+00:00,1084.0,Estadio La Corregidora,Santiago de Querétaro,2020,Apertura - 4,Club Queretaro,Cruz Azul,True,False,1.0,0.0,1.0,0.0,1.0,0.0,,,,,2020,local_gana
569690,A. Escobedo,UTC,2020-08-13 00:00:00+00:00,1845.0,Estadio Olímpico Benito Juárez,Ciudad Juárez,2020,Apertura - 4,FC Juarez,Guadalajara Chivas,False,True,0.0,2.0,0.0,0.0,0.0,2.0,,,,,2020,visitante_gana
569692,D. Montaño,UTC,2020-08-13 02:00:00+00:00,1083.0,Estadio Olímpico de Universitario,D.F.,2020,Apertura - 4,U.N.A.M. - Pumas,Monterrey,,,1.0,1.0,1.0,0.0,1.0,1.0,,,,,2020,empate
569691,M. Ortíz,UTC,2020-08-13 02:06:00+00:00,1088.0,Estadio Caliente,Tijuana,2020,Apertura - 4,Club Tijuana,Atletico San Luis,False,True,0.0,2.0,0.0,1.0,0.0,2.0,,,,,2020,visitante_gana
569693,L. Santander,UTC,2020-08-14 00:00:00+00:00,1071.0,Estadio Jalisco,Guadalajara,2020,Apertura - 4,Atlas,Toluca,False,True,1.0,2.0,1.0,1.0,1.0,2.0,,,,,2020,visitante_gana
569694,F. Hernández,UTC,2020-08-14 02:00:00+00:00,1083.0,Estadio Olímpico de Universitario,D.F.,2020,Apertura - 4,Club America,Santos Laguna,True,False,3.0,1.0,3.0,0.0,3.0,1.0,,,,,2020,local_gana
569695,F. Guerrero,UTC,2020-08-15 02:30:00+00:00,1082.0,Estadio Cuauhtémoc,Puebla,2020,Apertura - 5,Puebla,Pachuca,False,True,0.0,1.0,0.0,0.0,0.0,1.0,,,,,2020,visitante_gana
569696,C. Ramos,UTC,2020-08-16 00:00:00+00:00,1076.0,Estadio AKRON,Zapopan,2020,Apertura - 5,Guadalajara Chivas,Atletico San Luis,True,False,2.0,1.0,0.0,0.0,2.0,1.0,,,,,2020,local_gana
569697,J. Pérez,UTC,2020-08-16 00:00:00+00:00,7182.0,Estadio Azteca,D.F.,2020,Apertura - 5,Cruz Azul,FC Juarez,True,False,3.0,2.0,1.0,1.0,3.0,2.0,,,,,2020,local_gana
569699,A. Funk,UTC,2020-08-16 02:00:00+00:00,10546.0,Estadio de Mazatlán,Mazatlán,2020,Apertura - 5,Mazatlán,U.N.A.M. - Pumas,,,0.0,0.0,0.0,0.0,0.0,0.0,,,,,2020,empate
569698,E. Galván,UTC,2020-08-16 02:06:00+00:00,1079.0,Estadio BBVA Bancomer,Guadalupe,2020,Apertura - 5,Monterrey,Necaxa,,,1.0,1.0,0.0,0.0,1.0,1.0,,,,,2020,empate
569700,J. Rojas,UTC,2020-08-16 17:00:00+00:00,1089.0,Estadio Nemesio Díez,Toluca de Lerdo,2020,Apertura - 5,Toluca,Tigres UANL,True,False,3.0,2.0,1.0,1.0,3.0,2.0,,,,,2020,local_gana
569701,Ó. Mejía,UTC,2020-08-17 00:06:00+00:00,1085.0,Estadio Nuevo Corona,Torreón,2020,Apertura - 5,Santos Laguna,Atlas,,,0.0,0.0,0.0,0.0,0.0,0.0,,,,,2020,empate
569702,D. Montaño,UTC,2020-08-17 02:00:00+00:00,1084.0,Estadio La Corregidora,Santiago de Querétaro,2020,Apertura - 5,Club Queretaro,Club America,True,False,4.0,1.0,1.0,0.0,4.0,1.0,,,,,2020,local_gana
569703,E. Miranda,UTC,2020-08-18 02:00:00+00:00,,Estadio León,León de los Aldamas,2020,Apertura - 5,Leon,Club Tijuana,True,False,2.0,1.0,0.0,1.0,2.0,1.0,,,,,2020,local_gana
569705,A. Escobedo,UTC,2020-08-22 00:30:00+00:00,1080.0,Estadio Victoria de Aguascalientes,Aguascalientes,2020,Apertura - 6,Necaxa,Santos Laguna,True,False,2.0,1.0,0.0,1.0,2.0,1.0,,,,,2020,local_gana
569706,F. Hernández,UTC,2020-08-22 02:30:00+00:00,1845.0,Estadio Olímpico Benito Juárez,Ciudad Juárez,2020,Apertura - 6,FC Juarez,Leon,,,0.0,0.0,0.0,0.0,0.0,0.0,,,,,2020,empate
569708,J. Pérez,UTC,2020-08-23 00:00:00+00:00,1087.0,Estadio Universitario de Nuevo León,San Nicolás de los Garza,2020,Apertura - 6,Tigres UANL,U.N.A.M. - Pumas,,,1.0,1.0,0.0,0.0,1.0,1.0,,,,,2020,empate
569707,A. Funk,UTC,2020-08-23 00:00:00+00:00,1071.0,Estadio Jalisco,Guadalajara,2020,Apertura - 6,Atlas,Club Queretaro,True,False,1.0,0.0,1.0,0.0,1.0,0.0,,,,,2020,local_gana
569709,F. Guerrero,UTC,2020-08-23 02:00:00+00:00,7182.0,Estadio Azteca,D.F.,2020,Apertura - 6,Club America,Monterrey,False,True,1.0,3.0,0.0,2.0,1.0,3.0,,,,,2020,visitante_gana
569710,M. Ortíz,UTC,2020-08-23 22:30:00+00:00,1089.0,Estadio Nemesio Díez,Toluca de Lerdo,2020,Apertura - 6,Toluca,Guadalajara Chivas,True,False,1.0,0.0,0.0,0.0,1.0,0.0,,,,,2020,local_gana
569711,Ó. Mejía,UTC,2020-08-24 00:35:00+00:00,1795.0,Estadio Alfonso Lastras Ramírez,San Luis Potosí,2020,Apertura - 6,Atletico San Luis,Cruz Azul,False,True,1.0,3.0,1.0,2.0,1.0,3.0,,,,,2020,visitante_gana
569704,D. Montaño,UTC,2020-08-24 02:06:00+00:00,1088.0,Estadio Caliente,Tijuana,2020,Apertura - 6,Club Tijuana,Puebla,True,False,1.0,0.0,1.0,0.0,1.0,0.0,,,,,2020,local_gana
569712,C. Ramos,UTC,2020-08-25 02:05:00+00:00,1081.0,Estadio Hidalgo,Pachuca de Soto,2020,Apertura - 6,Pachuca,Mazatlán,True,False,4.0,3.0,2.0,1.0,4.0,3.0,,,,,2020,local_gana
569713,E. Galván,UTC,2020-08-29 00:30:00+00:00,1082.0,Estadio Cuauhtémoc,Puebla,2020,Apertura - 7,Puebla,Toluca,True,False,4.0,1.0,2.0,1.0,4.0,1.0,,,,,2020,local_gana
569714,Ó. Mejía,UTC,2020-08-29 02:35:00+00:00,10546.0,Estadio de Mazatlán,Mazatlán,2020,Apertura - 7,Mazatlán,Tigres UANL,,,1.0,1.0,0.0,0.0,1.0,1.0,,,,,2020,empate
569717,F. Hernández,UTC,2020-08-30 00:00:00+00:00,1076.0,Estadio AKRON,Zapopan,2020,Apertura - 7,Guadalajara Chivas,Pachuca,,,0.0,0.0,0.0,0.0,0.0,0.0,,,,,2020,empate
569716,J. Pérez,UTC,2020-08-30 00:00:00+00:00,1795.0,Estadio Alfonso Lastras Ramírez,San Luis Potosí,2020,Apertura - 7,Atletico San Luis,Club America,False,True,1.0,2.0,1.0,1.0,1.0,2.0,,,,,2020,visitante_gana
569718,M. Ortíz,UTC,2020-08-30 02:00:00+00:00,7182.0,Estadio Azteca,D.F.,2020,Apertura - 7,Cruz Azul,Necaxa,True,False,3.0,0.0,1.0,0.0,3.0,0.0,,,,,2020,local_gana
569719,J. Rojas,UTC,2020-08-30 17:00:00+00:00,1083.0,Estadio Olímpico de Universitario,D.F.,2020,Apertura - 7,U.N.A.M. - Pumas,Club Tijuana,True,False,3.0,0.0,1.0,0.0,3.0,0.0,,,,,2020,local_gana
569720,F. Guerrero,UTC,2020-08-31 00:06:00+00:00,1085.0,Estadio Nuevo Corona,Torreón,2020,Apertura - 7,Santos Laguna,Club Queretaro,True,False,2.0,1.0,1.0,1.0,2.0,1.0,,,,,2020,local_gana
569715,C. Ramos,UTC,2020-08-31 02:06:00+00:00,1079.0,Estadio BBVA Bancomer,Guadalupe,2020,Apertura - 7,Monterrey,FC Juarez,True,False,2.0,1.0,0.0,1.0,2.0,1.0,,,,,2020,local_gana
569721,A. Escobedo,UTC,2020-09-01 02:05:00+00:00,,Estadio León,León de los Aldamas,2020,Apertura - 7,Leon,Atlas,True,False,2.0,1.0,2.0,1.0,2.0,1.0,,,,,2020,local_gana
569730,E. Galván,UTC,2020-09-03 01:00:00+00:00,7182.0,Estadio Azteca,D.F.,2020,Apertura - 8,Club America,Mazatlán,True,False,3.0,1.0,0.0,0.0,3.0,1.0,,,,,2020,local_gana
569722,C. Ramos,UTC,2020-09-04 00:00:00+00:00,1084.0,Estadio La Corregidora,Santiago de Querétaro,2020,Apertura - 8,Club Queretaro,Toluca,True,False,4.0,1.0,2.0,0.0,4.0,1.0,,,,,2020,local_gana
569723,Ó. Macías,UTC,2020-09-04 02:00:00+00:00,1081.0,Estadio Hidalgo,Pachuca de Soto,2020,Apertura - 8,Pachuca,Atletico San Luis,True,False,3.0,1.0,2.0,0.0,3.0,1.0,,,,,2020,local_gana
569724,L. Santander,UTC,2020-09-05 00:30:00+00:00,1080.0,Estadio Victoria de Aguascalientes,Aguascalientes,2020,Apertura - 8,Necaxa,Leon,False,True,0.0,2.0,0.0,1.0,0.0,2.0,,,,,2020,visitante_gana
569728,J. Pérez,UTC,2020-09-05 02:06:00+00:00,1088.0,Estadio Caliente,Tijuana,2020,Apertura - 8,Club Tijuana,Monterrey,True,False,2.0,1.0,1.0,1.0,2.0,1.0,,,,,2020,local_gana
569725,M. Ortíz,UTC,2020-09-05 02:30:00+00:00,1845.0,Estadio Olímpico Benito Juárez,Ciudad Juárez,2020,Apertura - 8,FC Juarez,Santos Laguna,,,1.0,1.0,0.0,0.0,1.0,1.0,,,,,2020,empate
569727,E. Miranda,UTC,2020-09-06 00:00:00+00:00,1071.0,Estadio Jalisco,Guadalajara,2020,Apertura - 8,Atlas,Cruz Azul,True,False,1.0,0.0,0.0,0.0,1.0,0.0,,,,,2020,local_gana
569726,F. Hernández,UTC,2020-09-06 00:00:00+00:00,1083.0,Estadio Olímpico de Universitario,D.F.,2020,Apertura - 8,U.N.A.M. - Pumas,Puebla,True,False,4.0,1.0,2.0,1.0,4.0,1.0,,,,,2020,local_gana
569729,F. Guerrero,UTC,2020-09-06 02:00:00+00:00,1087.0,Estadio Universitario de Nuevo León,San Nicolás de los Garza,2020,Apertura - 8,Tigres UANL,Guadalajara Chivas,False,True,1.0,3.0,0.0,1.0,1.0,3.0,,,,,2020,visitante_gana
569732,Ó. Mejía,UTC,2020-09-09 00:00:00+00:00,1089.0,Estadio Nemesio Díez,Toluca de Lerdo,2020,Apertura - 9,Toluca,FC Juarez,False,True,0.0,1.0,0.0,0.0,0.0,1.0,,,,,2020,visitante_gana
569731,C. Ramos,UTC,2020-09-09 00:00:00+00:00,1795.0,Estadio Alfonso Lastras Ramírez,San Luis Potosí,2020,Apertura - 9,Atletico San Luis,Necaxa,True,False,2.0,1.0,0.0,1.0,2.0,1.0,,,,,2020,local_gana
569733,J. Rojas,UTC,2020-09-09 00:06:00+00:00,1079.0,Estadio BBVA Bancomer,Guadalupe,2020,Apertura - 9,Monterrey,Atlas,,,1.0,1.0,0.0,0.0,1.0,1.0,,,,,2020,empate
569734,E. Galván,UTC,2020-09-09 02:00:00+00:00,1076.0,Estadio AKRON,Zapopan,2020,Apertura - 9,Guadalajara Chivas,Club Queretaro,,,1.0,1.0,1.0,0.0,1.0,1.0,,,,,2020,empate
569735,M. Ortíz,UTC,2020-09-09 02:00:00+00:00,1082.0,Estadio Cuauhtémoc,Puebla,2020,Apertura - 9,Puebla,Club America,False,True,2.0,3.0,2.0,0.0,2.0,3.0,,,,,2020,visitante_gana
569736,F. Hernández,UTC,2020-09-10 00:00:00+00:00,,Estadio León,León de los Aldamas,2020,Apertura - 9,Leon,Tigres UANL,,,1.0,1.0,1.0,0.0,1.0,1.0,,,,,2020,empate
569737,A. Escobedo,UTC,2020-09-10 00:00:00+00:00,7182.0,Estadio Azteca,D.F.,2020,Apertura - 9,Cruz Azul,Pachuca,True,False,1.0,0.0,0.0,0.0,1.0,0.0,,,,,2020,local_gana
569739,F. Guerrero,UTC,2020-09-10 02:00:00+00:00,10546.0,Estadio de Mazatlán,Mazatlán,2020,Apertura - 9,Mazatlán,Club Tijuana,True,False,1.0,0.0,1.0,0.0,1.0,0.0,,,,,2020,local_gana
569738,J. Pérez,UTC,2020-09-10 02:06:00+00:00,1085.0,Estadio Nuevo Corona,Torreón,2020,Apertura - 9,Santos Laguna,U.N.A.M. - Pumas,False,True,1.0,2.0,0.0,1.0,1.0,2.0,,,,,2020,visitante_gana
569740,E. Miranda,UTC,2020-09-12 00:30:00+00:00,1080.0,Estadio Victoria de Aguascalientes,Aguascalientes,2020,Apertura - 10,Necaxa,Guadalajara Chivas,False,True,1.0,2.0,0.0,0.0,1.0,2.0,,,,,2020,visitante_gana
569741,D. Montaño,UTC,2020-09-12 02:30:00+00:00,1845.0,Estadio Olímpico Benito Juárez,Ciudad Juárez,2020,Apertura - 10,FC Juarez,Puebla,True,False,1.0,0.0,1.0,0.0,1.0,0.0,,,,,2020,local_gana
569743,C. Ramos,UTC,2020-09-13 00:00:00+00:00,1087.0,Estadio Universitario de Nuevo León,San Nicolás de los Garza,2020,Apertura - 10,Tigres UANL,Santos Laguna,True,False,2.0,0.0,1.0,0.0,2.0,0.0,,,,,2020,local_gana
569742,F. Hernández,UTC,2020-09-13 00:00:00+00:00,1071.0,Estadio Jalisco,Guadalajara,2020,Apertura - 10,Atlas,Mazatlán,,,1.0,1.0,0.0,0.0,1.0,1.0,,,,,2020,empate
569744,F. Guerrero,UTC,2020-09-13 02:00:00+00:00,7182.0,Estadio Azteca,D.F.,2020,Apertura - 10,Club America,Toluca,,,1.0,1.0,1.0,1.0,1.0,1.0,,,,,2020,empate
569745,A. Escobedo,UTC,2020-09-13 17:00:00+00:00,1083.0,Estadio Olímpico de Universitario,D.F.,2020,Apertura - 10,U.N.A.M. - Pumas,Atletico San Luis,True,False,3.0,0.0,1.0,0.0,3.0,0.0,,,,,2020,local_gana
569746,M. Ortíz,UTC,2020-09-14 00:00:00+00:00,1084.0,Estadio La Corregidora,Santiago de Querétaro,2020,Apertura - 10,Club Queretaro,Leon,False,True,2.0,3.0,0.0,1.0,2.0,3.0,,,,,2020,visitante_gana
569747,Ó. Mejía,UTC,2020-09-14 02:06:00+00:00,1088.0,Estadio Caliente,Tijuana,2020,Apertura - 10,Club Tijuana,Cruz Azul,False,True,1.0,2.0,1.0,0.0,1.0,2.0,,,,,2020,visitante_gana
569748,L. Santander,UTC,2020-09-15 02:00:00+00:00,1081.0,Estadio Hidalgo,Pachuca de Soto,2020,Apertura - 10,Pachuca,Monterrey,,,1.0,1.0,0.0,1.0,1.0,1.0,,,,,2020,empate
569749,J. Pérez,UTC,2020-09-19 00:30:00+00:00,1080.0,Estadio Victoria de Aguascalientes,Aguascalientes,2020,Apertura - 11,Necaxa,Puebla,False,True,0.0,1.0,0.0,1.0,0.0,1.0,,,,,2020,visitante_gana
569751,Ó. Macías,UTC,2020-09-19 02:30:00+00:00,10546.0,Estadio de Mazatlán,Mazatlán,2020,Apertura - 11,Mazatlán,Cruz Azul,False,True,2.0,3.0,1.0,1.0,2.0,3.0,,,,,2020,visitante_gana
569753,E. Miranda,UTC,2020-09-20 00:00:00+00:00,1087.0,Estadio Universitario de Nuevo León,San Nicolás de los Garza,2020,Apertura - 11,Tigres UANL,Club Queretaro,True,False,3.0,0.0,0.0,0.0,3.0,0.0,,,,,2020,local_gana
569752,E. Galván,UTC,2020-09-20 00:00:00+00:00,1071.0,Estadio Jalisco,Guadalajara,2020,Apertura - 11,Atlas,Pachuca,False,True,0.0,1.0,0.0,0.0,0.0,1.0,,,,,2020,visitante_gana
569754,F. Hernández,UTC,2020-09-20 02:00:00+00:00,7182.0,Estadio Azteca,D.F.,2020,Apertura - 11,Club America,Guadalajara Chivas,True,False,1.0,0.0,1.0,0.0,1.0,0.0,,,,,2020,local_gana
569755,A. Escobedo,UTC,2020-09-20 17:00:00+00:00,1089.0,Estadio Nemesio Díez,Toluca de Lerdo,2020,Apertura - 11,Toluca,Santos Laguna,False,True,1.0,2.0,0.0,1.0,1.0,2.0,,,,,2020,visitante_gana
569756,M. Ortíz,UTC,2020-09-21 00:00:00+00:00,1795.0,Estadio Alfonso Lastras Ramírez,San Luis Potosí,2020,Apertura - 11,Atletico San Luis,Monterrey,False,True,1.0,2.0,1.0,2.0,1.0,2.0,,,,,2020,visitante_gana
569757,C. Ramos,UTC,2020-09-22 02:00:00+00:00,,Estadio León,León de los Aldamas,2020,Apertura - 11,Leon,U.N.A.M. - Pumas,True,False,2.0,0.0,1.0,0.0,2.0,0.0,,,,,2020,local_gana
569766,F. Hernández,UTC,2020-09-25 02:00:00+00:00,1081.0,Estadio Hidalgo,Pachuca de Soto,2020,Apertura - 12,Pachuca,Toluca,,,0.0,0.0,0.0,0.0,0.0,0.0,,,,,2020,empate
569758,J. Rojas,UTC,2020-09-26 00:30:00+00:00,1082.0,Estadio Cuauhtémoc,Puebla,2020,Apertura - 12,Puebla,Club Queretaro,,,3.0,3.0,1.0,2.0,3.0,3.0,,,,,2020,empate
569759,C. Ramos,UTC,2020-09-26 02:30:00+00:00,1845.0,Estadio Olímpico Benito Juárez,Ciudad Juárez,2020,Apertura - 12,FC Juarez,Atlas,False,True,0.0,1.0,0.0,1.0,0.0,1.0,,,,,2020,visitante_gana
569761,F. Guerrero,UTC,2020-09-27 00:00:00+00:00,1083.0,Estadio Olímpico de Universitario,D.F.,2020,Apertura - 12,U.N.A.M. - Pumas,Necaxa,,,1.0,1.0,0.0,1.0,1.0,1.0,,,,,2020,empate
569762,Ó. Mejía,UTC,2020-09-27 02:06:00+00:00,1079.0,Estadio BBVA Bancomer,Guadalupe,2020,Apertura - 12,Monterrey,Tigres UANL,False,True,0.0,2.0,0.0,1.0,0.0,2.0,,,,,2020,visitante_gana
569760,A. Escobedo,UTC,2020-09-27 22:00:00+00:00,1076.0,Estadio AKRON,Zapopan,2020,Apertura - 12,Guadalajara Chivas,Mazatlán,True,False,2.0,1.0,2.0,1.0,2.0,1.0,,,,,2020,local_gana
569765,J. Pérez,UTC,2020-09-28 01:45:00+00:00,7182.0,Estadio Azteca,D.F.,2020,Apertura - 12,Cruz Azul,Club America,,,0.0,0.0,0.0,0.0,0.0,0.0,,,,,2020,empate
569763,Ó. Macías,UTC,2020-09-28 22:00:00+00:00,1795.0,Estadio Alfonso Lastras Ramírez,San Luis Potosí,2020,Apertura - 12,Atletico San Luis,Leon,False,True,0.0,2.0,0.0,1.0,0.0,2.0,,,,,2020,visitante_gana
569750,J. Rojas,UTC,2020-10-01 00:06:00+00:00,1088.0,Estadio Caliente,Tijuana,2020,Apertura - 11,Club Tijuana,FC Juarez,True,False,2.0,1.0,1.0,1.0,2.0,1.0,,,,,2020,local_gana
569767,M. Ortíz,UTC,2020-10-03 00:30:00+00:00,1082.0,Estadio Cuauhtémoc,Puebla,2020,Apertura - 13,Puebla,Santos Laguna,False,True,0.0,2.0,0.0,2.0,0.0,2.0,,,,,2020,visitante_gana
569775,E. Miranda,UTC,2020-10-03 02:30:00+00:00,,Estadio León,León de los Aldamas,2020,Apertura - 13,Leon,Mazatlán,True,False,2.0,1.0,0.0,0.0,2.0,1.0,,,,,2020,local_gana
569770,F. Hernández,UTC,2020-10-04 00:00:00+00:00,1087.0,Estadio Universitario de Nuevo León,San Nicolás de los Garza,2020,Apertura - 13,Tigres UANL,Atletico San Luis,True,False,3.0,0.0,0.0,0.0,3.0,0.0,,,,,2020,local_gana
569771,J. Rojas,UTC,2020-10-04 02:00:00+00:00,7182.0,Estadio Azteca,D.F.,2020,Apertura - 13,Club America,U.N.A.M. - Pumas,,,2.0,2.0,1.0,1.0,2.0,2.0,,,,,2020,empate
569772,C. Ramos,UTC,2020-10-04 17:00:00+00:00,1089.0,Estadio Nemesio Díez,Toluca de Lerdo,2020,Apertura - 13,Toluca,Cruz Azul,True,False,2.0,0.0,1.0,0.0,2.0,0.0,,,,,2020,local_gana
569769,Ó. Macías,UTC,2020-10-04 22:00:00+00:00,1071.0,Estadio Jalisco,Guadalajara,2020,Apertura - 13,Atlas,Necaxa,False,True,0.0,1.0,0.0,0.0,0.0,1.0,,,,,2020,visitante_gana
569773,F. Guerrero,UTC,2020-10-05 00:00:00+00:00,1084.0,Estadio La Corregidora,Santiago de Querétaro,2020,Apertura - 13,Club Queretaro,Monterrey,False,True,1.0,2.0,0.0,0.0,1.0,2.0,,,,,2020,visitante_gana
569774,J. Pérez,UTC,2020-10-05 02:06:00+00:00,1088.0,Estadio Caliente,Tijuana,2020,Apertura - 13,Club Tijuana,Guadalajara Chivas,,,0.0,0.0,0.0,0.0,0.0,0.0,,,,,2020,empate
569768,Ó. Mejía,UTC,2020-10-05 22:00:00+00:00,1845.0,Estadio Olímpico Benito Juárez,Ciudad Juárez,2020,Apertura - 13,FC Juarez,Pachuca,,,1.0,1.0,0.0,1.0,1.0,1.0,,,,,2020,empate
569764,D. Montaño,UTC,2020-10-12 00:06:00+00:00,1085.0,Estadio Nuevo Corona,Torreón,2020,Apertura - 12,Santos Laguna,Club Tijuana,True,False,2.0,0.0,2.0,0.0,2.0,0.0,,,,,2020,local_gana
569776,D. Montaño,UTC,2020-10-16 02:00:00+00:00,1795.0,Estadio Alfonso Lastras Ramírez,San Luis Potosí,2020,Apertura - 14,Atletico San Luis,Club Queretaro,True,False,2.0,1.0,1.0,0.0,2.0,1.0,,,,,2020,local_gana
569777,A. Escobedo,UTC,2020-10-17 00:30:00+00:00,1080.0,Estadio Victoria de Aguascalientes,Aguascalientes,2020,Apertura - 14,Necaxa,Club Tijuana,True,False,2.0,0.0,1.0,0.0,2.0,0.0,,,,,2020,local_gana
569778,F. Hernández,UTC,2020-10-17 02:30:00+00:00,10546.0,Estadio de Mazatlán,Mazatlán,2020,Apertura - 14,Mazatlán,FC Juarez,True,False,3.0,2.0,3.0,1.0,3.0,2.0,,,,,2020,local_gana
569779,Ó. Mejía,UTC,2020-10-17 22:06:00+00:00,1079.0,Estadio BBVA Bancomer,Guadalupe,2020,Apertura - 14,Monterrey,Puebla,True,False,3.0,1.0,2.0,0.0,3.0,1.0,,,,,2020,local_gana
569780,F. Guerrero,UTC,2020-10-18 00:00:00+00:00,1076.0,Estadio AKRON,Zapopan,2020,Apertura - 14,Guadalajara Chivas,Atlas,True,False,3.0,2.0,2.0,0.0,3.0,2.0,,,,,2020,local_gana
569781,E. Galván,UTC,2020-10-18 02:00:00+00:00,7182.0,Estadio Azteca,D.F.,2020,Apertura - 14,Cruz Azul,Tigres UANL,False,True,0.0,2.0,0.0,0.0,0.0,2.0,,,,,2020,visitante_gana
569782,L. Santander,UTC,2020-10-18 17:00:00+00:00,1083.0,Estadio Olímpico de Universitario,D.F.,2020,Apertura - 14,U.N.A.M. - Pumas,Toluca,True,False,1.0,0.0,0.0,0.0,1.0,0.0,,,,,2020,local_gana
569783,J. Rojas,UTC,2020-10-19 00:06:00+00:00,1085.0,Estadio Nuevo Corona,Torreón,2020,Apertura - 14,Santos Laguna,Pachuca,,,1.0,1.0,1.0,1.0,1.0,1.0,,,,,2020,empate
569784,C. Ramos,UTC,2020-10-20 02:00:00+00:00,1080.0,Estadio Victoria de Aguascalientes,Aguascalientes,2020,Apertura - 14,Leon,Club America,True,False,3.0,2.0,2.0,2.0,3.0,2.0,,,,,2020,local_gana
569785,F. Hernández,UTC,2020-10-24 00:30:00+00:00,1082.0,Estadio Cuauhtémoc,Puebla,2020,Apertura - 15,Puebla,Leon,False,True,1.0,2.0,0.0,0.0,1.0,2.0,,,,,2020,visitante_gana
569787,Ó. Mejía,UTC,2020-10-24 23:00:00+00:00,1084.0,Estadio La Corregidora,Santiago de Querétaro,2020,Apertura - 15,Club Queretaro,Necaxa,False,True,0.0,1.0,0.0,1.0,0.0,1.0,,,,,2020,visitante_gana
569788,J. Pérez,UTC,2020-10-25 01:00:00+00:00,1087.0,Estadio Universitario de Nuevo León,San Nicolás de los Garza,2020,Apertura - 15,Tigres UANL,FC Juarez,,,1.0,1.0,0.0,0.0,1.0,1.0,,,,,2020,empate
569789,D. Montaño,UTC,2020-10-25 02:00:00+00:00,7182.0,Estadio Azteca,D.F.,2020,Apertura - 15,Club America,Atlas,True,False,1.0,0.0,0.0,0.0,1.0,0.0,,,,,2020,local_gana
569786,J. Rojas,UTC,2020-10-25 02:00:00+00:00,10546.0,Estadio de Mazatlán,Mazatlán,2020,Apertura - 15,Mazatlán,Monterrey,False,True,1.0,2.0,0.0,2.0,1.0,2.0,,,,,2020,visitante_gana
569790,F. Guerrero,UTC,2020-10-25 18:00:00+00:00,1089.0,Estadio Nemesio Díez,Toluca de Lerdo,2020,Apertura - 15,Toluca,Club Tijuana,True,False,2.0,0.0,2.0,0.0,2.0,0.0,,,,,2020,local_gana
569791,E. Miranda,UTC,2020-10-25 23:30:00+00:00,1076.0,Estadio AKRON,Zapopan,2020,Apertura - 15,Guadalajara Chivas,Cruz Azul,False,True,0.0,2.0,0.0,1.0,0.0,2.0,,,,,2020,visitante_gana
569792,E. Galván,UTC,2020-10-26 01:06:00+00:00,1085.0,Estadio Nuevo Corona,Torreón,2020,Apertura - 15,Santos Laguna,Atletico San Luis,True,False,2.0,1.0,1.0,1.0,2.0,1.0,,,,,2020,local_gana
569793,Ó. Macías,UTC,2020-10-27 03:00:00+00:00,1081.0,Estadio Hidalgo,Pachuca de Soto,2020,Apertura - 15,Pachuca,U.N.A.M. - Pumas,,,1.0,1.0,1.0,1.0,1.0,1.0,,,,,2020,empate
569794,J. Pérez,UTC,2020-10-30 03:00:00+00:00,1795.0,Estadio Alfonso Lastras Ramírez,San Luis Potosí,2020,Apertura - 16,Atletico San Luis,Mazatlán,False,True,0.0,5.0,0.0,5.0,0.0,5.0,,,,,2020,visitante_gana
569795,F. Hernández,UTC,2020-10-31 01:30:00+00:00,1080.0,Estadio Victoria de Aguascalientes,Aguascalientes,2020,Apertura - 16,Necaxa,Toluca,True,False,3.0,2.0,1.0,1.0,3.0,2.0,,,,,2020,local_gana
569796,D. Montaño,UTC,2020-10-31 03:06:00+00:00,1088.0,Estadio Caliente,Tijuana,2020,Apertura - 16,Club Tijuana,Pachuca,False,True,0.0,2.0,0.0,1.0,0.0,2.0,,,,,2020,visitante_gana
569797,F. Guerrero,UTC,2020-10-31 03:30:00+00:00,1845.0,Estadio Olímpico Benito Juárez,Ciudad Juárez,2020,Apertura - 16,FC Juarez,Club Queretaro,True,False,1.0,0.0,0.0,0.0,1.0,0.0,,,,,2020,local_gana
569798,Ó. Macías,UTC,2020-10-31 23:00:00+00:00,1071.0,Estadio Jalisco,Guadalajara,2020,Apertura - 16,Atlas,Puebla,False,True,0.0,1.0,0.0,1.0,0.0,1.0,,,,,2020,visitante_gana
569799,C. Ramos,UTC,2020-11-01 01:00:00+00:00,1083.0,Estadio Olímpico de Universitario,D.F.,2020,Apertura - 16,U.N.A.M. - Pumas,Guadalajara Chivas,,,2.0,2.0,1.0,2.0,2.0,2.0,,,,,2020,empate
569800,L. Santander,UTC,2020-11-01 03:06:00+00:00,1079.0,Estadio BBVA Bancomer,Guadalupe,2020,Apertura - 16,Monterrey,Cruz Azul,True,False,1.0,0.0,0.0,0.0,1.0,0.0,,,,,2020,local_gana
569801,M. Ortíz,UTC,2020-11-01 23:30:00+00:00,7182.0,Estadio Azteca,D.F.,2020,Apertura - 16,Club America,Tigres UANL,True,False,3.0,1.0,1.0,0.0,3.0,1.0,,,,,2020,local_gana
569802,Ó. Mejía,UTC,2020-11-03 03:00:00+00:00,,Estadio León,León de los Aldamas,2020,Apertura - 16,Leon,Santos Laguna,True,False,2.0,1.0,0.0,1.0,2.0,1.0,,,,,2020,local_gana
569803,M. Ortíz,UTC,2020-11-07 01:30:00+00:00,1082.0,Estadio Cuauhtémoc,Puebla,2020,Apertura - 17,Puebla,Atletico San Luis,True,False,1.0,0.0,1.0,0.0,1.0,0.0,,,,,2020,local_gana
569804,Ó. Mejía,UTC,2020-11-07 03:30:00+00:00,1845.0,Estadio Olímpico Benito Juárez,Ciudad Juárez,2020,Apertura - 17,FC Juarez,Club America,,,1.0,1.0,1.0,0.0,1.0,1.0,,,,,2020,empate
569805,F. Hernández,UTC,2020-11-07 23:00:00+00:00,1076.0,Estadio AKRON,Zapopan,2020,Apertura - 17,Guadalajara Chivas,Monterrey,True,False,3.0,1.0,0.0,1.0,3.0,1.0,,,,,2020,local_gana
569811,E. Galván,UTC,2020-11-07 23:00:00+00:00,1081.0,Estadio Hidalgo,Pachuca de Soto,2020,Apertura - 17,Pachuca,Necaxa,False,True,0.0,1.0,0.0,0.0,0.0,1.0,,,,,2020,visitante_gana
569806,J. Rojas,UTC,2020-11-08 01:00:00+00:00,1087.0,Estadio Universitario de Nuevo León,San Nicolás de los Garza,2020,Apertura - 17,Tigres UANL,Atlas,,,1.0,1.0,1.0,0.0,1.0,1.0,,,,,2020,empate
569807,F. Guerrero,UTC,2020-11-08 03:00:00+00:00,7182.0,Estadio Azteca,D.F.,2020,Apertura - 17,Cruz Azul,U.N.A.M. - Pumas,False,True,1.0,2.0,0.0,0.0,1.0,2.0,,,,,2020,visitante_gana
569808,D. Montaño,UTC,2020-11-08 18:00:00+00:00,1089.0,Estadio Nemesio Díez,Toluca de Lerdo,2020,Apertura - 17,Toluca,Leon,,,2.0,2.0,1.0,1.0,2.0,2.0,,,,,2020,empate
569809,C. Ramos,UTC,2020-11-09 01:06:00+00:00,1085.0,Estadio Nuevo Corona,Torreón,2020,Apertura - 17,Santos Laguna,Mazatlán,True,False,4.0,0.0,0.0,0.0,4.0,0.0,,,,,2020,local_gana
569810,L. Santander,UTC,2020-11-09 03:06:00+00:00,1084.0,Estadio La Corregidora,Santiago de Querétaro,2020,Apertura - 17,Club Queretaro,Club Tijuana,,,2.0,2.0,1.0,0.0,2.0,2.0,,,,,2020,empate
647098,M. Ortíz,UTC,2020-11-22 01:00:00+00:00,1085.0,Estadio Nuevo Corona,Torreón,2020,Apertura - Reclasificación,Santos Laguna,Pachuca,False,True,0.0,3.0,0.0,1.0,0.0,3.0,,,,,2020,visitante_gana
647099,C. Ramos,UTC,2020-11-22 03:10:00+00:00,1076.0,Estadio AKRON,Zapopan,2020,Apertura - Reclasificación,Guadalajara Chivas,Necaxa,True,False,1.0,0.0,0.0,0.0,1.0,0.0,,,,,2020,local_gana
647100,F. Hernández,UTC,2020-11-23 01:00:00+00:00,1087.0,Estadio Universitario de Nuevo León,San Nicolás de los Garza,2020,Apertura - Reclasificación,Tigres UANL,Toluca,True,False,2.0,1.0,2.0,0.0,2.0,1.0,,,,,2020,local_gana
647101,F. Guerrero,UTC,2020-11-23 03:10:00+00:00,1079.0,Estadio BBVA Bancomer,Guadalupe,2020,Apertura - Reclasificación,Monterrey,Puebla,False,True,2.0,2.0,1.0,0.0,2.0,2.0,0.0,0.0,2.0,4.0,2020,empate
648091,E. Miranda,UTC,2020-11-26 01:00:00+00:00,1082.0,Estadio Cuauhtémoc,Puebla,2020,Apertura - Quarter-finals,Puebla,Leon,True,False,2.0,1.0,2.0,1.0,2.0,1.0,,,,,2020,local_gana
648093,J. Rojas,UTC,2020-11-26 03:06:00+00:00,1076.0,Estadio AKRON,Zapopan,2020,Apertura - Quarter-finals,Guadalajara Chivas,Club America,True,False,1.0,0.0,0.0,0.0,1.0,0.0,,,,,2020,local_gana
648095,D. Montaño,UTC,2020-11-27 01:00:00+00:00,1087.0,Estadio Universitario de Nuevo León,San Nicolás de los Garza,2020,Apertura - Quarter-finals,Tigres UANL,Cruz Azul,False,True,1.0,3.0,0.0,1.0,1.0,3.0,,,,,2020,visitante_gana
648097,E. Galván,UTC,2020-11-27 03:06:00+00:00,1081.0,Estadio Hidalgo,Pachuca de Soto,2020,Apertura - Quarter-finals,Pachuca,U.N.A.M. - Pumas,False,True,0.0,1.0,0.0,1.0,0.0,1.0,,,,,2020,visitante_gana
648092,C. Ramos,UTC,2020-11-29 01:00:00+00:00,,Estadio León,León de los Aldamas,2020,Apertura - Quarter-finals,Leon,Puebla,True,False,2.0,0.0,2.0,0.0,2.0,0.0,,,,,2020,local_gana
648094,J. Pérez,UTC,2020-11-29 03:06:00+00:00,7182.0,Estadio Azteca,D.F.,2020,Apertura - Quarter-finals,Club America,Guadalajara Chivas,False,True,1.0,2.0,0.0,1.0,1.0,2.0,,,,,2020,visitante_gana
648098,F. Hernández,UTC,2020-11-29 18:00:00+00:00,1083.0,Estadio Olímpico de Universitario,D.F.,2020,Apertura - Quarter-finals,U.N.A.M. - Pumas,Pachuca,,,0.0,0.0,0.0,0.0,0.0,0.0,,,,,2020,empate
648096,M. Ortíz,UTC,2020-11-30 00:30:00+00:00,7182.0,Estadio Azteca,D.F.,2020,Apertura - Quarter-finals,Cruz Azul,Tigres UANL,False,True,0.0,1.0,0.0,0.0,0.0,1.0,,,,,2020,visitante_gana
648845,M. Ortíz,UTC,2020-12-03 03:05:00+00:00,1076.0,Estadio AKRON,Zapopan,2020,Apertura - Semi-finals,Guadalajara Chivas,Leon,,,1.0,1.0,0.0,1.0,1.0,1.0,,,,,2020,empate
648847,J. Rojas,UTC,2020-12-04 03:00:00+00:00,7182.0,Estadio Azteca,D.F.,2020,Apertura - Semi-finals,Cruz Azul,U.N.A.M. - Pumas,True,False,4.0,0.0,3.0,0.0,4.0,0.0,,,,,2020,local_gana
648846,D. Montaño,UTC,2020-12-06 03:00:00+00:00,,Estadio León,León de los Aldamas,2020,Apertura - Semi-finals,Leon,Guadalajara Chivas,True,False,1.0,0.0,1.0,0.0,1.0,0.0,,,,,2020,local_gana
648848,C. Ramos,UTC,2020-12-07 00:30:00+00:00,1083.0,Estadio Olímpico de Universitario,D.F.,2020,Apertura - Semi-finals,U.N.A.M. - Pumas,Cruz Azul,True,False,4.0,0.0,3.0,0.0,4.0,0.0,,,,,2020,local_gana
650234,F. Hernández,UTC,2020-12-11 03:00:00+00:00,1083.0,Estadio Olímpico de Universitario,D.F.,2020,Apertura - Finals,U.N.A.M. - Pumas,Leon,,,1.0,1.0,0.0,0.0,1.0,1.0,,,,,2020,empate
650235,J. Pérez,UTC,2020-12-14 02:30:00+00:00,,Estadio León,León de los Aldamas,2020,Apertura - Finals,Leon,U.N.A.M. - Pumas,True,False,2.0,0.0,1.0,0.0,2.0,0.0,,,,,2020,local_gana
652803,E. Rangel,UTC,2021-01-09 01:30:00+00:00,1082.0,Estadio Cuauhtémoc,Puebla,2020,Clausura - 1,Puebla,Guadalajara Chivas,,,1.0,1.0,1.0,0.0,1.0,1.0,,,,,2021,empate
652804,S. Silva,UTC,2021-01-09 03:06:00+00:00,1088.0,Estadio Caliente,Tijuana,2020,Clausura - 1,Club Tijuana,U.N.A.M. - Pumas,,,0.0,0.0,0.0,0.0,0.0,0.0,,,,,2021,empate
652805,V. Cáceres,UTC,2021-01-09 03:30:00+00:00,10546.0,Estadio de Mazatlán,Mazatlán,2020,Clausura - 1,Mazatlán,Necaxa,True,False,3.0,2.0,2.0,1.0,3.0,2.0,,,,,2021,local_gana
652806,Ó. Mejía,UTC,2021-01-09 23:00:00+00:00,1071.0,Estadio Jalisco,Guadalajara,2020,Clausura - 1,Atlas,Monterrey,False,True,0.0,2.0,0.0,2.0,0.0,2.0,,,,,2021,visitante_gana
652807,J. Esquivel,UTC,2021-01-10 01:00:00+00:00,1087.0,Estadio Universitario de Nuevo León,San Nicolás de los Garza,2020,Clausura - 1,Tigres UANL,Leon,True,False,2.0,0.0,1.0,0.0,2.0,0.0,,,,,2021,local_gana
652808,A. Funk,UTC,2021-01-10 03:00:00+00:00,7182.0,Estadio Azteca,D.F.,2020,Clausura - 1,Club America,Atletico San Luis,True,False,2.0,1.0,1.0,0.0,2.0,1.0,,,,,2021,local_gana
652809,A. Maganda,UTC,2021-01-10 18:00:00+00:00,1089.0,Estadio Nemesio Díez,Toluca de Lerdo,2020,Clausura - 1,Toluca,Club Queretaro,True,False,3.0,1.0,2.0,1.0,3.0,1.0,,,,,2021,local_gana
652811,M. Vargas,UTC,2021-01-11 01:06:00+00:00,1085.0,Estadio Nuevo Corona,Torreón,2020,Clausura - 1,Santos Laguna,Cruz Azul,True,False,1.0,0.0,0.0,0.0,1.0,0.0,,,,,2021,local_gana
652810,B. González,UTC,2021-01-12 03:00:00+00:00,1081.0,Estadio Hidalgo,Pachuca de Soto,2020,Clausura - 1,Pachuca,FC Juarez,,,1.0,1.0,0.0,1.0,1.0,1.0,,,,,2021,empate
652812,D. Montaño,UTC,2021-01-16 01:30:00+00:00,1080.0,Estadio Victoria de Aguascalientes,Aguascalientes,2020,Clausura - 2,Necaxa,Atletico San Luis,True,False,1.0,0.0,0.0,0.0,1.0,0.0,,,,,2021,local_gana
652813,E. Galván,UTC,2021-01-16 03:30:00+00:00,1845.0,Estadio Olímpico Benito Juárez,Ciudad Juárez,2020,Clausura - 2,FC Juarez,Club Tijuana,,,0.0,0.0,0.0,0.0,0.0,0.0,,,,,2021,empate
652814,C. Ramos,UTC,2021-01-16 23:00:00+00:00,1076.0,Estadio AKRON,Zapopan,2020,Clausura - 2,Guadalajara Chivas,Toluca,,,1.0,1.0,1.0,1.0,1.0,1.0,,,,,2021,empate
652815,J. Esquivel,UTC,2021-01-17 01:00:00+00:00,7182.0,Estadio Azteca,D.F.,2020,Clausura - 2,Cruz Azul,Puebla,False,True,0.0,1.0,0.0,1.0,0.0,1.0,,,,,2021,visitante_gana
652816,J. Pérez,UTC,2021-01-17 03:06:00+00:00,1079.0,Estadio BBVA Bancomer,Guadalupe,2020,Clausura - 2,Monterrey,Club America,True,False,1.0,0.0,1.0,0.0,1.0,0.0,,,,,2021,local_gana
652817,L. Santander,UTC,2021-01-17 18:00:00+00:00,1083.0,Estadio Olímpico de Universitario,D.F.,2020,Clausura - 2,U.N.A.M. - Pumas,Mazatlán,True,False,3.0,0.0,1.0,0.0,3.0,0.0,,,,,2021,local_gana
652818,F. Guerrero,UTC,2021-01-18 01:06:00+00:00,1085.0,Estadio Nuevo Corona,Torreón,2020,Clausura - 2,Santos Laguna,Tigres UANL,True,False,2.0,0.0,0.0,0.0,2.0,0.0,,,,,2021,local_gana
652819,M. Ortíz,UTC,2021-01-18 03:06:00+00:00,1084.0,Estadio La Corregidora,Santiago de Querétaro,2020,Clausura - 2,Club Queretaro,Atlas,True,False,1.0,0.0,0.0,0.0,1.0,0.0,,,,,2021,local_gana
652820,J. Rojas,UTC,2021-01-19 03:00:00+00:00,,Estadio León,León de los Aldamas,2020,Clausura - 2,Leon,Pachuca,,,0.0,0.0,0.0,0.0,0.0,0.0,,,,,2021,empate
652821,E. Galván,UTC,2021-01-22 03:00:00+00:00,1795.0,Estadio Alfonso Lastras Ramírez,San Luis Potosí,2020,Clausura - 3,Atletico San Luis,Guadalajara Chivas,True,False,3.0,1.0,2.0,0.0,3.0,1.0,,,,,2021,local_gana
652822,A. Escobedo,UTC,2021-01-23 01:30:00+00:00,1082.0,Estadio Cuauhtémoc,Puebla,2020,Clausura - 3,Puebla,Club Tijuana,False,True,0.0,1.0,0.0,1.0,0.0,1.0,,,,,2021,visitante_gana
652823,C. Ramos,UTC,2021-01-23 03:30:00+00:00,10546.0,Estadio de Mazatlán,Mazatlán,2020,Clausura - 3,Mazatlán,Santos Laguna,,,0.0,0.0,0.0,0.0,0.0,0.0,,,,,2021,empate
652825,E. Miranda,UTC,2021-01-24 01:00:00+00:00,1071.0,Estadio Jalisco,Guadalajara,2020,Clausura - 3,Atlas,Tigres UANL,False,True,0.0,2.0,0.0,1.0,0.0,2.0,,,,,2021,visitante_gana
652827,J. Rojas,UTC,2021-01-24 18:00:00+00:00,1089.0,Estadio Nemesio Díez,Toluca de Lerdo,2020,Clausura - 3,Toluca,Necaxa,True,False,2.0,0.0,1.0,0.0,2.0,0.0,,,,,2021,local_gana
652828,F. Guerrero,UTC,2021-01-25 01:00:00+00:00,1084.0,Estadio La Corregidora,Santiago de Querétaro,2020,Clausura - 3,Club Queretaro,U.N.A.M. - Pumas,True,False,2.0,0.0,2.0,0.0,2.0,0.0,,,,,2021,local_gana
652829,E. Morales,UTC,2021-01-26 03:00:00+00:00,1081.0,Estadio Hidalgo,Pachuca de Soto,2020,Clausura - 3,Pachuca,Cruz Azul,False,True,0.0,1.0,0.0,0.0,0.0,1.0,,,,,2021,visitante_gana
652826,M. Ortíz,UTC,2021-01-27 02:30:00+00:00,7182.0,Estadio Azteca,D.F.,2020,Clausura - 3,Club America,FC Juarez,True,False,2.0,0.0,1.0,0.0,2.0,0.0,,,,,2021,local_gana
652833,F. Hernández,UTC,2021-01-29 03:00:00+00:00,1087.0,Estadio Universitario de Nuevo León,San Nicolás de los Garza,2020,Clausura - 4,Tigres UANL,Necaxa,,,1.0,1.0,1.0,1.0,1.0,1.0,,,,,2021,empate
652831,E. Galván,UTC,2021-01-30 03:30:00+00:00,10546.0,Estadio de Mazatlán,Mazatlán,2020,Clausura - 4,Mazatlán,Pachuca,True,False,1.0,0.0,1.0,0.0,1.0,0.0,,,,,2021,local_gana
652832,J. Rojas,UTC,2021-01-31 01:00:00+00:00,1076.0,Estadio AKRON,Zapopan,2020,Clausura - 4,Guadalajara Chivas,FC Juarez,False,True,1.0,2.0,0.0,2.0,1.0,2.0,,,,,2021,visitante_gana
652834,L. Santander,UTC,2021-01-31 03:00:00+00:00,7182.0,Estadio Azteca,D.F.,2020,Clausura - 4,Cruz Azul,Club Queretaro,True,False,4.0,1.0,3.0,1.0,4.0,1.0,,,,,2021,local_gana
652835,F. Guerrero,UTC,2021-01-31 03:06:00+00:00,1088.0,Estadio Caliente,Tijuana,2020,Clausura - 4,Club Tijuana,Toluca,True,False,3.0,2.0,3.0,1.0,3.0,2.0,,,,,2021,local_gana
652836,C. Ramos,UTC,2021-01-31 18:00:00+00:00,1083.0,Estadio Olímpico de Universitario,D.F.,2020,Clausura - 4,U.N.A.M. - Pumas,Atlas,,,0.0,0.0,0.0,0.0,0.0,0.0,,,,,2021,empate
652837,D. Montaño,UTC,2021-02-01 01:06:00+00:00,1085.0,Estadio Nuevo Corona,Torreón,2020,Clausura - 4,Santos Laguna,Club America,,,1.0,1.0,0.0,1.0,1.0,1.0,,,,,2021,empate
652838,A. Escobedo,UTC,2021-02-02 03:00:00+00:00,,Estadio León,León de los Aldamas,2020,Clausura - 4,Leon,Atletico San Luis,True,False,3.0,1.0,0.0,0.0,3.0,1.0,,,,,2021,local_gana
652830,S. Silva,UTC,2021-02-03 03:00:00+00:00,1082.0,Estadio Cuauhtémoc,Puebla,2020,Clausura - 4,Puebla,Monterrey,,,0.0,0.0,0.0,0.0,0.0,0.0,,,,,2021,empate
652839,L. Santander,UTC,2021-02-05 01:00:00+00:00,1795.0,Estadio Alfonso Lastras Ramírez,San Luis Potosí,2020,Clausura - 5,Atletico San Luis,Club Tijuana,,,2.0,2.0,1.0,2.0,2.0,2.0,,,,,2021,empate
652840,Ó. Mejía,UTC,2021-02-05 03:00:00+00:00,1084.0,Estadio La Corregidora,Santiago de Querétaro,2020,Clausura - 5,Club Queretaro,Pachuca,True,False,3.0,1.0,2.0,0.0,3.0,1.0,,,,,2021,local_gana
652841,V. Cáceres,UTC,2021-02-06 03:30:00+00:00,1080.0,Estadio Victoria de Aguascalientes,Aguascalientes,2020,Clausura - 5,Necaxa,Cruz Azul,False,True,0.0,2.0,0.0,2.0,0.0,2.0,,,,,2021,visitante_gana
652843,F. Hernández,UTC,2021-02-06 23:00:00+00:00,1071.0,Estadio Jalisco,Guadalajara,2020,Clausura - 5,Atlas,Santos Laguna,,,1.0,1.0,0.0,1.0,1.0,1.0,,,,,2021,empate
652844,C. Ramos,UTC,2021-02-07 01:00:00+00:00,7182.0,Estadio Azteca,D.F.,2020,Clausura - 5,Club America,Puebla,True,False,1.0,0.0,0.0,0.0,1.0,0.0,,,,,2021,local_gana
652845,E. Galván,UTC,2021-02-07 03:06:00+00:00,1079.0,Estadio BBVA Bancomer,Guadalupe,2020,Clausura - 5,Monterrey,U.N.A.M. - Pumas,True,False,1.0,0.0,1.0,0.0,1.0,0.0,,,,,2021,local_gana
652846,M. Ortíz,UTC,2021-02-07 18:00:00+00:00,1089.0,Estadio Nemesio Díez,Toluca de Lerdo,2020,Clausura - 5,Toluca,Mazatlán,True,False,4.0,1.0,3.0,0.0,4.0,1.0,,,,,2021,local_gana
652847,F. Guerrero,UTC,2021-02-09 03:00:00+00:00,,Estadio León,León de los Aldamas,2020,Clausura - 5,Leon,Guadalajara Chivas,False,True,1.0,3.0,0.0,2.0,1.0,3.0,,,,,2021,visitante_gana
652848,F. Hernández,UTC,2021-02-13 01:30:00+00:00,1082.0,Estadio Cuauhtémoc,Puebla,2020,Clausura - 6,Puebla,FC Juarez,True,False,4.0,0.0,2.0,0.0,4.0,0.0,,,,,2021,local_gana
652849,J. Pérez,UTC,2021-02-13 03:06:00+00:00,1088.0,Estadio Caliente,Tijuana,2020,Clausura - 6,Club Tijuana,Leon,True,False,2.0,0.0,1.0,0.0,2.0,0.0,,,,,2021,local_gana
652850,F. Guerrero,UTC,2021-02-13 03:30:00+00:00,10546.0,Estadio de Mazatlán,Mazatlán,2020,Clausura - 6,Mazatlán,Atletico San Luis,False,True,0.0,3.0,0.0,2.0,0.0,3.0,,,,,2021,visitante_gana
652851,D. Montaño,UTC,2021-02-14 01:00:00+00:00,1076.0,Estadio AKRON,Zapopan,2020,Clausura - 6,Guadalajara Chivas,Necaxa,,,2.0,2.0,1.0,1.0,2.0,2.0,,,,,2021,empate
652852,A. Escobedo,UTC,2021-02-14 03:00:00+00:00,7182.0,Estadio Azteca,D.F.,2020,Clausura - 6,Club America,Club Queretaro,True,False,2.0,1.0,1.0,1.0,2.0,1.0,,,,,2021,local_gana
652854,L. Santander,UTC,2021-02-14 18:00:00+00:00,1089.0,Estadio Nemesio Díez,Toluca de Lerdo,2020,Clausura - 6,Toluca,U.N.A.M. - Pumas,True,False,1.0,0.0,0.0,0.0,1.0,0.0,,,,,2021,local_gana
652855,C. Ramos,UTC,2021-02-15 01:06:00+00:00,1085.0,Estadio Nuevo Corona,Torreón,2020,Clausura - 6,Santos Laguna,Monterrey,True,False,1.0,0.0,0.0,0.0,1.0,0.0,,,,,2021,local_gana
652856,M. Ortíz,UTC,2021-02-16 03:00:00+00:00,1081.0,Estadio Hidalgo,Pachuca de Soto,2020,Clausura - 6,Pachuca,Atlas,False,True,0.0,1.0,0.0,1.0,0.0,1.0,,,,,2021,visitante_gana
652853,E. Miranda,UTC,2021-02-18 03:00:00+00:00,1087.0,Estadio Universitario de Nuevo León,San Nicolás de los Garza,2020,Clausura - 6,Tigres UANL,Cruz Azul,False,True,0.0,2.0,0.0,1.0,0.0,2.0,,,,,2021,visitante_gana
652857,A. Escobedo,UTC,2021-02-19 03:00:00+00:00,1795.0,Estadio Alfonso Lastras Ramírez,San Luis Potosí,2020,Clausura - 7,Atletico San Luis,Santos Laguna,True,False,1.0,0.0,1.0,0.0,1.0,0.0,,,,,2021,local_gana
652858,L. Santander,UTC,2021-02-20 01:30:00+00:00,1080.0,Estadio Victoria de Aguascalientes,Aguascalientes,2020,Clausura - 7,Necaxa,Monterrey,,,1.0,1.0,0.0,1.0,1.0,1.0,,,,,2021,empate
652859,Ó. Mejía,UTC,2021-02-20 03:30:00+00:00,1845.0,Estadio Olímpico Benito Juárez,Ciudad Juárez,2020,Clausura - 7,FC Juarez,Mazatlán,True,False,1.0,0.0,0.0,0.0,1.0,0.0,,,,,2021,local_gana
652860,Ó. Macías,UTC,2021-02-21 01:00:00+00:00,7182.0,Estadio Azteca,D.F.,2020,Clausura - 7,Cruz Azul,Toluca,True,False,3.0,2.0,2.0,2.0,3.0,2.0,,,,,2021,local_gana
652861,F. Guerrero,UTC,2021-02-21 03:00:00+00:00,1071.0,Estadio Jalisco,Guadalajara,2020,Clausura - 7,Atlas,Club America,False,True,0.0,2.0,0.0,0.0,0.0,2.0,,,,,2021,visitante_gana
652862,M. Ortíz,UTC,2021-02-21 18:00:00+00:00,1083.0,Estadio Olímpico de Universitario,D.F.,2020,Clausura - 7,U.N.A.M. - Pumas,Leon,False,True,0.0,1.0,0.0,0.0,0.0,1.0,,,,,2021,visitante_gana
652863,E. Galván,UTC,2021-02-21 23:00:00+00:00,1084.0,Estadio La Corregidora,Santiago de Querétaro,2020,Clausura - 7,Club Queretaro,Puebla,,,1.0,1.0,0.0,0.0,1.0,1.0,,,,,2021,empate
652864,F. Hernández,UTC,2021-02-22 01:00:00+00:00,1087.0,Estadio Universitario de Nuevo León,San Nicolás de los Garza,2020,Clausura - 7,Tigres UANL,Club Tijuana,True,False,3.0,2.0,2.0,0.0,3.0,2.0,,,,,2021,local_gana
652865,C. Ramos,UTC,2021-02-23 03:00:00+00:00,1081.0,Estadio Hidalgo,Pachuca de Soto,2020,Clausura - 7,Pachuca,Guadalajara Chivas,,,1.0,1.0,0.0,1.0,1.0,1.0,,,,,2021,empate
652866,D. Montaño,UTC,2021-02-26 03:00:00+00:00,1795.0,Estadio Alfonso Lastras Ramírez,San Luis Potosí,2020,Clausura - 8,Atletico San Luis,Tigres UANL,,,2.0,2.0,1.0,1.0,2.0,2.0,,,,,2021,empate
652867,C. Ramos,UTC,2021-02-27 01:30:00+00:00,1082.0,Estadio Cuauhtémoc,Puebla,2020,Clausura - 8,Puebla,Necaxa,True,False,1.0,0.0,0.0,0.0,1.0,0.0,,,,,2021,local_gana
652868,M. Ortíz,UTC,2021-02-27 03:30:00+00:00,10546.0,Estadio de Mazatlán,Mazatlán,2020,Clausura - 8,Mazatlán,Club Queretaro,True,False,3.0,0.0,2.0,0.0,3.0,0.0,,,,,2021,local_gana
652869,E. Galván,UTC,2021-02-27 23:00:00+00:00,1089.0,Estadio Nemesio Díez,Toluca de Lerdo,2020,Clausura - 8,Toluca,Atlas,,,0.0,0.0,0.0,0.0,0.0,0.0,,,,,2021,empate
652870,J. Rojas,UTC,2021-02-28 01:00:00+00:00,7182.0,Estadio Azteca,D.F.,2020,Clausura - 8,Club America,Pachuca,True,False,2.0,0.0,2.0,0.0,2.0,0.0,,,,,2021,local_gana
652871,Ó. Mejía,UTC,2021-02-28 03:00:00+00:00,,Estadio León,León de los Aldamas,2020,Clausura - 8,Leon,Cruz Azul,False,True,0.0,1.0,0.0,0.0,0.0,1.0,,,,,2021,visitante_gana
652872,F. Guerrero,UTC,2021-02-28 23:00:00+00:00,1079.0,Estadio BBVA Bancomer,Guadalupe,2020,Clausura - 8,Monterrey,Club Tijuana,,,1.0,1.0,1.0,0.0,1.0,1.0,,,,,2021,empate
652873,L. Santander,UTC,2021-03-01 01:06:00+00:00,1085.0,Estadio Nuevo Corona,Torreón,2020,Clausura - 8,Santos Laguna,FC Juarez,True,False,3.0,2.0,2.0,0.0,3.0,2.0,,,,,2021,local_gana
652874,F. Hernández,UTC,2021-03-01 03:00:00+00:00,1076.0,Estadio AKRON,Zapopan,2020,Clausura - 8,Guadalajara Chivas,U.N.A.M. - Pumas,True,False,2.0,1.0,2.0,1.0,2.0,1.0,,,,,2021,local_gana
652875,C. Ramos,UTC,2021-03-02 23:00:00+00:00,1071.0,Estadio Jalisco,Guadalajara,2020,Clausura - 9,Atlas,Atletico San Luis,True,False,3.0,1.0,1.0,1.0,3.0,1.0,,,,,2021,local_gana
652876,M. Ortíz,UTC,2021-03-03 01:00:00+00:00,1087.0,Estadio Universitario de Nuevo León,San Nicolás de los Garza,2020,Clausura - 9,Tigres UANL,Toluca,False,True,0.0,1.0,0.0,0.0,0.0,1.0,,,,,2021,visitante_gana
652877,Ó. Macías,UTC,2021-03-03 03:00:00+00:00,,Estadio León,León de los Aldamas,2020,Clausura - 9,Leon,Puebla,False,True,1.0,2.0,1.0,0.0,1.0,2.0,,,,,2021,visitante_gana
652878,E. Miranda,UTC,2021-03-04 01:00:00+00:00,1084.0,Estadio La Corregidora,Santiago de Querétaro,2020,Clausura - 9,Club Queretaro,Guadalajara Chivas,,,2.0,2.0,1.0,1.0,2.0,2.0,,,,,2021,empate
652879,D. Montaño,UTC,2021-03-04 01:00:00+00:00,1845.0,Estadio Olímpico Benito Juárez,Ciudad Juárez,2020,Clausura - 9,FC Juarez,Monterrey,False,True,1.0,6.0,1.0,2.0,1.0,6.0,,,,,2021,visitante_gana
652880,L. Santander,UTC,2021-03-04 03:00:00+00:00,7182.0,Estadio Azteca,D.F.,2020,Clausura - 9,Cruz Azul,Mazatlán,True,False,1.0,0.0,0.0,0.0,1.0,0.0,,,,,2021,local_gana
652881,Ó. Mejía,UTC,2021-03-04 03:06:00+00:00,1088.0,Estadio Caliente,Tijuana,2020,Clausura - 9,Club Tijuana,Club America,False,True,0.0,2.0,0.0,0.0,0.0,2.0,,,,,2021,visitante_gana
652882,F. Guerrero,UTC,2021-03-05 01:00:00+00:00,1080.0,Estadio Victoria de Aguascalientes,Aguascalientes,2020,Clausura - 9,Necaxa,Pachuca,,,2.0,2.0,1.0,1.0,2.0,2.0,,,,,2021,empate
652883,J. Rojas,UTC,2021-03-05 03:00:00+00:00,1083.0,Estadio Olímpico de Universitario,D.F.,2020,Clausura - 9,U.N.A.M. - Pumas,Santos Laguna,True,False,1.0,0.0,0.0,0.0,1.0,0.0,,,,,2021,local_gana
652884,F. Hernández,UTC,2021-03-06 01:30:00+00:00,1795.0,Estadio Alfonso Lastras Ramírez,San Luis Potosí,2020,Clausura - 10,Atletico San Luis,Toluca,,,0.0,0.0,0.0,0.0,0.0,0.0,,,,,2021,empate
652885,Ó. Mejía,UTC,2021-03-06 03:30:00+00:00,1082.0,Estadio Cuauhtémoc,Puebla,2020,Clausura - 10,Puebla,Tigres UANL,,,1.0,1.0,1.0,1.0,1.0,1.0,,,,,2021,empate
652886,M. Ortíz,UTC,2021-03-06 23:00:00+00:00,1071.0,Estadio Jalisco,Guadalajara,2020,Clausura - 10,Atlas,FC Juarez,True,False,2.0,0.0,1.0,0.0,2.0,0.0,,,,,2021,local_gana
652888,E. Galván,UTC,2021-03-07 01:00:00+00:00,7182.0,Estadio Azteca,D.F.,2020,Clausura - 10,Club America,Leon,True,False,2.0,1.0,1.0,1.0,2.0,1.0,,,,,2021,local_gana
652887,Ó. Macías,UTC,2021-03-07 01:06:00+00:00,1079.0,Estadio BBVA Bancomer,Guadalupe,2020,Clausura - 10,Monterrey,Club Queretaro,True,False,2.0,1.0,2.0,1.0,2.0,1.0,,,,,2021,local_gana
652889,F. Guerrero,UTC,2021-03-07 03:00:00+00:00,10546.0,Estadio de Mazatlán,Mazatlán,2020,Clausura - 10,Mazatlán,Guadalajara Chivas,,,1.0,1.0,1.0,1.0,1.0,1.0,,,,,2021,empate
652890,E. Miranda,UTC,2021-03-08 01:06:00+00:00,1085.0,Estadio Nuevo Corona,Torreón,2020,Clausura - 10,Santos Laguna,Necaxa,True,False,3.0,1.0,1.0,0.0,3.0,1.0,,,,,2021,local_gana
652891,C. Ramos,UTC,2021-03-08 03:00:00+00:00,1083.0,Estadio Olímpico de Universitario,D.F.,2020,Clausura - 10,U.N.A.M. - Pumas,Cruz Azul,False,True,0.0,1.0,0.0,0.0,0.0,1.0,,,,,2021,visitante_gana
652892,D. Montaño,UTC,2021-03-09 03:00:00+00:00,1081.0,Estadio Hidalgo,Pachuca de Soto,2020,Clausura - 10,Pachuca,Club Tijuana,True,False,2.0,1.0,2.0,1.0,2.0,1.0,,,,,2021,local_gana
652824,L. Santander,UTC,2021-03-11 03:00:00+00:00,1079.0,Estadio BBVA Bancomer,Guadalupe,2020,Clausura - 3,Monterrey,Leon,,,1.0,1.0,0.0,1.0,1.0,1.0,,,,,2021,empate
652893,D. Montaño,UTC,2021-03-13 01:30:00+00:00,1082.0,Estadio Cuauhtémoc,Puebla,2020,Clausura - 11,Puebla,Atlas,False,True,0.0,1.0,0.0,0.0,0.0,1.0,,,,,2021,visitante_gana
652894,Ó. Mejía,UTC,2021-03-13 03:30:00+00:00,1845.0,Estadio Olímpico Benito Juárez,Ciudad Juárez,2020,Clausura - 11,FC Juarez,U.N.A.M. - Pumas,,,1.0,1.0,1.0,0.0,1.0,1.0,,,,,2021,empate
652895,Ó. Macías,UTC,2021-03-14 01:00:00+00:00,1087.0,Estadio Universitario de Nuevo León,San Nicolás de los Garza,2020,Clausura - 11,Tigres UANL,Mazatlán,False,True,1.0,2.0,0.0,1.0,1.0,2.0,,,,,2021,visitante_gana
652897,A. Escobedo,UTC,2021-03-14 03:00:00+00:00,7182.0,Estadio Azteca,D.F.,2020,Clausura - 11,Cruz Azul,Monterrey,True,False,1.0,0.0,1.0,0.0,1.0,0.0,,,,,2021,local_gana
652896,C. Ramos,UTC,2021-03-14 03:06:00+00:00,1088.0,Estadio Caliente,Tijuana,2020,Clausura - 11,Club Tijuana,Santos Laguna,False,True,0.0,1.0,0.0,1.0,0.0,1.0,,,,,2021,visitante_gana
652898,E. Miranda,UTC,2021-03-14 18:00:00+00:00,1089.0,Estadio Nemesio Díez,Toluca de Lerdo,2020,Clausura - 11,Toluca,Pachuca,False,True,0.0,2.0,0.0,0.0,0.0,2.0,,,,,2021,visitante_gana
652899,J. Rojas,UTC,2021-03-15 00:00:00+00:00,1084.0,Estadio La Corregidora,Santiago de Querétaro,2020,Clausura - 11,Club Queretaro,Atletico San Luis,True,False,2.0,1.0,2.0,0.0,2.0,1.0,,,,,2021,local_gana
652900,M. Ortíz,UTC,2021-03-15 02:00:00+00:00,1076.0,Estadio AKRON,Zapopan,2020,Clausura - 11,Guadalajara Chivas,Club America,False,True,0.0,3.0,0.0,1.0,0.0,3.0,,,,,2021,visitante_gana
652901,F. Hernández,UTC,2021-03-16 03:00:00+00:00,,Estadio León,León de los Aldamas,2020,Clausura - 11,Leon,Necaxa,True,False,3.0,1.0,2.0,0.0,3.0,1.0,,,,,2021,local_gana
652902,J. Pérez,UTC,2021-03-19 02:00:00+00:00,1081.0,Estadio Hidalgo,Pachuca de Soto,2020,Clausura - 12,Pachuca,Tigres UANL,True,False,1.0,0.0,0.0,0.0,1.0,0.0,,,,,2021,local_gana
652903,Ó. Macías,UTC,2021-03-20 01:00:00+00:00,1080.0,Estadio Victoria de Aguascalientes,Aguascalientes,2020,Clausura - 12,Necaxa,FC Juarez,True,False,1.0,0.0,0.0,0.0,1.0,0.0,,,,,2021,local_gana
652904,D. Montaño,UTC,2021-03-20 03:00:00+00:00,10546.0,Estadio de Mazatlán,Mazatlán,2020,Clausura - 12,Mazatlán,Club America,False,True,0.0,1.0,0.0,0.0,0.0,1.0,,,,,2021,visitante_gana
652905,M. Ortíz,UTC,2021-03-20 23:00:00+00:00,1795.0,Estadio Alfonso Lastras Ramírez,San Luis Potosí,2020,Clausura - 12,Atletico San Luis,U.N.A.M. - Pumas,False,True,0.0,1.0,0.0,0.0,0.0,1.0,,,,,2021,visitante_gana
652907,J. Rojas,UTC,2021-03-21 01:00:00+00:00,7182.0,Estadio Azteca,D.F.,2020,Clausura - 12,Cruz Azul,Atlas,True,False,3.0,2.0,1.0,1.0,3.0,2.0,,,,,2021,local_gana
652908,F. Hernández,UTC,2021-03-21 03:06:00+00:00,1088.0,Estadio Caliente,Tijuana,2020,Clausura - 12,Club Tijuana,Club Queretaro,True,False,3.0,1.0,3.0,1.0,3.0,1.0,,,,,2021,local_gana
652909,L. Santander,UTC,2021-03-21 18:00:00+00:00,1089.0,Estadio Nemesio Díez,Toluca de Lerdo,2020,Clausura - 12,Toluca,Puebla,,,4.0,4.0,1.0,0.0,4.0,4.0,,,,,2021,empate
652910,Ó. Mejía,UTC,2021-03-22 01:06:00+00:00,1085.0,Estadio Nuevo Corona,Torreón,2020,Clausura - 12,Santos Laguna,Leon,False,True,1.0,2.0,1.0,1.0,1.0,2.0,,,,,2021,visitante_gana
652911,E. Galván,UTC,2021-04-03 01:30:00+00:00,1082.0,Estadio Cuauhtémoc,Puebla,2020,Clausura - 13,Puebla,Mazatlán,True,False,3.0,1.0,1.0,1.0,3.0,1.0,,,,,2021,local_gana
652912,C. Ramos,UTC,2021-04-03 03:30:00+00:00,1845.0,Estadio Olímpico Benito Juárez,Ciudad Juárez,2020,Clausura - 13,FC Juarez,Cruz Azul,False,True,0.0,1.0,0.0,0.0,0.0,1.0,,,,,2021,visitante_gana
652913,J. Pérez,UTC,2021-04-03 23:00:00+00:00,1071.0,Estadio Jalisco,Guadalajara,2020,Clausura - 13,Atlas,Club Tijuana,True,False,1.0,0.0,1.0,0.0,1.0,0.0,,,,,2021,local_gana
652914,E. Miranda,UTC,2021-04-04 01:00:00+00:00,7182.0,Estadio Azteca,D.F.,2020,Clausura - 13,Club America,Necaxa,True,False,2.0,1.0,1.0,1.0,2.0,1.0,,,,,2021,local_gana
652915,L. Santander,UTC,2021-04-04 03:06:00+00:00,1079.0,Estadio BBVA Bancomer,Guadalupe,2020,Clausura - 13,Monterrey,Atletico San Luis,True,False,2.0,0.0,0.0,0.0,2.0,0.0,,,,,2021,local_gana
652916,J. Rojas,UTC,2021-04-04 17:00:00+00:00,1083.0,Estadio Olímpico de Universitario,D.F.,2020,Clausura - 13,U.N.A.M. - Pumas,Pachuca,,,2.0,2.0,0.0,1.0,2.0,2.0,,,,,2021,empate
652918,M. Vargas,UTC,2021-04-05 00:00:00+00:00,1084.0,Estadio La Corregidora,Santiago de Querétaro,2020,Clausura - 13,Club Queretaro,Tigres UANL,False,True,0.0,1.0,0.0,0.0,0.0,1.0,,,,,2021,visitante_gana
652919,D. Montaño,UTC,2021-04-05 02:05:00+00:00,,Estadio León,León de los Aldamas,2020,Clausura - 13,Leon,Toluca,True,False,2.0,1.0,0.0,1.0,2.0,1.0,,,,,2021,local_gana
652917,F. Guerrero,UTC,2021-04-05 22:00:00+00:00,1076.0,Estadio AKRON,Zapopan,2020,Clausura - 13,Guadalajara Chivas,Santos Laguna,,,1.0,1.0,0.0,1.0,1.0,1.0,,,,,2021,empate
652920,D. Montaño,UTC,2021-04-10 00:30:00+00:00,1080.0,Estadio Victoria de Aguascalientes,Aguascalientes,2020,Clausura - 14,Necaxa,U.N.A.M. - Pumas,False,True,0.0,1.0,0.0,0.0,0.0,1.0,,,,,2021,visitante_gana
652921,J. Pérez,UTC,2021-04-10 02:30:00+00:00,1845.0,Estadio Olímpico Benito Juárez,Ciudad Juárez,2020,Clausura - 14,FC Juarez,Atletico San Luis,True,False,2.0,1.0,1.0,0.0,2.0,1.0,,,,,2021,local_gana
652923,M. Ortíz,UTC,2021-04-11 00:00:00+00:00,7182.0,Estadio Azteca,D.F.,2020,Clausura - 14,Cruz Azul,Guadalajara Chivas,True,False,1.0,0.0,0.0,0.0,1.0,0.0,,,,,2021,local_gana
652924,C. Ramos,UTC,2021-04-11 02:05:00+00:00,1087.0,Estadio Universitario de Nuevo León,San Nicolás de los Garza,2020,Clausura - 14,Tigres UANL,Club America,False,True,1.0,3.0,0.0,1.0,1.0,3.0,,,,,2021,visitante_gana
652925,F. Guerrero,UTC,2021-04-11 17:00:00+00:00,1089.0,Estadio Nemesio Díez,Toluca de Lerdo,2020,Clausura - 14,Toluca,Monterrey,False,True,1.0,2.0,0.0,0.0,1.0,2.0,,,,,2021,visitante_gana
652922,L. Santander,UTC,2021-04-11 22:00:00+00:00,1071.0,Estadio Jalisco,Guadalajara,2020,Clausura - 14,Atlas,Leon,False,True,1.0,3.0,0.0,1.0,1.0,3.0,,,,,2021,visitante_gana
652926,F. Hernández,UTC,2021-04-12 00:00:00+00:00,1084.0,Estadio La Corregidora,Santiago de Querétaro,2020,Clausura - 14,Club Queretaro,Santos Laguna,True,False,1.0,0.0,1.0,0.0,1.0,0.0,,,,,2021,local_gana
652927,J. Rojas,UTC,2021-04-12 02:06:00+00:00,1088.0,Estadio Caliente,Tijuana,2020,Clausura - 14,Club Tijuana,Mazatlán,False,True,2.0,3.0,2.0,1.0,2.0,3.0,,,,,2021,visitante_gana
652928,V. Cáceres,UTC,2021-04-13 02:00:00+00:00,1081.0,Estadio Hidalgo,Pachuca de Soto,2020,Clausura - 14,Pachuca,Puebla,False,True,1.0,3.0,0.0,1.0,1.0,3.0,,,,,2021,visitante_gana
652842,E. Miranda,UTC,2021-04-15 02:00:00+00:00,1845.0,Estadio Olímpico Benito Juárez,Ciudad Juárez,2020,Clausura - 5,FC Juarez,Tigres UANL,False,True,2.0,3.0,0.0,0.0,2.0,3.0,,,,,2021,visitante_gana
652929,S. Silva,UTC,2021-04-17 00:30:00+00:00,1080.0,Estadio Victoria de Aguascalientes,Aguascalientes,2020,Clausura - 15,Necaxa,Club Queretaro,,,0.0,0.0,0.0,0.0,0.0,0.0,,,,,2021,empate
652930,M. Ortíz,UTC,2021-04-17 02:30:00+00:00,10546.0,Estadio de Mazatlán,Mazatlán,2020,Clausura - 15,Mazatlán,Atlas,,,0.0,0.0,0.0,0.0,0.0,0.0,,,,,2021,empate
652932,D. Montaño,UTC,2021-04-18 00:00:00+00:00,1076.0,Estadio AKRON,Zapopan,2020,Clausura - 15,Guadalajara Chivas,Club Tijuana,True,False,2.0,0.0,0.0,0.0,2.0,0.0,,,,,2021,local_gana
652933,F. Guerrero,UTC,2021-04-18 02:05:00+00:00,7182.0,Estadio Azteca,D.F.,2020,Clausura - 15,Club America,Cruz Azul,,,1.0,1.0,1.0,0.0,1.0,1.0,,,,,2021,empate
652934,A. Escobedo,UTC,2021-04-18 17:00:00+00:00,1083.0,Estadio Olímpico de Universitario,D.F.,2020,Clausura - 15,U.N.A.M. - Pumas,Tigres UANL,,,0.0,0.0,0.0,0.0,0.0,0.0,,,,,2021,empate
652931,C. Ramos,UTC,2021-04-18 22:00:00+00:00,1795.0,Estadio Alfonso Lastras Ramírez,San Luis Potosí,2020,Clausura - 15,Atletico San Luis,Puebla,False,True,1.0,4.0,0.0,1.0,1.0,4.0,,,,,2021,visitante_gana
652935,L. Santander,UTC,2021-04-19 00:00:00+00:00,1085.0,Estadio Nuevo Corona,Torreón,2020,Clausura - 15,Santos Laguna,Toluca,True,False,3.0,1.0,2.0,0.0,3.0,1.0,,,,,2021,local_gana
652936,J. Pérez,UTC,2021-04-19 02:06:00+00:00,1079.0,Estadio BBVA Bancomer,Guadalupe,2020,Clausura - 15,Monterrey,Pachuca,False,True,0.0,1.0,0.0,0.0,0.0,1.0,,,,,2021,visitante_gana
652937,Ó. Macías,UTC,2021-04-20 02:00:00+00:00,,Estadio León,León de los Aldamas,2020,Clausura - 15,Leon,FC Juarez,True,False,2.0,0.0,0.0,0.0,2.0,0.0,,,,,2021,local_gana
652906,E. Galván,UTC,2021-04-22 02:00:00+00:00,1079.0,Estadio BBVA Bancomer,Guadalupe,2020,Clausura - 12,Monterrey,Guadalajara Chivas,False,True,1.0,2.0,0.0,1.0,1.0,2.0,,,,,2021,visitante_gana
652938,Ó. Mejía,UTC,2021-04-24 00:30:00+00:00,1082.0,Estadio Cuauhtémoc,Puebla,2020,Clausura - 16,Puebla,U.N.A.M. - Pumas,,,0.0,0.0,0.0,0.0,0.0,0.0,,,,,2021,empate
652939,E. Miranda,UTC,2021-04-24 02:06:00+00:00,1088.0,Estadio Caliente,Tijuana,2020,Clausura - 16,Club Tijuana,Necaxa,True,False,1.0,0.0,0.0,0.0,1.0,0.0,,,,,2021,local_gana
652940,C. Ramos,UTC,2021-04-24 02:35:00+00:00,10546.0,Estadio de Mazatlán,Mazatlán,2020,Clausura - 16,Mazatlán,Leon,True,False,4.0,3.0,1.0,2.0,4.0,3.0,,,,,2021,local_gana
652943,F. Hernández,UTC,2021-04-25 00:00:00+00:00,1071.0,Estadio Jalisco,Guadalajara,2020,Clausura - 16,Atlas,Guadalajara Chivas,False,True,0.0,1.0,0.0,0.0,0.0,1.0,,,,,2021,visitante_gana
652942,M. Ortíz,UTC,2021-04-25 02:10:00+00:00,1087.0,Estadio Universitario de Nuevo León,San Nicolás de los Garza,2020,Clausura - 16,Tigres UANL,Monterrey,True,False,2.0,1.0,1.0,1.0,2.0,1.0,,,,,2021,local_gana
652941,L. Santander,UTC,2021-04-25 22:00:00+00:00,7182.0,Estadio Azteca,D.F.,2020,Clausura - 16,Cruz Azul,Atletico San Luis,True,False,3.0,2.0,2.0,1.0,3.0,2.0,,,,,2021,local_gana
652944,Ó. Macías,UTC,2021-04-25 22:30:00+00:00,1089.0,Estadio Nemesio Díez,Toluca de Lerdo,2020,Clausura - 16,Toluca,Club America,True,False,3.0,1.0,2.0,0.0,3.0,1.0,,,,,2021,local_gana
652945,F. Guerrero,UTC,2021-04-26 00:30:00+00:00,1084.0,Estadio La Corregidora,Santiago de Querétaro,2020,Clausura - 16,Club Queretaro,FC Juarez,True,False,1.0,0.0,0.0,0.0,1.0,0.0,,,,,2021,local_gana
652946,D. Montaño,UTC,2021-04-27 02:00:00+00:00,1081.0,Estadio Hidalgo,Pachuca de Soto,2020,Clausura - 16,Pachuca,Santos Laguna,True,False,1.0,0.0,0.0,0.0,1.0,0.0,,,,,2021,local_gana
652947,F. Hernández,UTC,2021-04-30 02:00:00+00:00,1795.0,Estadio Alfonso Lastras Ramírez,San Luis Potosí,2020,Clausura - 17,Atletico San Luis,Pachuca,False,True,1.0,5.0,1.0,2.0,1.0,5.0,,,,,2021,visitante_gana
652948,F. Guerrero,UTC,2021-05-01 00:30:00+00:00,1080.0,Estadio Victoria de Aguascalientes,Aguascalientes,2020,Clausura - 17,Necaxa,Atlas,False,True,1.0,5.0,1.0,2.0,1.0,5.0,,,,,2021,visitante_gana
652949,E. Galván,UTC,2021-05-01 02:30:00+00:00,1845.0,Estadio Olímpico Benito Juárez,Ciudad Juárez,2020,Clausura - 17,FC Juarez,Toluca,True,False,1.0,0.0,0.0,0.0,1.0,0.0,,,,,2021,local_gana
652951,A. Escobedo,UTC,2021-05-02 00:00:00+00:00,7182.0,Estadio Azteca,D.F.,2020,Clausura - 17,Cruz Azul,Club Tijuana,,,1.0,1.0,1.0,0.0,1.0,1.0,,,,,2021,empate
652952,Ó. Mejía,UTC,2021-05-02 02:06:00+00:00,1079.0,Estadio BBVA Bancomer,Guadalupe,2020,Clausura - 17,Monterrey,Mazatlán,True,False,1.0,0.0,1.0,0.0,1.0,0.0,,,,,2021,local_gana
652950,Ó. Macías,UTC,2021-05-02 22:00:00+00:00,1076.0,Estadio AKRON,Zapopan,2020,Clausura - 17,Guadalajara Chivas,Tigres UANL,,,0.0,0.0,0.0,0.0,0.0,0.0,,,,,2021,empate
652955,J. Rojas,UTC,2021-05-02 22:00:00+00:00,,Estadio León,León de los Aldamas,2020,Clausura - 17,Leon,Club Queretaro,True,False,2.0,1.0,1.0,0.0,2.0,1.0,,,,,2021,local_gana
652953,E. Miranda,UTC,2021-05-03 00:06:00+00:00,1085.0,Estadio Nuevo Corona,Torreón,2020,Clausura - 17,Santos Laguna,Puebla,,,0.0,0.0,0.0,0.0,0.0,0.0,,,,,2021,empate
652954,C. Ramos,UTC,2021-05-03 02:05:00+00:00,1083.0,Estadio Olímpico de Universitario,D.F.,2020,Clausura - 17,U.N.A.M. - Pumas,Club America,False,True,0.0,1.0,0.0,0.0,0.0,1.0,,,,,2021,visitante_gana
701896,C. Ramos,UTC,2021-05-09 00:00:00+00:00,1071.0,Estadio Jalisco,Guadalajara,2020,Clausura - Reclasificacion,Atlas,Tigres UANL,True,False,1.0,0.0,0.0,0.0,1.0,0.0,,,,,2021,local_gana
701897,F. Hernández,UTC,2021-05-09 02:15:00+00:00,1085.0,Estadio Nuevo Corona,Torreón,2020,Clausura - Reclasificacion,Santos Laguna,Club Queretaro,True,False,5.0,0.0,2.0,0.0,5.0,0.0,,,,,2021,local_gana
701898,L. Santander,UTC,2021-05-10 00:00:00+00:00,,Estadio León,León de los Aldamas,2020,Clausura - Reclasificacion,Leon,Toluca,False,True,2.0,2.0,1.0,1.0,2.0,2.0,0.0,0.0,2.0,4.0,2021,empate
701899,M. Ortíz,UTC,2021-05-10 02:15:00+00:00,1081.0,Estadio Hidalgo,Pachuca de Soto,2020,Clausura - Reclasificacion,Pachuca,Guadalajara Chivas,True,False,4.0,2.0,0.0,1.0,4.0,2.0,,,,,2021,local_gana
702933,M. Ortíz,UTC,2021-05-13 00:00:00+00:00,1089.0,Estadio Nemesio Díez,Toluca de Lerdo,2020,Clausura - Quarter-finals,Toluca,Cruz Azul,True,False,2.0,1.0,1.0,1.0,2.0,1.0,,,,,2021,local_gana
702934,L. Santander,UTC,2021-05-13 02:05:00+00:00,1071.0,Estadio Jalisco,Guadalajara,2020,Clausura - Quarter-finals,Atlas,Puebla,True,False,1.0,0.0,0.0,0.0,1.0,0.0,,,,,2021,local_gana
702935,E. Galván,UTC,2021-05-14 00:00:00+00:00,1081.0,Estadio Hidalgo,Pachuca de Soto,2020,Clausura - Quarter-finals,Pachuca,Club America,True,False,3.0,1.0,1.0,1.0,3.0,1.0,,,,,2021,local_gana
702936,J. Rojas,UTC,2021-05-14 02:05:00+00:00,1085.0,Estadio Nuevo Corona,Torreón,2020,Clausura - Quarter-finals,Santos Laguna,Monterrey,True,False,2.0,1.0,0.0,1.0,2.0,1.0,,,,,2021,local_gana
702937,D. Montaño,UTC,2021-05-15 23:00:00+00:00,1082.0,Estadio Cuauhtémoc,Puebla,2020,Clausura - Quarter-finals,Puebla,Atlas,True,False,1.0,0.0,0.0,0.0,1.0,0.0,,,,,2021,local_gana
702938,F. Hernández,UTC,2021-05-16 01:05:00+00:00,7182.0,Estadio Azteca,D.F.,2020,Clausura - Quarter-finals,Cruz Azul,Toluca,True,False,3.0,1.0,1.0,1.0,3.0,1.0,,,,,2021,local_gana
702939,C. Ramos,UTC,2021-05-16 23:00:00+00:00,1079.0,Estadio BBVA Bancomer,Guadalupe,2020,Clausura - Quarter-finals,Monterrey,Santos Laguna,,,1.0,1.0,1.0,0.0,1.0,1.0,,,,,2021,empate
702940,F. Guerrero,UTC,2021-05-17 01:05:00+00:00,7182.0,Estadio Azteca,D.F.,2020,Clausura - Quarter-finals,Club America,Pachuca,True,False,4.0,2.0,2.0,1.0,4.0,2.0,,,,,2021,local_gana
704703,L. Santander,UTC,2021-05-20 01:30:00+00:00,1081.0,Estadio Hidalgo,Pachuca de Soto,2020,Clausura - Semi-finals,Pachuca,Cruz Azul,,,0.0,0.0,0.0,0.0,0.0,0.0,,,,,2021,empate
704705,M. Ortíz,UTC,2021-05-21 02:00:00+00:00,1085.0,Estadio Nuevo Corona,Torreón,2020,Clausura - Semi-finals,Santos Laguna,Puebla,True,False,3.0,0.0,2.0,0.0,3.0,0.0,,,,,2021,local_gana
704704,C. Ramos,UTC,2021-05-23 01:00:00+00:00,7182.0,Estadio Azteca,D.F.,2020,Clausura - Semi-finals,Cruz Azul,Pachuca,True,False,1.0,0.0,0.0,0.0,1.0,0.0,,,,,2021,local_gana
704706,F. Guerrero,UTC,2021-05-24 00:00:00+00:00,1082.0,Estadio Cuauhtémoc,Puebla,2020,Clausura - Semi-finals,Puebla,Santos Laguna,True,False,1.0,0.0,0.0,0.0,1.0,0.0,,,,,2021,local_gana
705633,F. Guerrero,UTC,2021-05-28 02:00:00+00:00,1085.0,Estadio Nuevo Corona,Torreón,2020,Clausura - Finals,Santos Laguna,Cruz Azul,False,True,0.0,1.0,0.0,0.0,0.0,1.0,,,,,2021,visitante_gana
705634,"Fernando Hernandez, Mexico",UTC,2021-05-31 01:15:00+00:00,7182.0,Estadio Azteca,D.F.,2020,Clausura - Finals,Cruz Azul,Santos Laguna,,,1.0,1.0,0.0,1.0,1.0,1.0,,,,,2021,empate
143426,"Marco Antonio Ortiz Nava, Mexico",UTC,2017-07-22 00:00:00+00:00,,Estadio Jose Maria Morelos y Pavon,Morelia,2017,Apertura - 1,Monarcas,Monterrey,,,0.0,0.0,0.0,0.0,0.0,0.0,,,,,2017,empate
143427,"Roberto Garcia Orozco, Mexico",UTC,2017-07-22 02:00:00+00:00,1088.0,Estadio Caliente,Tijuana,2017,Apertura - 1,Club Tijuana,Cruz Azul,False,True,0.0,2.0,0.0,1.0,0.0,2.0,,,,,2017,visitante_gana
143429,"Oscar Macias, Mexico",UTC,2017-07-22 22:00:00+00:00,,Estadio Azteca,Mexico City,2017,Apertura - 1,Club America,Club Queretaro,False,True,0.0,1.0,0.0,0.0,0.0,1.0,,,,,2017,visitante_gana
143428,"Erick Yair Miranda Galindo, Mexico",UTC,2017-07-22 22:00:00+00:00,1078.0,Estadio Universitario BUAP,Puebla,2017,Apertura - 1,Lobos Buap,Santos Laguna,,,2.0,2.0,2.0,2.0,2.0,2.0,,,,,2017,empate
143430,"Jorge Antonio Perez Duran, Mexico",UTC,2017-07-23 00:00:00+00:00,,Estadio Universitario (UANL),Monterrey,2017,Apertura - 1,Tigres UANL,Puebla,True,False,5.0,0.0,3.0,0.0,5.0,0.0,,,,,2017,local_gana
143431,"Jose Penaloza, Mexico",UTC,2017-07-23 00:06:00+00:00,,Estadio Leon,Leon,2017,Apertura - 1,Leon,Atlas,False,True,0.0,3.0,0.0,1.0,0.0,3.0,,,,,2017,visitante_gana
143432,"Jorge Isaac Rojas Castillo, Mexico",UTC,2017-07-23 02:06:00+00:00,,Estadio Akron,Guadalajara,2017,Apertura - 1,Guadalajara Chivas,Toluca,,,0.0,0.0,0.0,0.0,0.0,0.0,,,,,2017,empate
143433,"Diego Montano, Mexico",UTC,2017-07-23 17:00:00+00:00,,Estadio Olimpico Universitario,Mexico City,2017,Apertura - 1,U.N.A.M. - Pumas,Pachuca,True,False,1.0,0.0,1.0,0.0,1.0,0.0,,,,,2017,local_gana
143434,"Paul Enrique Delgadillo Haro, Mexico",UTC,2017-07-23 23:49:00+00:00,,Estadio Luis Pirata Fuente,Veracruz,2017,Apertura - 1,Veracruz,Necaxa,False,True,0.0,2.0,0.0,2.0,0.0,2.0,,,,,2017,visitante_gana
143435,"Oscar Macias, Mexico",UTC,2017-07-29 00:00:00+00:00,1082.0,Estadio Cuauhtemoc,Puebla,2017,Apertura - 2,Puebla,Monarcas,,,1.0,1.0,1.0,1.0,1.0,1.0,,,,,2017,empate
143436,"Eduardo Galvan Basulto, Mexico",UTC,2017-07-29 02:00:00+00:00,1071.0,Estadio Jalisco,Guadalajara,2017,Apertura - 2,Atlas,U.N.A.M. - Pumas,True,False,2.0,1.0,1.0,1.0,2.0,1.0,,,,,2017,local_gana
143437,"Fernando Hernandez, Mexico",UTC,2017-07-29 22:00:00+00:00,1084.0,Estadio La Corregidora,Santiago de Queretaro,2017,Apertura - 2,Club Queretaro,Lobos Buap,False,True,0.0,4.0,0.0,1.0,0.0,4.0,,,,,2017,visitante_gana
143438,"Fernando Guerrero Ramirez, Mexico",UTC,2017-07-29 22:00:00+00:00,,Estadio Azul,Mexico City,2017,Apertura - 2,Cruz Azul,Guadalajara Chivas,,,1.0,1.0,1.0,0.0,1.0,1.0,,,,,2017,empate
143439,"Jorge Isaac Rojas Castillo, Mexico",UTC,2017-07-30 00:00:00+00:00,,Estadio BBVA Bancomer,Monterrey,2017,Apertura - 2,Monterrey,Veracruz,True,False,1.0,0.0,1.0,0.0,1.0,0.0,,,,,2017,local_gana
143440,"Cesar Arturo Ramos Palazuelos, Mexico",UTC,2017-07-30 00:06:00+00:00,,Estadio Miguel Hidalgo,Pachuca de Soto,2017,Apertura - 2,Pachuca,Club America,False,True,0.0,2.0,0.0,1.0,0.0,2.0,,,,,2017,visitante_gana
143441,"Luis Santander, Mexico",UTC,2017-07-30 02:00:00+00:00,20474.0,Estadio Victoria,Aguascalientes,2017,Apertura - 2,Necaxa,Club Tijuana,True,False,1.0,0.0,1.0,0.0,1.0,0.0,,,,,2017,local_gana
143442,"Marco Antonio Ortiz Nava, Mexico",UTC,2017-07-30 17:00:00+00:00,,Estadio Nemesio Diez,Toluca,2017,Apertura - 2,Toluca,Leon,True,False,3.0,1.0,2.0,0.0,3.0,1.0,,,,,2017,local_gana
143443,"Roberto Garcia Orozco, Mexico",UTC,2017-07-30 23:30:00+00:00,,Estadio TSM Corona,Torreon,2017,Apertura - 2,Santos Laguna,Tigres UANL,,,1.0,1.0,0.0,1.0,1.0,1.0,,,,,2017,empate
143444,"Luis Santander, Mexico",UTC,2017-08-05 00:00:00+00:00,,Estadio Jose Maria Morelos y Pavon,Morelia,2017,Apertura - 3,Monarcas,Santos Laguna,,,1.0,1.0,0.0,1.0,1.0,1.0,,,,,2017,empate
143445,"Fernando Guerrero Ramirez, Mexico",UTC,2017-08-05 02:00:00+00:00,1088.0,Estadio Caliente,Tijuana,2017,Apertura - 3,Club Tijuana,Monterrey,False,True,0.0,3.0,0.0,1.0,0.0,3.0,,,,,2017,visitante_gana
143446,"Roberto Rios Jacome, Mexico",UTC,2017-08-05 22:00:00+00:00,1078.0,Estadio Universitario BUAP,Puebla,2017,Apertura - 3,Lobos Buap,Pachuca,True,False,3.0,2.0,0.0,0.0,3.0,2.0,,,,,2017,local_gana
143447,"Francisco Chacon Gutierrez, Mexico",UTC,2017-08-06 00:00:00+00:00,,Estadio Universitario (UANL),Monterrey,2017,Apertura - 3,Tigres UANL,Club Queretaro,,,1.0,1.0,0.0,1.0,1.0,1.0,,,,,2017,empate
143448,"Paul Enrique Delgadillo Haro, Mexico",UTC,2017-08-06 00:06:00+00:00,,Estadio Leon,Leon,2017,Apertura - 3,Leon,Cruz Azul,,,2.0,2.0,1.0,1.0,2.0,2.0,,,,,2017,empate
143449,"Erick Yair Miranda Galindo, Mexico",UTC,2017-08-06 02:00:00+00:00,,Estadio Azteca,Mexico City,2017,Apertura - 3,Club America,U.N.A.M. - Pumas,True,False,2.0,1.0,1.0,1.0,2.0,1.0,,,,,2017,local_gana
143450,"Marco Antonio Ortiz Nava, Mexico",UTC,2017-08-06 02:06:00+00:00,,Estadio Akron,Guadalajara,2017,Apertura - 3,Guadalajara Chivas,Necaxa,,,2.0,2.0,2.0,2.0,2.0,2.0,,,,,2017,empate
143451,"Jorge Antonio Perez Duran, Mexico",UTC,2017-08-06 17:00:00+00:00,,Estadio Nemesio Diez,Toluca,2017,Apertura - 3,Toluca,Atlas,True,False,3.0,2.0,1.0,1.0,3.0,2.0,,,,,2017,local_gana
143452,"Jose Penaloza, Mexico",UTC,2017-08-06 23:30:00+00:00,,Estadio Luis Pirata Fuente,Veracruz,2017,Apertura - 3,Veracruz,Puebla,True,False,2.0,0.0,2.0,0.0,2.0,0.0,,,,,2017,local_gana
143453,"Adonai Escobedo Gonzalez, Mexico",UTC,2017-08-12 00:00:00+00:00,1082.0,Estadio Cuauhtemoc,Puebla,2017,Apertura - 4,Puebla,Club Tijuana,,,1.0,1.0,0.0,0.0,1.0,1.0,,,,,2017,empate
143454,"Fernando Guerrero Ramirez, Mexico",UTC,2017-08-12 02:00:00+00:00,1071.0,Estadio Jalisco,Guadalajara,2017,Apertura - 4,Atlas,Club America,False,True,0.0,1.0,0.0,0.0,0.0,1.0,,,,,2017,visitante_gana
143455,"Paul Enrique Delgadillo Haro, Mexico",UTC,2017-08-12 22:00:00+00:00,1084.0,Estadio La Corregidora,Santiago de Queretaro,2017,Apertura - 4,Club Queretaro,Monarcas,True,False,2.0,1.0,0.0,0.0,2.0,1.0,,,,,2017,local_gana
143456,"Luis Santander, Mexico",UTC,2017-08-12 22:00:00+00:00,,Estadio Azul,Mexico City,2017,Apertura - 4,Cruz Azul,Toluca,,,0.0,0.0,0.0,0.0,0.0,0.0,,,,,2017,empate
143457,"Roberto Garcia Orozco, Mexico",UTC,2017-08-13 00:00:00+00:00,,Estadio BBVA Bancomer,Monterrey,2017,Apertura - 4,Monterrey,Guadalajara Chivas,True,False,4.0,1.0,1.0,1.0,4.0,1.0,,,,,2017,local_gana
143458,"Jose Penaloza, Mexico",UTC,2017-08-13 00:06:00+00:00,,Estadio Miguel Hidalgo,Pachuca de Soto,2017,Apertura - 4,Pachuca,Tigres UANL,True,False,2.0,1.0,1.0,1.0,2.0,1.0,,,,,2017,local_gana
143459,"Jorge Isaac Rojas Castillo, Mexico",UTC,2017-08-13 02:00:00+00:00,20474.0,Estadio Victoria,Aguascalientes,2017,Apertura - 4,Necaxa,Leon,False,True,0.0,3.0,0.0,0.0,0.0,3.0,,,,,2017,visitante_gana
143460,"Oscar Macias, Mexico",UTC,2017-08-13 17:00:00+00:00,,Estadio Olimpico Universitario,Mexico City,2017,Apertura - 4,U.N.A.M. - Pumas,Lobos Buap,True,False,2.0,0.0,0.0,0.0,2.0,0.0,,,,,2017,local_gana
143461,"Francisco Chacon Gutierrez, Mexico",UTC,2017-08-13 23:30:00+00:00,,Estadio TSM Corona,Torreon,2017,Apertura - 4,Santos Laguna,Veracruz,False,True,2.0,3.0,0.0,1.0,2.0,3.0,,,,,2017,visitante_gana
143462,"Adonai Escobedo Gonzalez, Mexico",UTC,2017-08-19 00:00:00+00:00,,Estadio Jose Maria Morelos y Pavon,Morelia,2017,Apertura - 5,Monarcas,Pachuca,False,True,1.0,2.0,1.0,2.0,1.0,2.0,,,,,2017,visitante_gana
143463,"Diego Montano, Mexico",UTC,2017-08-19 02:00:00+00:00,1088.0,Estadio Caliente,Tijuana,2017,Apertura - 5,Club Tijuana,Santos Laguna,True,False,2.0,0.0,2.0,0.0,2.0,0.0,,,,,2017,local_gana
143465,"Oscar Macias, Mexico",UTC,2017-08-19 22:00:00+00:00,,Estadio Azul,Mexico City,2017,Apertura - 5,Cruz Azul,Atlas,True,False,2.0,1.0,2.0,0.0,2.0,1.0,,,,,2017,local_gana
143464,"Roberto Garcia Orozco, Mexico",UTC,2017-08-19 22:00:00+00:00,1078.0,Estadio Universitario BUAP,Puebla,2017,Apertura - 5,Lobos Buap,Club America,False,True,2.0,3.0,2.0,2.0,2.0,3.0,,,,,2017,visitante_gana
143466,"Fernando Guerrero Ramirez, Mexico",UTC,2017-08-20 00:00:00+00:00,,Estadio Universitario (UANL),Monterrey,2017,Apertura - 5,Tigres UANL,U.N.A.M. - Pumas,True,False,2.0,0.0,1.0,0.0,2.0,0.0,,,,,2017,local_gana
143467,"Cesar Arturo Ramos Palazuelos, Mexico",UTC,2017-08-20 00:00:00+00:00,,Estadio Luis Pirata Fuente,Veracruz,2017,Apertura - 5,Veracruz,Club Queretaro,,,1.0,1.0,1.0,0.0,1.0,1.0,,,,,2017,empate
143468,"Francisco Chacon Gutierrez, Mexico",UTC,2017-08-20 00:06:00+00:00,,Estadio Leon,Leon,2017,Apertura - 5,Leon,Monterrey,False,True,1.0,2.0,0.0,2.0,1.0,2.0,,,,,2017,visitante_gana
143469,"Roberto Rios Jacome, Mexico",UTC,2017-08-20 02:06:00+00:00,,Estadio Akron,Guadalajara,2017,Apertura - 5,Guadalajara Chivas,Puebla,False,True,0.0,1.0,0.0,1.0,0.0,1.0,,,,,2017,visitante_gana
143470,"Jose Penaloza, Mexico",UTC,2017-08-20 17:00:00+00:00,,Estadio Nemesio Diez,Toluca,2017,Apertura - 5,Toluca,Necaxa,,,0.0,0.0,0.0,0.0,0.0,0.0,,,,,2017,empate
143471,"Erick Yair Miranda Galindo, Mexico",UTC,2017-08-23 00:06:00+00:00,,Estadio Miguel Hidalgo,Pachuca de Soto,2017,Apertura - 6,Pachuca,Veracruz,True,False,4.0,1.0,2.0,0.0,4.0,1.0,,,,,2017,local_gana
143472,"Adonai Escobedo Gonzalez, Mexico",UTC,2017-08-23 01:30:00+00:00,1071.0,Estadio Jalisco,Guadalajara,2017,Apertura - 6,Atlas,Lobos Buap,,,1.0,1.0,0.0,0.0,1.0,1.0,,,,,2017,empate
143473,"Fernando Hernandez, Mexico",UTC,2017-08-23 02:00:00+00:00,,Estadio Olimpico Universitario,Mexico City,2017,Apertura - 6,U.N.A.M. - Pumas,Monarcas,False,True,1.0,2.0,0.0,0.0,1.0,2.0,,,,,2017,visitante_gana
143474,"Jorge Isaac Rojas Castillo, Mexico",UTC,2017-08-23 02:00:00+00:00,1084.0,Estadio La Corregidora,Santiago de Queretaro,2017,Apertura - 6,Club Queretaro,Club Tijuana,False,True,1.0,3.0,0.0,2.0,1.0,3.0,,,,,2017,visitante_gana
143475,"Marco Antonio Ortiz Nava, Mexico",UTC,2017-08-24 00:00:00+00:00,,Estadio Azteca,Mexico City,2017,Apertura - 6,Club America,Tigres UANL,,,2.0,2.0,1.0,1.0,2.0,2.0,,,,,2017,empate
143476,"Jorge Antonio Perez Duran, Mexico",UTC,2017-08-24 01:00:00+00:00,1082.0,Estadio Cuauhtemoc,Puebla,2017,Apertura - 6,Puebla,Leon,False,True,0.0,1.0,0.0,1.0,0.0,1.0,,,,,2017,visitante_gana
143477,"Cesar Arturo Ramos Palazuelos, Mexico",UTC,2017-08-24 01:30:00+00:00,,Estadio TSM Corona,Torreon,2017,Apertura - 6,Santos Laguna,Guadalajara Chivas,,,1.0,1.0,0.0,1.0,1.0,1.0,,,,,2017,empate
143478,"Paul Enrique Delgadillo Haro, Mexico",UTC,2017-08-24 02:00:00+00:00,,Estadio BBVA Bancomer,Monterrey,2017,Apertura - 6,Monterrey,Toluca,True,False,4.0,1.0,2.0,0.0,4.0,1.0,,,,,2017,local_gana
143479,"Francisco Chacon Gutierrez, Mexico",UTC,2017-08-24 02:00:00+00:00,20474.0,Estadio Victoria,Aguascalientes,2017,Apertura - 6,Necaxa,Cruz Azul,,,1.0,1.0,0.0,0.0,1.0,1.0,,,,,2017,empate
143480,"Roberto Garcia Orozco, Mexico",UTC,2017-08-26 02:00:00+00:00,1088.0,Estadio Caliente,Tijuana,2017,Apertura - 7,Club Tijuana,Pachuca,True,False,2.0,1.0,1.0,0.0,2.0,1.0,,,,,2017,local_gana
143481,"Jose Penaloza, Mexico",UTC,2017-08-26 22:00:00+00:00,,Estadio Azul,Mexico City,2017,Apertura - 7,Cruz Azul,Monterrey,,,1.0,1.0,0.0,0.0,1.0,1.0,,,,,2017,empate
143482,"Jorge Isaac Rojas Castillo, Mexico",UTC,2017-08-27 00:00:00+00:00,,Estadio Universitario (UANL),Monterrey,2017,Apertura - 7,Tigres UANL,Lobos Buap,True,False,3.0,2.0,1.0,1.0,3.0,2.0,,,,,2017,local_gana
143483,"Marco Antonio Ortiz Nava, Mexico",UTC,2017-08-27 00:06:00+00:00,,Estadio Leon,Leon,2017,Apertura - 7,Leon,Santos Laguna,False,True,1.0,2.0,0.0,2.0,1.0,2.0,,,,,2017,visitante_gana
143484,"Jorge Antonio Perez Duran, Mexico",UTC,2017-08-27 01:00:00+00:00,,Estadio Jose Maria Morelos y Pavon,Morelia,2017,Apertura - 7,Monarcas,Club America,True,False,2.0,0.0,1.0,0.0,2.0,0.0,,,,,2017,local_gana
143485,"Paul Enrique Delgadillo Haro, Mexico",UTC,2017-08-27 02:00:00+00:00,20474.0,Estadio Victoria,Aguascalientes,2017,Apertura - 7,Necaxa,Atlas,True,False,2.0,1.0,1.0,1.0,2.0,1.0,,,,,2017,local_gana
143486,"Fernando Guerrero Ramirez, Mexico",UTC,2017-08-27 02:06:00+00:00,,Estadio Akron,Guadalajara,2017,Apertura - 7,Guadalajara Chivas,Club Queretaro,,,0.0,0.0,0.0,0.0,0.0,0.0,,,,,2017,empate
143487,"Oscar Macias, Mexico",UTC,2017-08-27 17:00:00+00:00,,Estadio Nemesio Diez,Toluca,2017,Apertura - 7,Toluca,Puebla,True,False,2.0,1.0,0.0,1.0,2.0,1.0,,,,,2017,local_gana
143488,"Luis Santander, Mexico",UTC,2017-08-27 23:05:00+00:00,,Estadio Luis Pirata Fuente,Veracruz,2017,Apertura - 7,Veracruz,U.N.A.M. - Pumas,True,False,1.0,0.0,0.0,0.0,1.0,0.0,,,,,2017,local_gana
143489,"Erick Yair Miranda Galindo, Mexico",UTC,2017-09-09 00:00:00+00:00,1082.0,Estadio Cuauhtemoc,Puebla,2017,Apertura - 8,Puebla,Cruz Azul,,,0.0,0.0,0.0,0.0,0.0,0.0,,,,,2017,empate
143491,"Oscar Macias, Mexico",UTC,2017-09-09 22:00:00+00:00,1084.0,Estadio La Corregidora,Santiago de Queretaro,2017,Apertura - 8,Club Queretaro,Leon,False,True,1.0,2.0,0.0,1.0,1.0,2.0,,,,,2017,visitante_gana
143490,"Luis Santander, Mexico",UTC,2017-09-09 22:00:00+00:00,1078.0,Estadio Universitario BUAP,Puebla,2017,Apertura - 8,Lobos Buap,Monarcas,False,True,1.0,3.0,0.0,3.0,1.0,3.0,,,,,2017,visitante_gana
143492,"Jorge Antonio Perez Duran, Mexico",UTC,2017-09-10 00:00:00+00:00,,Estadio BBVA Bancomer,Monterrey,2017,Apertura - 8,Monterrey,Necaxa,True,False,1.0,0.0,0.0,0.0,1.0,0.0,,,,,2017,local_gana
143493,"Paul Enrique Delgadillo Haro, Mexico",UTC,2017-09-10 00:06:00+00:00,,Estadio Miguel Hidalgo,Pachuca de Soto,2017,Apertura - 8,Pachuca,Guadalajara Chivas,False,True,1.0,3.0,0.0,3.0,1.0,3.0,,,,,2017,visitante_gana
143494,"Jose Penaloza, Mexico",UTC,2017-09-10 02:00:00+00:00,,Estadio Azteca,Mexico City,2017,Apertura - 8,Club America,Veracruz,True,False,2.0,0.0,1.0,0.0,2.0,0.0,,,,,2017,local_gana
143495,"Francisco Chacon Gutierrez, Mexico",UTC,2017-09-10 17:00:00+00:00,,Estadio Olimpico Universitario,Mexico City,2017,Apertura - 8,U.N.A.M. - Pumas,Club Tijuana,False,True,0.0,2.0,0.0,0.0,0.0,2.0,,,,,2017,visitante_gana
143496,"Fernando Guerrero Ramirez, Mexico",UTC,2017-09-10 23:30:00+00:00,,Estadio TSM Corona,Torreon,2017,Apertura - 8,Santos Laguna,Toluca,,,0.0,0.0,0.0,0.0,0.0,0.0,,,,,2017,empate
143498,"Paul Enrique Delgadillo Haro, Mexico",UTC,2017-09-16 00:00:00+00:00,,Estadio Jose Maria Morelos y Pavon,Morelia,2017,Apertura - 9,Monarcas,Tigres UANL,,,3.0,3.0,1.0,2.0,3.0,3.0,,,,,2017,empate
143499,"Luis Santander, Mexico",UTC,2017-09-16 02:00:00+00:00,1088.0,Estadio Caliente,Tijuana,2017,Apertura - 9,Club Tijuana,Club America,,,1.0,1.0,0.0,1.0,1.0,1.0,,,,,2017,empate
143500,"Fernando Hernandez, Mexico",UTC,2017-09-16 22:00:00+00:00,,Estadio Azul,Mexico City,2017,Apertura - 9,Cruz Azul,Santos Laguna,True,False,2.0,1.0,0.0,1.0,2.0,1.0,,,,,2017,local_gana
143501,"Marco Antonio Ortiz Nava, Mexico",UTC,2017-09-17 00:00:00+00:00,,Estadio BBVA Bancomer,Monterrey,2017,Apertura - 9,Monterrey,Atlas,True,False,2.0,1.0,1.0,1.0,2.0,1.0,,,,,2017,local_gana
143502,"Cesar Arturo Ramos Palazuelos, Mexico",UTC,2017-09-17 00:06:00+00:00,,Estadio Leon,Leon,2017,Apertura - 9,Leon,Pachuca,True,False,3.0,1.0,3.0,0.0,3.0,1.0,,,,,2017,local_gana
143503,"Jorge Isaac Rojas Castillo, Mexico",UTC,2017-09-17 02:00:00+00:00,20474.0,Estadio Victoria,Aguascalientes,2017,Apertura - 9,Necaxa,Puebla,,,1.0,1.0,0.0,1.0,1.0,1.0,,,,,2017,empate
143504,"Roberto Garcia Orozco, Mexico",UTC,2017-09-17 02:06:00+00:00,,Estadio Akron,Guadalajara,2017,Apertura - 9,Guadalajara Chivas,U.N.A.M. - Pumas,,,1.0,1.0,0.0,1.0,1.0,1.0,,,,,2017,empate
143505,"Erick Yair Miranda Galindo, Mexico",UTC,2017-09-17 17:00:00+00:00,,Estadio Nemesio Diez,Toluca,2017,Apertura - 9,Toluca,Club Queretaro,True,False,3.0,2.0,3.0,2.0,3.0,2.0,,,,,2017,local_gana
143506,"Oscar Macias, Mexico",UTC,2017-09-17 23:30:00+00:00,,Estadio Luis Pirata Fuente,Veracruz,2017,Apertura - 9,Veracruz,Lobos Buap,False,True,0.0,1.0,0.0,0.0,0.0,1.0,,,,,2017,visitante_gana
143516,"Eduardo Galvan Basulto, Mexico",UTC,2017-09-27 00:06:00+00:00,,Estadio Akron,Guadalajara,2017,Apertura - 11,Guadalajara Chivas,Lobos Buap,False,True,1.0,2.0,0.0,1.0,1.0,2.0,,,,,2017,visitante_gana
143517,"Francisco Chacon Gutierrez, Mexico",UTC,2017-09-27 01:00:00+00:00,1082.0,Estadio Cuauhtemoc,Puebla,2017,Apertura - 11,Puebla,Atlas,False,True,1.0,2.0,1.0,1.0,1.0,2.0,,,,,2017,visitante_gana
143518,"Roberto Garcia Orozco, Mexico",UTC,2017-09-27 02:30:00+00:00,,Estadio Luis Pirata Fuente,Veracruz,2017,Apertura - 11,Veracruz,Monarcas,True,False,2.0,1.0,0.0,1.0,2.0,1.0,,,,,2017,local_gana
143519,"Cesar Arturo Ramos Palazuelos, Mexico",UTC,2017-09-27 04:15:00+00:00,1088.0,Estadio Caliente,Tijuana,2017,Apertura - 11,Club Tijuana,Tigres UANL,False,True,0.0,1.0,0.0,0.0,0.0,1.0,,,,,2017,visitante_gana
143520,"Diego Montano, Mexico",UTC,2017-09-28 00:06:00+00:00,,Estadio Leon,Leon,2017,Apertura - 11,Leon,Club America,True,False,2.0,1.0,0.0,0.0,2.0,1.0,,,,,2017,local_gana
143521,"Marco Antonio Ortiz Nava, Mexico",UTC,2017-09-28 02:00:00+00:00,,Estadio Nemesio Diez,Toluca,2017,Apertura - 11,Toluca,U.N.A.M. - Pumas,True,False,2.0,1.0,0.0,1.0,2.0,1.0,,,,,2017,local_gana
143522,"Fernando Guerrero Ramirez, Mexico",UTC,2017-09-28 02:00:00+00:00,20474.0,Estadio Victoria,Aguascalientes,2017,Apertura - 11,Necaxa,Club Queretaro,True,False,1.0,0.0,0.0,0.0,1.0,0.0,,,,,2017,local_gana
143523,"Jorge Isaac Rojas Castillo, Mexico",UTC,2017-09-28 02:06:00+00:00,,Estadio Miguel Hidalgo,Pachuca de Soto,2017,Apertura - 11,Pachuca,Cruz Azul,True,False,4.0,0.0,2.0,0.0,4.0,0.0,,,,,2017,local_gana
143525,"Erick Yair Miranda Galindo, Mexico",UTC,2017-09-30 00:00:00+00:00,,Estadio Jose Maria Morelos y Pavon,Morelia,2017,Apertura - 12,Monarcas,Club Tijuana,True,False,3.0,0.0,1.0,0.0,3.0,0.0,,,,,2017,local_gana
143526,"Luis Santander, Mexico",UTC,2017-09-30 02:00:00+00:00,1071.0,Estadio Jalisco,Guadalajara,2017,Apertura - 12,Atlas,Veracruz,True,False,2.0,0.0,0.0,0.0,2.0,0.0,,,,,2017,local_gana
143528,"Diego Montano, Mexico",UTC,2017-09-30 22:00:00+00:00,1084.0,Estadio La Corregidora,Santiago de Queretaro,2017,Apertura - 12,Club Queretaro,Monterrey,,,2.0,2.0,1.0,0.0,2.0,2.0,,,,,2017,empate
143527,"Jorge Isaac Rojas Castillo, Mexico",UTC,2017-09-30 22:00:00+00:00,1078.0,Estadio Universitario BUAP,Puebla,2017,Apertura - 12,Lobos Buap,Leon,False,True,0.0,3.0,0.0,3.0,0.0,3.0,,,,,2017,visitante_gana
143529,"Fernando Guerrero Ramirez, Mexico",UTC,2017-10-01 00:00:00+00:00,,Estadio Universitario (UANL),Monterrey,2017,Apertura - 12,Tigres UANL,Guadalajara Chivas,True,False,1.0,0.0,0.0,0.0,1.0,0.0,,,,,2017,local_gana
143530,"Francisco Chacon Gutierrez, Mexico",UTC,2017-10-01 00:06:00+00:00,,Estadio Miguel Hidalgo,Pachuca de Soto,2017,Apertura - 12,Pachuca,Necaxa,,,0.0,0.0,0.0,0.0,0.0,0.0,,,,,2017,empate
143531,"Roberto Garcia Orozco, Mexico",UTC,2017-10-01 02:00:00+00:00,,Estadio Nemesio Diez,Toluca,2017,Apertura - 12,Toluca,Club America,False,True,1.0,2.0,0.0,2.0,1.0,2.0,,,,,2017,visitante_gana
143532,"Cesar Arturo Ramos Palazuelos, Mexico",UTC,2017-10-01 21:05:00+00:00,1084.0,Estadio La Corregidora,Santiago de Queretaro,2017,Apertura - 12,U.N.A.M. - Pumas,Cruz Azul,False,True,1.0,4.0,1.0,1.0,1.0,4.0,,,,,2017,visitante_gana
143533,"Marco Antonio Ortiz Nava, Mexico",UTC,2017-10-01 23:30:00+00:00,,Estadio TSM Corona,Torreon,2017,Apertura - 12,Santos Laguna,Puebla,,,0.0,0.0,0.0,0.0,0.0,0.0,,,,,2017,empate
143534,"Cesar Arturo Ramos Palazuelos, Mexico",UTC,2017-10-12 02:00:00+00:00,,Estadio Nemesio Diez,Toluca,2017,Apertura - 13,Toluca,Lobos Buap,True,False,3.0,1.0,1.0,0.0,3.0,1.0,,,,,2017,local_gana
143535,"Roberto Garcia Orozco, Mexico",UTC,2017-10-14 00:00:00+00:00,1082.0,Estadio Cuauhtemoc,Puebla,2017,Apertura - 13,Puebla,Club Queretaro,,,2.0,2.0,1.0,0.0,2.0,2.0,,,,,2017,empate
143536,"Jorge Isaac Rojas Castillo, Mexico",UTC,2017-10-14 02:00:00+00:00,1088.0,Estadio Caliente,Tijuana,2017,Apertura - 13,Club Tijuana,Veracruz,,,0.0,0.0,0.0,0.0,0.0,0.0,,,,,2017,empate
143537,"Paul Enrique Delgadillo Haro, Mexico",UTC,2017-10-14 22:00:00+00:00,,Estadio Azul,Mexico City,2017,Apertura - 13,Cruz Azul,Club America,False,True,1.0,3.0,0.0,2.0,1.0,3.0,,,,,2017,visitante_gana
143538,"Eduardo Galvan Basulto, Mexico",UTC,2017-10-15 00:00:00+00:00,,Estadio BBVA Bancomer,Monterrey,2017,Apertura - 13,Monterrey,Pachuca,True,False,2.0,0.0,1.0,0.0,2.0,0.0,,,,,2017,local_gana
143539,"Francisco Chacon Gutierrez, Mexico",UTC,2017-10-15 00:06:00+00:00,,Estadio Leon,Leon,2017,Apertura - 13,Leon,Tigres UANL,True,False,1.0,0.0,0.0,0.0,1.0,0.0,,,,,2017,local_gana
143540,"Oscar Macias, Mexico",UTC,2017-10-15 02:00:00+00:00,20474.0,Estadio Victoria,Aguascalientes,2017,Apertura - 13,Necaxa,U.N.A.M. - Pumas,,,0.0,0.0,0.0,0.0,0.0,0.0,,,,,2017,empate
143541,"Marco Antonio Ortiz Nava, Mexico",UTC,2017-10-15 02:06:00+00:00,,Estadio Akron,Guadalajara,2017,Apertura - 13,Guadalajara Chivas,Monarcas,False,True,1.0,2.0,0.0,0.0,1.0,2.0,,,,,2017,visitante_gana
143542,"Erick Yair Miranda Galindo, Mexico",UTC,2017-10-15 23:30:00+00:00,,Estadio TSM Corona,Torreon,2017,Apertura - 13,Santos Laguna,Atlas,False,True,0.0,1.0,0.0,0.0,0.0,1.0,,,,,2017,visitante_gana
143507,"Marco Antonio Ortiz Nava, Mexico",UTC,2017-10-18 00:00:00+00:00,1078.0,Estadio Universitario BUAP,Puebla,2017,Apertura - 10,Lobos Buap,Club Tijuana,False,True,1.0,2.0,1.0,2.0,1.0,2.0,,,,,2017,visitante_gana
143508,"Erick Yair Miranda Galindo, Mexico",UTC,2017-10-18 01:00:00+00:00,1084.0,Estadio La Corregidora,Santiago de Queretaro,2017,Apertura - 10,Club Queretaro,Cruz Azul,False,True,1.0,2.0,1.0,1.0,1.0,2.0,,,,,2017,visitante_gana
143509,"Fernando Hernandez, Mexico",UTC,2017-10-18 01:45:00+00:00,,Estadio Universitario (UANL),Monterrey,2017,Apertura - 10,Tigres UANL,Veracruz,True,False,1.0,0.0,1.0,0.0,1.0,0.0,,,,,2017,local_gana
143510,"Eduardo Galvan Basulto, Mexico",UTC,2017-10-18 02:00:00+00:00,,Estadio Olimpico Universitario,Mexico City,2017,Apertura - 10,U.N.A.M. - Pumas,Leon,True,False,2.0,0.0,1.0,0.0,2.0,0.0,,,,,2017,local_gana
143511,"Jorge Isaac Rojas Castillo, Mexico",UTC,2017-10-18 02:30:00+00:00,1071.0,Estadio Jalisco,Guadalajara,2017,Apertura - 10,Atlas,Monarcas,False,True,0.0,1.0,0.0,1.0,0.0,1.0,,,,,2017,visitante_gana
143512,"Paul Enrique Delgadillo Haro, Mexico",UTC,2017-10-19 00:00:00+00:00,,Estadio TSM Corona,Torreon,2017,Apertura - 10,Santos Laguna,Necaxa,True,False,3.0,2.0,2.0,0.0,3.0,2.0,,,,,2017,local_gana
143513,"Diego Montano, Mexico",UTC,2017-10-19 00:06:00+00:00,,Estadio Miguel Hidalgo,Pachuca de Soto,2017,Apertura - 10,Pachuca,Toluca,,,2.0,2.0,0.0,1.0,2.0,2.0,,,,,2017,empate
143515,"Francisco Chacon Gutierrez, Mexico",UTC,2017-10-19 02:00:00+00:00,,Estadio Azteca,Mexico City,2017,Apertura - 10,Club America,Guadalajara Chivas,True,False,2.0,1.0,0.0,0.0,2.0,1.0,,,,,2017,local_gana
143514,"Cesar Arturo Ramos Palazuelos, Mexico",UTC,2017-10-19 02:00:00+00:00,1082.0,Estadio Cuauhtemoc,Puebla,2017,Apertura - 10,Puebla,Monterrey,True,False,2.0,0.0,1.0,0.0,2.0,0.0,,,,,2017,local_gana
143543,"Jose Penaloza, Mexico",UTC,2017-10-21 00:00:00+00:00,,Estadio Jose Maria Morelos y Pavon,Morelia,2017,Apertura - 14,Monarcas,Leon,,,0.0,0.0,0.0,0.0,0.0,0.0,,,,,2017,empate
143544,"Fernando Guerrero Ramirez, Mexico",UTC,2017-10-21 02:00:00+00:00,1071.0,Estadio Jalisco,Guadalajara,2017,Apertura - 14,Atlas,Club Tijuana,True,False,1.0,0.0,0.0,0.0,1.0,0.0,,,,,2017,local_gana
143546,"Cesar Arturo Ramos Palazuelos, Mexico",UTC,2017-10-21 22:00:00+00:00,1084.0,Estadio La Corregidora,Santiago de Queretaro,2017,Apertura - 14,Club Queretaro,Santos Laguna,False,True,1.0,2.0,1.0,2.0,1.0,2.0,,,,,2017,visitante_gana
143545,"Diego Montano, Mexico",UTC,2017-10-21 22:00:00+00:00,1078.0,Estadio Universitario BUAP,Puebla,2017,Apertura - 14,Lobos Buap,Cruz Azul,True,False,3.0,0.0,2.0,0.0,3.0,0.0,,,,,2017,local_gana
143547,"Jorge Isaac Rojas Castillo, Mexico",UTC,2017-10-22 00:00:00+00:00,,Estadio Universitario (UANL),Monterrey,2017,Apertura - 14,Tigres UANL,Toluca,True,False,3.0,0.0,1.0,0.0,3.0,0.0,,,,,2017,local_gana
143548,"Jorge Antonio Perez Duran, Mexico",UTC,2017-10-22 00:06:00+00:00,,Estadio Miguel Hidalgo,Pachuca de Soto,2017,Apertura - 14,Pachuca,Puebla,True,False,1.0,0.0,1.0,0.0,1.0,0.0,,,,,2017,local_gana
143549,"Luis Santander, Mexico",UTC,2017-10-22 02:00:00+00:00,,Estadio Azteca,Mexico City,2017,Apertura - 14,Club America,Necaxa,False,True,0.0,1.0,0.0,0.0,0.0,1.0,,,,,2017,visitante_gana
143550,"Francisco Chacon Gutierrez, Mexico",UTC,2017-10-22 17:00:00+00:00,,Estadio Olimpico Universitario,Mexico City,2017,Apertura - 14,U.N.A.M. - Pumas,Monterrey,False,True,0.0,1.0,0.0,0.0,0.0,1.0,,,,,2017,visitante_gana
143551,"Paul Enrique Delgadillo Haro, Mexico",UTC,2017-10-23 00:15:00+00:00,,Estadio Luis Pirata Fuente,Veracruz,2017,Apertura - 14,Veracruz,Guadalajara Chivas,False,True,2.0,3.0,0.0,2.0,2.0,3.0,,,,,2017,visitante_gana
143552,"Adonai Escobedo Gonzalez, Mexico",UTC,2017-10-28 00:00:00+00:00,1082.0,Estadio Cuauhtemoc,Puebla,2017,Apertura - 15,Puebla,U.N.A.M. - Pumas,True,False,3.0,0.0,1.0,0.0,3.0,0.0,,,,,2017,local_gana
143554,"Oscar Macias, Mexico",UTC,2017-10-28 23:00:00+00:00,1084.0,Estadio La Corregidora,Santiago de Queretaro,2017,Apertura - 15,Club Queretaro,Atlas,,,2.0,2.0,2.0,1.0,2.0,2.0,,,,,2017,empate
143553,"Roberto Garcia Orozco, Mexico",UTC,2017-10-28 23:00:00+00:00,,Estadio Azul,Mexico City,2017,Apertura - 15,Cruz Azul,Tigres UANL,False,True,1.0,2.0,1.0,1.0,1.0,2.0,,,,,2017,visitante_gana
143555,"Jorge Isaac Rojas Castillo, Mexico",UTC,2017-10-29 01:00:00+00:00,,Estadio BBVA Bancomer,Monterrey,2017,Apertura - 15,Monterrey,Club America,True,False,2.0,0.0,2.0,0.0,2.0,0.0,,,,,2017,local_gana
143556,"Cesar Arturo Ramos Palazuelos, Mexico",UTC,2017-10-29 01:06:00+00:00,,Estadio Leon,Leon,2017,Apertura - 15,Leon,Veracruz,True,False,6.0,2.0,2.0,1.0,6.0,2.0,,,,,2017,local_gana
143557,"Jorge Antonio Perez Duran, Mexico",UTC,2017-10-29 02:00:00+00:00,20474.0,Estadio Victoria,Aguascalientes,2017,Apertura - 15,Necaxa,Lobos Buap,True,False,5.0,0.0,3.0,0.0,5.0,0.0,,,,,2017,local_gana
143558,"Fernando Hernandez, Mexico",UTC,2017-10-29 02:06:00+00:00,,Estadio Akron,Guadalajara,2017,Apertura - 15,Guadalajara Chivas,Club Tijuana,True,False,3.0,1.0,2.0,1.0,3.0,1.0,,,,,2017,local_gana
143559,"Francisco Chacon Gutierrez, Mexico",UTC,2017-10-29 18:00:00+00:00,,Estadio Nemesio Diez,Toluca,2017,Apertura - 15,Toluca,Monarcas,False,True,0.0,1.0,0.0,0.0,0.0,1.0,,,,,2017,visitante_gana
143560,"Marco Antonio Ortiz Nava, Mexico",UTC,2017-10-30 01:15:00+00:00,,Estadio TSM Corona,Torreon,2017,Apertura - 15,Santos Laguna,Pachuca,,,2.0,2.0,1.0,2.0,2.0,2.0,,,,,2017,empate
143497,"Paul Enrique Delgadillo Haro, Mexico",UTC,2017-11-02 03:00:00+00:00,1071.0,Estadio Jalisco,Guadalajara,2017,Apertura - 8,Atlas,Tigres UANL,,,1.0,1.0,1.0,1.0,1.0,1.0,,,,,2017,empate
143561,"Fernando Hernandez, Mexico",UTC,2017-11-04 01:00:00+00:00,,Estadio Jose Maria Morelos y Pavon,Morelia,2017,Apertura - 16,Monarcas,Cruz Azul,False,True,1.0,2.0,0.0,2.0,1.0,2.0,,,,,2017,visitante_gana
143562,"Oscar Macias, Mexico",UTC,2017-11-04 03:00:00+00:00,1088.0,Estadio Caliente,Tijuana,2017,Apertura - 16,Club Tijuana,Leon,True,False,2.0,1.0,0.0,1.0,2.0,1.0,,,,,2017,local_gana
143563,"Paul Enrique Delgadillo Haro, Mexico",UTC,2017-11-04 23:00:00+00:00,1078.0,Estadio Universitario BUAP,Puebla,2017,Apertura - 16,Lobos Buap,Monterrey,True,False,2.0,1.0,1.0,1.0,2.0,1.0,,,,,2017,local_gana
143564,"Francisco Chacon Gutierrez, Mexico",UTC,2017-11-05 01:06:00+00:00,,Estadio Miguel Hidalgo,Pachuca de Soto,2017,Apertura - 16,Pachuca,Club Queretaro,False,True,0.0,1.0,0.0,0.0,0.0,1.0,,,,,2017,visitante_gana
143565,"Fernando Guerrero Ramirez, Mexico",UTC,2017-11-05 03:00:00+00:00,,Estadio Azteca,Mexico City,2017,Apertura - 16,Club America,Puebla,,,1.0,1.0,1.0,0.0,1.0,1.0,,,,,2017,empate
143566,"Jorge Isaac Rojas Castillo, Mexico",UTC,2017-11-05 03:06:00+00:00,,Estadio Akron,Guadalajara,2017,Apertura - 16,Guadalajara Chivas,Atlas,False,True,1.0,2.0,0.0,1.0,1.0,2.0,,,,,2017,visitante_gana
143567,"Luis Santander, Mexico",UTC,2017-11-05 18:00:00+00:00,,Estadio Olimpico Universitario,Mexico City,2017,Apertura - 16,U.N.A.M. - Pumas,Santos Laguna,,,2.0,2.0,0.0,0.0,2.0,2.0,,,,,2017,empate
143568,"Adonai Escobedo Gonzalez, Mexico",UTC,2017-11-06 01:00:00+00:00,,Estadio Universitario (UANL),Monterrey,2017,Apertura - 16,Tigres UANL,Necaxa,True,False,1.0,0.0,0.0,0.0,1.0,0.0,,,,,2017,local_gana
143569,"Marco Antonio Ortiz Nava, Mexico",UTC,2017-11-06 01:15:00+00:00,,Estadio Luis Pirata Fuente,Veracruz,2017,Apertura - 16,Veracruz,Toluca,False,True,0.0,1.0,0.0,0.0,0.0,1.0,,,,,2017,visitante_gana
143524,"Oscar Macias, Mexico",UTC,2017-11-10 03:00:00+00:00,,Estadio BBVA Bancomer,Monterrey,2017,Apertura - 11,Monterrey,Santos Laguna,,,1.0,1.0,1.0,1.0,1.0,1.0,,,,,2017,empate
143570,"Jorge Isaac Rojas Castillo, Mexico",UTC,2017-11-18 01:00:00+00:00,1082.0,Estadio Cuauhtemoc,Puebla,2017,Apertura - 17,Puebla,Lobos Buap,False,True,0.0,1.0,0.0,0.0,0.0,1.0,,,,,2017,visitante_gana
143571,"Fernando Hernandez, Mexico",UTC,2017-11-18 03:00:00+00:00,1071.0,Estadio Jalisco,Guadalajara,2017,Apertura - 17,Atlas,Pachuca,,,1.0,1.0,1.0,0.0,1.0,1.0,,,,,2017,empate
143573,"Jorge Antonio Perez Duran, Mexico",UTC,2017-11-18 23:00:00+00:00,1084.0,Estadio La Corregidora,Santiago de Queretaro,2017,Apertura - 17,Club Queretaro,U.N.A.M. - Pumas,,,1.0,1.0,1.0,1.0,1.0,1.0,,,,,2017,empate
143572,"Oscar Macias, Mexico",UTC,2017-11-18 23:00:00+00:00,,Estadio Azul,Mexico City,2017,Apertura - 17,Cruz Azul,Veracruz,True,False,1.0,0.0,0.0,0.0,1.0,0.0,,,,,2017,local_gana
143574,"Cesar Arturo Ramos Palazuelos, Mexico",UTC,2017-11-19 01:00:00+00:00,,Estadio BBVA Bancomer,Monterrey,2017,Apertura - 17,Monterrey,Tigres UANL,True,False,2.0,0.0,0.0,0.0,2.0,0.0,,,,,2017,local_gana
143575,"Adonai Escobedo Gonzalez, Mexico",UTC,2017-11-19 01:06:00+00:00,,Estadio Leon,Leon,2017,Apertura - 17,Leon,Guadalajara Chivas,False,True,0.0,2.0,0.0,0.0,0.0,2.0,,,,,2017,visitante_gana
143576,"Fernando Guerrero Ramirez, Mexico",UTC,2017-11-19 03:00:00+00:00,20474.0,Estadio Victoria,Aguascalientes,2017,Apertura - 17,Necaxa,Monarcas,False,True,1.0,2.0,0.0,2.0,1.0,2.0,,,,,2017,visitante_gana
143577,"Luis Santander, Mexico",UTC,2017-11-19 18:00:00+00:00,,Estadio Nemesio Diez,Toluca,2017,Apertura - 17,Toluca,Club Tijuana,True,False,3.0,1.0,2.0,0.0,3.0,1.0,,,,,2017,local_gana
143578,"Diego Montano, Mexico",UTC,2017-11-20 00:30:00+00:00,,Estadio TSM Corona,Torreon,2017,Apertura - 17,Santos Laguna,Club America,False,True,0.0,1.0,0.0,0.0,0.0,1.0,,,,,2017,visitante_gana
143265,,UTC,2017-11-23 01:30:00+00:00,,Estadio Nemesio Díez (Toluca de Lerdo),,2017,Apertura - Quarter-finals,Toluca,Monarcas,True,False,2.0,1.0,0.0,0.0,2.0,1.0,,,,,2017,local_gana
143267,,UTC,2017-11-23 03:36:00+00:00,,Estadio León (Nou Camp) (León de los Aldamas),,2017,Apertura - Quarter-finals,Leon,Tigres UANL,,,1.0,1.0,0.0,0.0,1.0,1.0,,,,,2017,empate
143269,,UTC,2017-11-24 01:30:00+00:00,,Estadio Azul (Ciudad de México (D.F.)),,2017,Apertura - Quarter-finals,Cruz Azul,Club America,,,0.0,0.0,0.0,0.0,0.0,0.0,,,,,2017,empate
143271,,UTC,2017-11-24 03:30:00+00:00,,Estadio Jalisco (Guadalajara),,2017,Apertura - Quarter-finals,Atlas,Monterrey,False,True,1.0,2.0,1.0,2.0,1.0,2.0,,,,,2017,visitante_gana
143268,,UTC,2017-11-26 01:00:00+00:00,,Estadio Universitario de Nuevo León (San Nicolás de los Garza),,2017,Apertura - Quarter-finals,Tigres UANL,Leon,,,1.0,1.0,1.0,1.0,1.0,1.0,,,,,2017,empate
143266,,UTC,2017-11-26 03:00:00+00:00,,Estadio Generalísimo José María Morelos y Pavón (Morelia),,2017,Apertura - Quarter-finals,Monarcas,Toluca,True,False,2.0,1.0,2.0,1.0,2.0,1.0,,,,,2017,local_gana
143272,,UTC,2017-11-27 00:00:00+00:00,,Estadio BBVA Bancomer (Guadalupe),,2017,Apertura - Quarter-finals,Monterrey,Atlas,True,False,4.0,1.0,4.0,1.0,4.0,1.0,,,,,2017,local_gana
143270,,UTC,2017-11-27 02:00:00+00:00,,Estadio Azteca (Ciudad de México (D.F.)),,2017,Apertura - Quarter-finals,Club America,Cruz Azul,,,0.0,0.0,0.0,0.0,0.0,0.0,,,,,2017,empate
143261,,UTC,2017-11-30 03:00:00+00:00,,Estadio Azteca (Ciudad de México (D.F.)),,2017,Apertura - Semi-finals,Club America,Tigres UANL,False,True,0.0,1.0,0.0,0.0,0.0,1.0,,,,,2017,visitante_gana
143263,,UTC,2017-12-01 01:30:00+00:00,,Estadio Generalísimo José María Morelos y Pavón (Morelia),,2017,Apertura - Semi-finals,Monarcas,Monterrey,False,True,0.0,1.0,0.0,1.0,0.0,1.0,,,,,2017,visitante_gana
143262,,UTC,2017-12-03 01:00:00+00:00,,Estadio Universitario de Nuevo León (San Nicolás de los Garza),,2017,Apertura - Semi-finals,Tigres UANL,Club America,True,False,3.0,0.0,0.0,0.0,3.0,0.0,,,,,2017,local_gana
143264,,UTC,2017-12-04 00:00:00+00:00,,Estadio BBVA Bancomer (Guadalupe),,2017,Apertura - Semi-finals,Monterrey,Monarcas,True,False,4.0,0.0,3.0,0.0,4.0,0.0,,,,,2017,local_gana
143259,,UTC,2017-12-08 02:00:00+00:00,,Estadio Universitario de Nuevo León (San Nicolás de los Garza),,2017,Apertura - Finals,Tigres UANL,Monterrey,,,1.0,1.0,1.0,1.0,1.0,1.0,,,,,2017,empate
143260,,UTC,2017-12-11 00:00:00+00:00,,Estadio BBVA Bancomer (Guadalupe),,2017,Apertura - Finals,Monterrey,Tigres UANL,False,True,1.0,2.0,1.0,2.0,1.0,2.0,,,,,2017,visitante_gana
143273,,UTC,2018-01-06 01:00:00+00:00,,Estadio Cuauhtémoc (Puebla),,2017,Clausura - 1,Puebla,Tigres UANL,True,False,2.0,1.0,1.0,1.0,2.0,1.0,,,,,2018,local_gana
143274,,UTC,2018-01-06 03:00:00+00:00,,Estadio Jalisco (Guadalajara),,2017,Clausura - 1,Atlas,Leon,False,True,1.0,2.0,1.0,2.0,1.0,2.0,,,,,2018,visitante_gana
143275,,UTC,2018-01-06 23:00:00+00:00,,Estadio Azul (Ciudad de México (D.F.)),,2017,Clausura - 1,Cruz Azul,Club Tijuana,,,0.0,0.0,0.0,0.0,0.0,0.0,,,,,2018,empate
143276,,UTC,2018-01-07 01:00:00+00:00,,Estadio BBVA Bancomer (Guadalupe),,2017,Clausura - 1,Monterrey,Monarcas,,,1.0,1.0,1.0,0.0,1.0,1.0,,,,,2018,empate
143277,,UTC,2018-01-07 01:06:00+00:00,,Estadio Hidalgo (Pachuca de Soto),,2017,Clausura - 1,Pachuca,U.N.A.M. - Pumas,False,True,2.0,3.0,2.0,1.0,2.0,3.0,,,,,2018,visitante_gana
143278,,UTC,2018-01-07 03:00:00+00:00,,Estadio Victoria de Aguascalientes (Aguascalientes),,2017,Clausura - 1,Necaxa,Veracruz,,,0.0,0.0,0.0,0.0,0.0,0.0,,,,,2018,empate
143279,,UTC,2018-01-07 18:00:00+00:00,,Estadio Nemesio Díez (Toluca de Lerdo),,2017,Clausura - 1,Toluca,Guadalajara Chivas,,,1.0,1.0,1.0,0.0,1.0,1.0,,,,,2018,empate
143281,,UTC,2018-01-08 00:00:00+00:00,,Estadio Nuevo Corona (Torreón),,2017,Clausura - 1,Santos Laguna,Lobos Buap,True,False,4.0,2.0,3.0,1.0,4.0,2.0,,,,,2018,local_gana
143280,,UTC,2018-01-08 00:00:00+00:00,,Estadio La Corregidora (Santiago de Querétaro),,2017,Clausura - 1,Club Queretaro,Club America,False,True,0.0,1.0,0.0,1.0,0.0,1.0,,,,,2018,visitante_gana
143283,,UTC,2018-01-13 03:00:00+00:00,,Estadio Caliente (Tijuana),,2017,Clausura - 2,Club Tijuana,Necaxa,True,False,1.0,0.0,1.0,0.0,1.0,0.0,,,,,2018,local_gana
143282,,UTC,2018-01-13 03:00:00+00:00,,Estadio Generalísimo José María Morelos y Pavón (Morelia),,2017,Clausura - 2,Monarcas,Puebla,True,False,1.0,0.0,1.0,0.0,1.0,0.0,,,,,2018,local_gana
143285,,UTC,2018-01-13 23:00:00+00:00,,Estadio Azteca (Ciudad de México (D.F.)),,2017,Clausura - 2,Club America,Pachuca,,,2.0,2.0,1.0,0.0,2.0,2.0,,,,,2018,empate
143284,,UTC,2018-01-13 23:00:00+00:00,,Estadio Universitario BUAP (Puebla),,2017,Clausura - 2,Lobos Buap,Club Queretaro,False,True,0.0,2.0,0.0,1.0,0.0,2.0,,,,,2018,visitante_gana
143286,,UTC,2018-01-14 01:00:00+00:00,,Estadio Universitario de Nuevo León (San Nicolás de los Garza),,2017,Clausura - 2,Tigres UANL,Santos Laguna,True,False,2.0,1.0,1.0,0.0,2.0,1.0,,,,,2018,local_gana
143287,,UTC,2018-01-14 01:06:00+00:00,,Estadio León (Nou Camp) (León de los Aldamas),,2017,Clausura - 2,Leon,Toluca,True,False,3.0,1.0,1.0,0.0,3.0,1.0,,,,,2018,local_gana
143288,,UTC,2018-01-14 03:06:00+00:00,,Estadio AKRON (Zapopan),,2017,Clausura - 2,Guadalajara Chivas,Cruz Azul,False,True,1.0,3.0,1.0,0.0,1.0,3.0,,,,,2018,visitante_gana
143289,,UTC,2018-01-14 18:00:00+00:00,,Estadio Olímpico de Universitario (Ciudad de México (D.F.)),,2017,Clausura - 2,U.N.A.M. - Pumas,Atlas,True,False,3.0,1.0,2.0,0.0,3.0,1.0,,,,,2018,local_gana
143290,,UTC,2018-01-15 00:00:00+00:00,,Estadio Luis de la Fuente (Veracruz),,2017,Clausura - 2,Veracruz,Monterrey,False,True,0.0,2.0,0.0,1.0,0.0,2.0,,,,,2018,visitante_gana
143291,,UTC,2018-01-20 01:00:00+00:00,,Estadio Cuauhtémoc (Puebla),,2017,Clausura - 3,Puebla,Veracruz,True,False,2.0,0.0,0.0,0.0,2.0,0.0,,,,,2018,local_gana
143292,,UTC,2018-01-20 03:00:00+00:00,,Estadio Jalisco (Guadalajara),,2017,Clausura - 3,Atlas,Toluca,False,True,1.0,3.0,0.0,2.0,1.0,3.0,,,,,2018,visitante_gana
143293,,UTC,2018-01-20 23:00:00+00:00,,Estadio La Corregidora (Santiago de Querétaro),,2017,Clausura - 3,Club Queretaro,Tigres UANL,,,0.0,0.0,0.0,0.0,0.0,0.0,,,,,2018,empate
143294,,UTC,2018-01-20 23:00:00+00:00,,Estadio Azul (Ciudad de México (D.F.)),,2017,Clausura - 3,Cruz Azul,Leon,,,0.0,0.0,0.0,0.0,0.0,0.0,,,,,2018,empate
143295,,UTC,2018-01-21 01:00:00+00:00,,Estadio BBVA Bancomer (Guadalupe),,2017,Clausura - 3,Monterrey,Club Tijuana,,,0.0,0.0,0.0,0.0,0.0,0.0,,,,,2018,empate
143296,,UTC,2018-01-21 01:06:00+00:00,,Estadio Hidalgo (Pachuca de Soto),,2017,Clausura - 3,Pachuca,Lobos Buap,True,False,3.0,1.0,3.0,0.0,3.0,1.0,,,,,2018,local_gana
143297,,UTC,2018-01-21 03:00:00+00:00,,Estadio Victoria de Aguascalientes (Aguascalientes),,2017,Clausura - 3,Necaxa,Guadalajara Chivas,False,True,1.0,3.0,1.0,1.0,1.0,3.0,,,,,2018,visitante_gana
143298,,UTC,2018-01-21 18:00:00+00:00,,Estadio Olímpico de Universitario (Ciudad de México (D.F.)),,2017,Clausura - 3,U.N.A.M. - Pumas,Club America,,,0.0,0.0,0.0,0.0,0.0,0.0,,,,,2018,empate
143299,,UTC,2018-01-22 00:00:00+00:00,,Estadio Nuevo Corona (Torreón),,2017,Clausura - 3,Santos Laguna,Monarcas,True,False,1.0,0.0,0.0,0.0,1.0,0.0,,,,,2018,local_gana
143300,,UTC,2018-01-27 01:00:00+00:00,,Estadio Generalísimo José María Morelos y Pavón (Morelia),,2017,Clausura - 4,Monarcas,Club Queretaro,True,False,1.0,0.0,0.0,0.0,1.0,0.0,,,,,2018,local_gana
143301,,UTC,2018-01-27 03:00:00+00:00,,Estadio Caliente (Tijuana),,2017,Clausura - 4,Club Tijuana,Puebla,True,False,2.0,0.0,1.0,0.0,2.0,0.0,,,,,2018,local_gana
143302,,UTC,2018-01-27 23:00:00+00:00,,Estadio Universitario BUAP (Puebla),,2017,Clausura - 4,Lobos Buap,U.N.A.M. - Pumas,,,1.0,1.0,1.0,0.0,1.0,1.0,,,,,2018,empate
143303,,UTC,2018-01-28 01:00:00+00:00,,Estadio Universitario de Nuevo León (San Nicolás de los Garza),,2017,Clausura - 4,Tigres UANL,Pachuca,True,False,3.0,2.0,2.0,0.0,3.0,2.0,,,,,2018,local_gana
143304,,UTC,2018-01-28 01:06:00+00:00,,Estadio León (Nou Camp) (León de los Aldamas),,2017,Clausura - 4,Leon,Necaxa,False,True,0.0,4.0,0.0,1.0,0.0,4.0,,,,,2018,visitante_gana
143305,,UTC,2018-01-28 03:00:00+00:00,,Estadio Azteca (Ciudad de México (D.F.)),,2017,Clausura - 4,Club America,Atlas,True,False,1.0,0.0,1.0,0.0,1.0,0.0,,,,,2018,local_gana
143306,,UTC,2018-01-28 03:06:00+00:00,,Estadio AKRON (Zapopan),,2017,Clausura - 4,Guadalajara Chivas,Monterrey,False,True,1.0,2.0,0.0,1.0,1.0,2.0,,,,,2018,visitante_gana
143307,,UTC,2018-01-28 18:00:00+00:00,,Estadio Nemesio Díez (Toluca de Lerdo),,2017,Clausura - 4,Toluca,Cruz Azul,,,1.0,1.0,1.0,0.0,1.0,1.0,,,,,2018,empate
143308,,UTC,2018-01-29 00:00:00+00:00,,Estadio Luis de la Fuente (Veracruz),,2017,Clausura - 4,Veracruz,Santos Laguna,,,1.0,1.0,1.0,0.0,1.0,1.0,,,,,2018,empate
143309,,UTC,2018-02-03 01:00:00+00:00,,Estadio Cuauhtémoc (Puebla),,2017,Clausura - 5,Puebla,Guadalajara Chivas,True,False,2.0,0.0,2.0,0.0,2.0,0.0,,,,,2018,local_gana
143310,,UTC,2018-02-03 03:00:00+00:00,,Estadio Jalisco (Guadalajara),,2017,Clausura - 5,Atlas,Cruz Azul,True,False,2.0,1.0,1.0,1.0,2.0,1.0,,,,,2018,local_gana
143311,,UTC,2018-02-03 23:00:00+00:00,,Estadio La Corregidora (Santiago de Querétaro),,2017,Clausura - 5,Club Queretaro,Veracruz,False,True,0.0,1.0,0.0,1.0,0.0,1.0,,,,,2018,visitante_gana
143312,,UTC,2018-02-04 01:00:00+00:00,,Estadio BBVA Bancomer (Guadalupe),,2017,Clausura - 5,Monterrey,Leon,True,False,5.0,1.0,2.0,0.0,5.0,1.0,,,,,2018,local_gana
143313,,UTC,2018-02-04 01:00:00+00:00,,Estadio Nuevo Corona (Torreón),,2017,Clausura - 5,Santos Laguna,Club Tijuana,,,0.0,0.0,0.0,0.0,0.0,0.0,,,,,2018,empate
143314,,UTC,2018-02-04 01:06:00+00:00,,Estadio Hidalgo (Pachuca de Soto),,2017,Clausura - 5,Pachuca,Monarcas,False,True,2.0,3.0,1.0,1.0,2.0,3.0,,,,,2018,visitante_gana
143315,,UTC,2018-02-04 03:00:00+00:00,,Estadio Azteca (Ciudad de México (D.F.)),,2017,Clausura - 5,Club America,Lobos Buap,True,False,5.0,1.0,2.0,0.0,5.0,1.0,,,,,2018,local_gana
143316,,UTC,2018-02-04 03:00:00+00:00,,Estadio Victoria de Aguascalientes (Aguascalientes),,2017,Clausura - 5,Necaxa,Toluca,,,0.0,0.0,0.0,0.0,0.0,0.0,,,,,2018,empate
143317,,UTC,2018-02-04 18:00:00+00:00,,Estadio Olímpico de Universitario (Ciudad de México (D.F.)),,2017,Clausura - 5,U.N.A.M. - Pumas,Tigres UANL,True,False,2.0,0.0,2.0,0.0,2.0,0.0,,,,,2018,local_gana
143318,,UTC,2018-02-10 01:00:00+00:00,,Estadio Generalísimo José María Morelos y Pavón (Morelia),,2017,Clausura - 6,Monarcas,U.N.A.M. - Pumas,False,True,1.0,2.0,0.0,1.0,1.0,2.0,,,,,2018,visitante_gana
143319,,UTC,2018-02-10 03:00:00+00:00,,Estadio Caliente (Tijuana),,2017,Clausura - 6,Club Tijuana,Club Queretaro,False,True,0.0,2.0,0.0,0.0,0.0,2.0,,,,,2018,visitante_gana
143321,,UTC,2018-02-10 23:00:00+00:00,,Estadio Azul (Ciudad de México (D.F.)),,2017,Clausura - 6,Cruz Azul,Necaxa,False,True,0.0,2.0,0.0,1.0,0.0,2.0,,,,,2018,visitante_gana
143320,,UTC,2018-02-10 23:00:00+00:00,,Estadio Universitario BUAP (Puebla),,2017,Clausura - 6,Lobos Buap,Atlas,True,False,3.0,1.0,0.0,1.0,3.0,1.0,,,,,2018,local_gana
143322,,UTC,2018-02-11 01:00:00+00:00,,Estadio Universitario de Nuevo León (San Nicolás de los Garza),,2017,Clausura - 6,Tigres UANL,Club America,,,1.0,1.0,1.0,0.0,1.0,1.0,,,,,2018,empate
143323,,UTC,2018-02-11 01:06:00+00:00,,Estadio León (Nou Camp) (León de los Aldamas),,2017,Clausura - 6,Leon,Puebla,True,False,2.0,1.0,2.0,0.0,2.0,1.0,,,,,2018,local_gana
143324,,UTC,2018-02-11 03:06:00+00:00,,Estadio AKRON (Zapopan),,2017,Clausura - 6,Guadalajara Chivas,Santos Laguna,False,True,0.0,2.0,0.0,1.0,0.0,2.0,,,,,2018,visitante_gana
143325,,UTC,2018-02-11 18:00:00+00:00,,Estadio Nemesio Díez (Toluca de Lerdo),,2017,Clausura - 6,Toluca,Monterrey,True,False,2.0,1.0,0.0,0.0,2.0,1.0,,,,,2018,local_gana
143326,,UTC,2018-02-12 00:00:00+00:00,,Estadio Luis de la Fuente (Veracruz),,2017,Clausura - 6,Veracruz,Pachuca,False,True,0.0,1.0,0.0,1.0,0.0,1.0,,,,,2018,visitante_gana
143327,,UTC,2018-02-14 01:00:00+00:00,,Estadio Jalisco (Guadalajara),,2017,Clausura - 7,Atlas,Necaxa,,,1.0,1.0,0.0,0.0,1.0,1.0,,,,,2018,empate
143328,,UTC,2018-02-14 02:30:00+00:00,,Estadio Universitario BUAP (Puebla),,2017,Clausura - 7,Lobos Buap,Tigres UANL,,,0.0,0.0,0.0,0.0,0.0,0.0,,,,,2018,empate
143329,,UTC,2018-02-14 02:45:00+00:00,,Estadio Azteca (Ciudad de México (D.F.)),,2017,Clausura - 7,Club America,Monarcas,True,False,4.0,1.0,3.0,1.0,4.0,1.0,,,,,2018,local_gana
143330,,UTC,2018-02-15 01:00:00+00:00,,Estadio Nuevo Corona (Torreón),,2017,Clausura - 7,Santos Laguna,Leon,True,False,5.0,1.0,4.0,1.0,5.0,1.0,,,,,2018,local_gana
143331,,UTC,2018-02-15 01:00:00+00:00,,Estadio La Corregidora (Santiago de Querétaro),,2017,Clausura - 7,Club Queretaro,Guadalajara Chivas,,,2.0,2.0,1.0,0.0,2.0,2.0,,,,,2018,empate
143332,,UTC,2018-02-15 02:45:00+00:00,,Estadio BBVA Bancomer (Guadalupe),,2017,Clausura - 7,Monterrey,Cruz Azul,,,2.0,2.0,1.0,1.0,2.0,2.0,,,,,2018,empate
143333,,UTC,2018-02-15 03:00:00+00:00,,Estadio Olímpico de Universitario (Ciudad de México (D.F.)),,2017,Clausura - 7,U.N.A.M. - Pumas,Veracruz,False,True,1.0,2.0,1.0,2.0,1.0,2.0,,,,,2018,visitante_gana
143334,,UTC,2018-02-15 03:00:00+00:00,,Estadio Cuauhtémoc (Puebla),,2017,Clausura - 7,Puebla,Toluca,True,False,2.0,0.0,2.0,0.0,2.0,0.0,,,,,2018,local_gana
143335,,UTC,2018-02-15 03:06:00+00:00,,Estadio Hidalgo (Pachuca de Soto),,2017,Clausura - 7,Pachuca,Club Tijuana,True,False,2.0,0.0,1.0,0.0,2.0,0.0,,,,,2018,local_gana
143336,,UTC,2018-02-17 01:00:00+00:00,,Estadio Generalísimo José María Morelos y Pavón (Morelia),,2017,Clausura - 8,Monarcas,Lobos Buap,True,False,2.0,1.0,0.0,1.0,2.0,1.0,,,,,2018,local_gana
143337,,UTC,2018-02-17 23:00:00+00:00,,Estadio Azul (Ciudad de México (D.F.)),,2017,Clausura - 8,Cruz Azul,Puebla,,,1.0,1.0,1.0,0.0,1.0,1.0,,,,,2018,empate
143338,,UTC,2018-02-18 01:00:00+00:00,,Estadio Universitario de Nuevo León (San Nicolás de los Garza),,2017,Clausura - 8,Tigres UANL,Atlas,True,False,2.0,0.0,1.0,0.0,2.0,0.0,,,,,2018,local_gana
143339,,UTC,2018-02-18 01:06:00+00:00,,Estadio León (Nou Camp) (León de los Aldamas),,2017,Clausura - 8,Leon,Club Queretaro,,,1.0,1.0,0.0,1.0,1.0,1.0,,,,,2018,empate
143340,,UTC,2018-02-18 02:30:00+00:00,,Estadio Caliente (Tijuana),,2017,Clausura - 8,Club Tijuana,U.N.A.M. - Pumas,True,False,4.0,1.0,2.0,1.0,4.0,1.0,,,,,2018,local_gana
143341,,UTC,2018-02-18 03:00:00+00:00,,Estadio Victoria de Aguascalientes (Aguascalientes),,2017,Clausura - 8,Necaxa,Monterrey,True,False,3.0,0.0,1.0,0.0,3.0,0.0,,,,,2018,local_gana
143342,,UTC,2018-02-18 03:06:00+00:00,,Estadio AKRON (Zapopan),,2017,Clausura - 8,Guadalajara Chivas,Pachuca,,,1.0,1.0,0.0,0.0,1.0,1.0,,,,,2018,empate
143343,,UTC,2018-02-18 18:00:00+00:00,,Estadio Nemesio Díez (Toluca de Lerdo),,2017,Clausura - 8,Toluca,Santos Laguna,True,False,2.0,0.0,1.0,0.0,2.0,0.0,,,,,2018,local_gana
143344,,UTC,2018-02-19 00:00:00+00:00,,Estadio Luis de la Fuente (Veracruz),,2017,Clausura - 8,Veracruz,Club America,,,1.0,1.0,0.0,0.0,1.0,1.0,,,,,2018,empate
143346,,UTC,2018-02-24 03:00:00+00:00,,Estadio Jalisco (Guadalajara),,2017,Clausura - 9,Atlas,Monterrey,False,True,0.0,1.0,0.0,0.0,0.0,1.0,,,,,2018,visitante_gana
143345,,UTC,2018-02-24 03:00:00+00:00,,Estadio Cuauhtémoc (Puebla),,2017,Clausura - 9,Puebla,Necaxa,,,1.0,1.0,0.0,0.0,1.0,1.0,,,,,2018,empate
143348,,UTC,2018-02-24 23:00:00+00:00,,Estadio La Corregidora (Santiago de Querétaro),,2017,Clausura - 9,Club Queretaro,Toluca,False,True,0.0,2.0,0.0,1.0,0.0,2.0,,,,,2018,visitante_gana
143347,,UTC,2018-02-24 23:00:00+00:00,,Estadio Universitario BUAP (Puebla),,2017,Clausura - 9,Lobos Buap,Veracruz,True,False,5.0,0.0,1.0,0.0,5.0,0.0,,,,,2018,local_gana
143349,,UTC,2018-02-25 01:00:00+00:00,,Estadio Universitario de Nuevo León (San Nicolás de los Garza),,2017,Clausura - 9,Tigres UANL,Monarcas,True,False,2.0,1.0,2.0,0.0,2.0,1.0,,,,,2018,local_gana
143350,,UTC,2018-02-25 01:06:00+00:00,,Estadio Hidalgo (Pachuca de Soto),,2017,Clausura - 9,Pachuca,Leon,True,False,2.0,1.0,0.0,1.0,2.0,1.0,,,,,2018,local_gana
143351,,UTC,2018-02-25 03:00:00+00:00,,Estadio Azteca (Ciudad de México (D.F.)),,2017,Clausura - 9,Club America,Club Tijuana,,,0.0,0.0,0.0,0.0,0.0,0.0,,,,,2018,empate
143352,,UTC,2018-02-25 18:00:00+00:00,,Estadio Olímpico de Universitario (Ciudad de México (D.F.)),,2017,Clausura - 9,U.N.A.M. - Pumas,Guadalajara Chivas,,,1.0,1.0,1.0,0.0,1.0,1.0,,,,,2018,empate
143353,,UTC,2018-02-26 00:00:00+00:00,,Estadio Nuevo Corona (Torreón),,2017,Clausura - 9,Santos Laguna,Cruz Azul,True,False,2.0,0.0,0.0,0.0,2.0,0.0,,,,,2018,local_gana
143355,,UTC,2018-03-03 03:00:00+00:00,,Estadio Caliente (Tijuana),,2017,Clausura - 10,Club Tijuana,Lobos Buap,True,False,3.0,1.0,1.0,0.0,3.0,1.0,,,,,2018,local_gana
143354,,UTC,2018-03-03 03:00:00+00:00,,Estadio Generalísimo José María Morelos y Pavón (Morelia),,2017,Clausura - 10,Monarcas,Atlas,True,False,2.0,1.0,2.0,1.0,2.0,1.0,,,,,2018,local_gana
143356,,UTC,2018-03-03 23:00:00+00:00,,Estadio Azul (Ciudad de México (D.F.)),,2017,Clausura - 10,Cruz Azul,Club Queretaro,False,True,0.0,1.0,0.0,0.0,0.0,1.0,,,,,2018,visitante_gana
143357,,UTC,2018-03-04 01:00:00+00:00,,Estadio BBVA Bancomer (Guadalupe),,2017,Clausura - 10,Monterrey,Puebla,False,True,1.0,3.0,1.0,2.0,1.0,3.0,,,,,2018,visitante_gana
143358,,UTC,2018-03-04 01:06:00+00:00,,Estadio León (Nou Camp) (León de los Aldamas),,2017,Clausura - 10,Leon,U.N.A.M. - Pumas,True,False,3.0,0.0,2.0,0.0,3.0,0.0,,,,,2018,local_gana
143359,,UTC,2018-03-04 03:00:00+00:00,,Estadio Victoria de Aguascalientes (Aguascalientes),,2017,Clausura - 10,Necaxa,Santos Laguna,False,True,1.0,2.0,1.0,2.0,1.0,2.0,,,,,2018,visitante_gana
143360,,UTC,2018-03-04 03:06:00+00:00,,Estadio AKRON (Zapopan),,2017,Clausura - 10,Guadalajara Chivas,Club America,,,1.0,1.0,1.0,1.0,1.0,1.0,,,,,2018,empate
143361,,UTC,2018-03-04 18:00:00+00:00,,Estadio Nemesio Díez (Toluca de Lerdo),,2017,Clausura - 10,Toluca,Pachuca,True,False,2.0,1.0,1.0,0.0,2.0,1.0,,,,,2018,local_gana
143362,,UTC,2018-03-05 00:00:00+00:00,,Estadio Luis de la Fuente (Veracruz),,2017,Clausura - 10,Veracruz,Tigres UANL,False,True,0.0,2.0,0.0,2.0,0.0,2.0,,,,,2018,visitante_gana
143363,,UTC,2018-03-10 01:00:00+00:00,,Estadio Generalísimo José María Morelos y Pavón (Morelia),,2017,Clausura - 11,Monarcas,Veracruz,True,False,2.0,0.0,2.0,0.0,2.0,0.0,,,,,2018,local_gana
143364,,UTC,2018-03-10 03:00:00+00:00,,Estadio Jalisco (Guadalajara),,2017,Clausura - 11,Atlas,Puebla,True,False,1.0,0.0,0.0,0.0,1.0,0.0,,,,,2018,local_gana
143367,,UTC,2018-03-10 23:00:00+00:00,,Estadio La Corregidora (Santiago de Querétaro),,2017,Clausura - 11,Club Queretaro,Necaxa,,,1.0,1.0,0.0,0.0,1.0,1.0,,,,,2018,empate
143365,,UTC,2018-03-10 23:00:00+00:00,,Estadio Azul (Ciudad de México (D.F.)),,2017,Clausura - 11,Cruz Azul,Pachuca,True,False,5.0,0.0,3.0,0.0,5.0,0.0,,,,,2018,local_gana
143366,,UTC,2018-03-10 23:00:00+00:00,,Estadio Universitario BUAP (Puebla),,2017,Clausura - 11,Lobos Buap,Guadalajara Chivas,False,True,0.0,1.0,0.0,1.0,0.0,1.0,,,,,2018,visitante_gana
143368,,UTC,2018-03-11 01:00:00+00:00,,Estadio Universitario de Nuevo León (San Nicolás de los Garza),,2017,Clausura - 11,Tigres UANL,Club Tijuana,True,False,1.0,0.0,1.0,0.0,1.0,0.0,,,,,2018,local_gana
143369,,UTC,2018-03-11 03:00:00+00:00,,Estadio Azteca (Ciudad de México (D.F.)),,2017,Clausura - 11,Club America,Leon,True,False,2.0,0.0,1.0,0.0,2.0,0.0,,,,,2018,local_gana
143370,,UTC,2018-03-11 18:00:00+00:00,,Estadio Olímpico de Universitario (Ciudad de México (D.F.)),,2017,Clausura - 11,U.N.A.M. - Pumas,Toluca,False,True,0.0,1.0,0.0,0.0,0.0,1.0,,,,,2018,visitante_gana
143371,,UTC,2018-03-12 00:00:00+00:00,,Estadio Nuevo Corona (Torreón),,2017,Clausura - 11,Santos Laguna,Monterrey,True,False,3.0,2.0,2.0,1.0,3.0,2.0,,,,,2018,local_gana
143372,,UTC,2018-03-17 01:00:00+00:00,,Estadio Cuauhtémoc (Puebla),,2017,Clausura - 12,Puebla,Santos Laguna,False,True,0.0,1.0,0.0,0.0,0.0,1.0,,,,,2018,visitante_gana
143373,,UTC,2018-03-17 02:00:00+00:00,,Estadio Caliente (Tijuana),,2017,Clausura - 12,Club Tijuana,Monarcas,,,1.0,1.0,1.0,1.0,1.0,1.0,,,,,2018,empate
143374,,UTC,2018-03-17 23:00:00+00:00,,Estadio Azul (Ciudad de México (D.F.)),,2017,Clausura - 12,Cruz Azul,U.N.A.M. - Pumas,,,1.0,1.0,0.0,0.0,1.0,1.0,,,,,2018,empate
143375,,UTC,2018-03-18 01:00:00+00:00,,Estadio BBVA Bancomer (Guadalupe),,2017,Clausura - 12,Monterrey,Club Queretaro,True,False,3.0,1.0,0.0,1.0,3.0,1.0,,,,,2018,local_gana
143376,,UTC,2018-03-18 01:06:00+00:00,,Estadio León (Nou Camp) (León de los Aldamas),,2017,Clausura - 12,Leon,Lobos Buap,,,2.0,2.0,0.0,1.0,2.0,2.0,,,,,2018,empate
143378,,UTC,2018-03-18 03:00:00+00:00,,Estadio Azteca (Ciudad de México (D.F.)),,2017,Clausura - 12,Club America,Toluca,False,True,1.0,2.0,1.0,1.0,1.0,2.0,,,,,2018,visitante_gana
143377,,UTC,2018-03-18 03:00:00+00:00,,Estadio Victoria de Aguascalientes (Aguascalientes),,2017,Clausura - 12,Necaxa,Pachuca,,,1.0,1.0,0.0,1.0,1.0,1.0,,,,,2018,empate
143379,,UTC,2018-03-18 03:06:00+00:00,,Estadio AKRON (Zapopan),,2017,Clausura - 12,Guadalajara Chivas,Tigres UANL,,,0.0,0.0,0.0,0.0,0.0,0.0,,,,,2018,empate
143380,,UTC,2018-03-19 00:00:00+00:00,,Estadio Luis de la Fuente (Veracruz),,2017,Clausura - 12,Veracruz,Atlas,True,False,3.0,1.0,2.0,1.0,3.0,1.0,,,,,2018,local_gana
143381,,UTC,2018-03-31 01:00:00+00:00,,Estadio Generalísimo José María Morelos y Pavón (Morelia),,2017,Clausura - 13,Monarcas,Guadalajara Chivas,False,True,1.0,2.0,0.0,1.0,1.0,2.0,,,,,2018,visitante_gana
143382,,UTC,2018-03-31 03:00:00+00:00,,Estadio Jalisco (Guadalajara),,2017,Clausura - 13,Atlas,Santos Laguna,True,False,3.0,2.0,2.0,0.0,3.0,2.0,,,,,2018,local_gana
143384,,UTC,2018-03-31 23:00:00+00:00,,Estadio La Corregidora (Santiago de Querétaro),,2017,Clausura - 13,Club Queretaro,Puebla,True,False,2.0,1.0,1.0,1.0,2.0,1.0,,,,,2018,local_gana
143383,,UTC,2018-03-31 23:00:00+00:00,,Estadio Universitario BUAP (Puebla),,2017,Clausura - 13,Lobos Buap,Toluca,False,True,1.0,2.0,0.0,1.0,1.0,2.0,,,,,2018,visitante_gana
143385,,UTC,2018-04-01 01:00:00+00:00,,Estadio Universitario de Nuevo León (San Nicolás de los Garza),,2017,Clausura - 13,Tigres UANL,Leon,True,False,4.0,1.0,4.0,0.0,4.0,1.0,,,,,2018,local_gana
143386,,UTC,2018-04-01 01:06:00+00:00,,Estadio Hidalgo (Pachuca de Soto),,2017,Clausura - 13,Pachuca,Monterrey,False,True,1.0,2.0,0.0,1.0,1.0,2.0,,,,,2018,visitante_gana
143387,,UTC,2018-04-01 03:00:00+00:00,,Estadio Azteca (Ciudad de México (D.F.)),,2017,Clausura - 13,Club America,Cruz Azul,True,False,2.0,1.0,2.0,1.0,2.0,1.0,,,,,2018,local_gana
143388,,UTC,2018-04-01 17:00:00+00:00,,Estadio Olímpico de Universitario (Ciudad de México (D.F.)),,2017,Clausura - 13,U.N.A.M. - Pumas,Necaxa,,,1.0,1.0,1.0,0.0,1.0,1.0,,,,,2018,empate
143389,,UTC,2018-04-01 23:30:00+00:00,,Estadio Luis de la Fuente (Veracruz),,2017,Clausura - 13,Veracruz,Club Tijuana,True,False,1.0,0.0,1.0,0.0,1.0,0.0,,,,,2018,local_gana
143390,,UTC,2018-04-07 00:00:00+00:00,,Estadio Cuauhtémoc (Puebla),,2017,Clausura - 14,Puebla,Pachuca,False,True,2.0,6.0,0.0,2.0,2.0,6.0,,,,,2018,visitante_gana
143391,,UTC,2018-04-07 02:00:00+00:00,,Estadio Caliente (Tijuana),,2017,Clausura - 14,Club Tijuana,Atlas,,,2.0,2.0,2.0,0.0,2.0,2.0,,,,,2018,empate
143392,,UTC,2018-04-07 22:00:00+00:00,,Estadio Azul (Ciudad de México (D.F.)),,2017,Clausura - 14,Cruz Azul,Lobos Buap,True,False,1.0,0.0,1.0,0.0,1.0,0.0,,,,,2018,local_gana
143393,,UTC,2018-04-08 00:00:00+00:00,,Estadio BBVA Bancomer (Guadalupe),,2017,Clausura - 14,Monterrey,U.N.A.M. - Pumas,True,False,2.0,1.0,2.0,1.0,2.0,1.0,,,,,2018,local_gana
143394,,UTC,2018-04-08 00:06:00+00:00,,Estadio León (Nou Camp) (León de los Aldamas),,2017,Clausura - 14,Leon,Monarcas,False,True,2.0,3.0,0.0,2.0,2.0,3.0,,,,,2018,visitante_gana
143395,,UTC,2018-04-08 02:00:00+00:00,,Estadio Victoria de Aguascalientes (Aguascalientes),,2017,Clausura - 14,Necaxa,Club America,,,1.0,1.0,0.0,0.0,1.0,1.0,,,,,2018,empate
143396,,UTC,2018-04-08 02:06:00+00:00,,Estadio AKRON (Zapopan),,2017,Clausura - 14,Guadalajara Chivas,Veracruz,False,True,0.0,1.0,0.0,1.0,0.0,1.0,,,,,2018,visitante_gana
143397,,UTC,2018-04-08 17:00:00+00:00,,Estadio Nemesio Díez (Toluca de Lerdo),,2017,Clausura - 14,Toluca,Tigres UANL,True,False,1.0,0.0,0.0,0.0,1.0,0.0,,,,,2018,local_gana
143398,,UTC,2018-04-08 23:00:00+00:00,,Estadio Nuevo Corona (Torreón),,2017,Clausura - 14,Santos Laguna,Club Queretaro,True,False,3.0,0.0,0.0,0.0,3.0,0.0,,,,,2018,local_gana
143399,,UTC,2018-04-14 02:00:00+00:00,,Estadio Caliente (Tijuana),,2017,Clausura - 15,Club Tijuana,Guadalajara Chivas,True,False,3.0,0.0,2.0,0.0,3.0,0.0,,,,,2018,local_gana
143400,,UTC,2018-04-14 02:00:00+00:00,,Estadio Jalisco (Guadalajara),,2017,Clausura - 15,Atlas,Club Queretaro,True,False,1.0,0.0,0.0,0.0,1.0,0.0,,,,,2018,local_gana
143401,,UTC,2018-04-14 22:00:00+00:00,,Estadio Universitario BUAP (Puebla),,2017,Clausura - 15,Lobos Buap,Necaxa,False,True,0.0,1.0,0.0,0.0,0.0,1.0,,,,,2018,visitante_gana
143402,,UTC,2018-04-15 00:00:00+00:00,,Estadio Universitario de Nuevo León (San Nicolás de los Garza),,2017,Clausura - 15,Tigres UANL,Cruz Azul,,,2.0,2.0,0.0,1.0,2.0,2.0,,,,,2018,empate
143403,,UTC,2018-04-15 00:06:00+00:00,,Estadio Hidalgo (Pachuca de Soto),,2017,Clausura - 15,Pachuca,Santos Laguna,True,False,3.0,1.0,2.0,1.0,3.0,1.0,,,,,2018,local_gana
143404,,UTC,2018-04-15 01:30:00+00:00,,Estadio Generalísimo José María Morelos y Pavón (Morelia),,2017,Clausura - 15,Monarcas,Toluca,False,True,0.0,1.0,0.0,0.0,0.0,1.0,,,,,2018,visitante_gana
143405,,UTC,2018-04-15 02:00:00+00:00,,Estadio Azteca (Ciudad de México (D.F.)),,2017,Clausura - 15,Club America,Monterrey,,,0.0,0.0,0.0,0.0,0.0,0.0,,,,,2018,empate
143406,,UTC,2018-04-15 17:00:00+00:00,,Estadio Olímpico de Universitario (Ciudad de México (D.F.)),,2017,Clausura - 15,U.N.A.M. - Pumas,Puebla,True,False,4.0,2.0,1.0,1.0,4.0,2.0,,,,,2018,local_gana
143407,,UTC,2018-04-15 23:00:00+00:00,,Estadio Luis de la Fuente (Veracruz),,2017,Clausura - 15,Veracruz,Leon,False,True,1.0,2.0,0.0,1.0,1.0,2.0,,,,,2018,visitante_gana
143408,,UTC,2018-04-21 00:00:00+00:00,,Estadio Cuauhtémoc (Puebla),,2017,Clausura - 16,Puebla,Club America,True,False,3.0,1.0,1.0,0.0,3.0,1.0,,,,,2018,local_gana
143409,,UTC,2018-04-21 02:00:00+00:00,,Estadio Jalisco (Guadalajara),,2017,Clausura - 16,Atlas,Guadalajara Chivas,True,False,1.0,0.0,1.0,0.0,1.0,0.0,,,,,2018,local_gana
143411,,UTC,2018-04-21 22:00:00+00:00,,Estadio La Corregidora (Santiago de Querétaro),,2017,Clausura - 16,Club Queretaro,Pachuca,,,0.0,0.0,0.0,0.0,0.0,0.0,,,,,2018,empate
143410,,UTC,2018-04-21 22:00:00+00:00,,Estadio Azul (Ciudad de México (D.F.)),,2017,Clausura - 16,Cruz Azul,Monarcas,True,False,2.0,0.0,2.0,0.0,2.0,0.0,,,,,2018,local_gana
143412,,UTC,2018-04-22 00:00:00+00:00,,Estadio BBVA Bancomer (Guadalupe),,2017,Clausura - 16,Monterrey,Lobos Buap,True,False,4.0,0.0,1.0,0.0,4.0,0.0,,,,,2018,local_gana
143413,,UTC,2018-04-22 00:06:00+00:00,,Estadio León (Nou Camp) (León de los Aldamas),,2017,Clausura - 16,Leon,Club Tijuana,,,1.0,1.0,0.0,0.0,1.0,1.0,,,,,2018,empate
143414,,UTC,2018-04-22 02:00:00+00:00,,Estadio Victoria de Aguascalientes (Aguascalientes),,2017,Clausura - 16,Necaxa,Tigres UANL,,,1.0,1.0,0.0,1.0,1.0,1.0,,,,,2018,empate
143415,,UTC,2018-04-22 17:00:00+00:00,,Estadio Nemesio Díez (Toluca de Lerdo),,2017,Clausura - 16,Toluca,Veracruz,True,False,3.0,0.0,1.0,0.0,3.0,0.0,,,,,2018,local_gana
143416,,UTC,2018-04-22 23:00:00+00:00,,Estadio Nuevo Corona (Torreón),,2017,Clausura - 16,Santos Laguna,U.N.A.M. - Pumas,False,True,1.0,2.0,0.0,2.0,1.0,2.0,,,,,2018,visitante_gana
143417,,UTC,2018-04-28 00:00:00+00:00,,Estadio Generalísimo José María Morelos y Pavón (Morelia),,2017,Clausura - 17,Monarcas,Necaxa,,,2.0,2.0,1.0,1.0,2.0,2.0,,,,,2018,empate
143418,,UTC,2018-04-28 02:00:00+00:00,,Estadio Caliente (Tijuana),,2017,Clausura - 17,Club Tijuana,Toluca,True,False,1.0,0.0,1.0,0.0,1.0,0.0,,,,,2018,local_gana
143419,,UTC,2018-04-28 22:00:00+00:00,,Estadio Universitario BUAP (Puebla),,2017,Clausura - 17,Lobos Buap,Puebla,False,True,0.0,1.0,0.0,0.0,0.0,1.0,,,,,2018,visitante_gana
143420,,UTC,2018-04-29 00:00:00+00:00,,Estadio Universitario de Nuevo León (San Nicolás de los Garza),,2017,Clausura - 17,Tigres UANL,Monterrey,,,2.0,2.0,1.0,1.0,2.0,2.0,,,,,2018,empate
143421,,UTC,2018-04-29 00:06:00+00:00,,Estadio Hidalgo (Pachuca de Soto),,2017,Clausura - 17,Pachuca,Atlas,,,0.0,0.0,0.0,0.0,0.0,0.0,,,,,2018,empate
143422,,UTC,2018-04-29 02:00:00+00:00,,Estadio Azteca (Ciudad de México (D.F.)),,2017,Clausura - 17,Club America,Santos Laguna,True,False,1.0,0.0,0.0,0.0,1.0,0.0,,,,,2018,local_gana
143423,,UTC,2018-04-29 02:06:00+00:00,,Estadio AKRON (Zapopan),,2017,Clausura - 17,Guadalajara Chivas,Leon,False,True,0.0,2.0,0.0,1.0,0.0,2.0,,,,,2018,visitante_gana
143424,,UTC,2018-04-29 17:00:00+00:00,,Estadio Olímpico de Universitario (Ciudad de México (D.F.)),,2017,Clausura - 17,U.N.A.M. - Pumas,Club Queretaro,,,1.0,1.0,1.0,0.0,1.0,1.0,,,,,2018,empate
143425,,UTC,2018-04-29 23:00:00+00:00,,Estadio Luis de la Fuente (Veracruz),,2017,Clausura - 17,Veracruz,Cruz Azul,False,True,1.0,2.0,0.0,1.0,1.0,2.0,,,,,2018,visitante_gana
143251,,UTC,2018-05-03 00:30:00+00:00,,Estadio Olímpico de Universitario (Ciudad de México (D.F.)),,2017,Clausura - Quarter-finals,U.N.A.M. - Pumas,Club America,False,True,1.0,4.0,1.0,3.0,1.0,4.0,,,,,2018,visitante_gana
143253,,UTC,2018-05-03 02:30:00+00:00,,Estadio Caliente (Tijuana),,2017,Clausura - Quarter-finals,Club Tijuana,Monterrey,,,1.0,1.0,0.0,1.0,1.0,1.0,,,,,2018,empate
143255,,UTC,2018-05-04 00:30:00+00:00,,Estadio Universitario de Nuevo León (San Nicolás de los Garza),,2017,Clausura - Quarter-finals,Tigres UANL,Santos Laguna,True,False,2.0,0.0,1.0,0.0,2.0,0.0,,,,,2018,local_gana
143257,,UTC,2018-05-04 02:30:00+00:00,,Estadio Generalísimo José María Morelos y Pavón (Morelia),,2017,Clausura - Quarter-finals,Monarcas,Toluca,,,2.0,2.0,0.0,1.0,2.0,2.0,,,,,2018,empate
143252,,UTC,2018-05-06 00:00:00+00:00,,Estadio Azteca (Ciudad de México (D.F.)),,2017,Clausura - Quarter-finals,Club America,U.N.A.M. - Pumas,True,False,2.0,1.0,1.0,1.0,2.0,1.0,,,,,2018,local_gana
143254,,UTC,2018-05-06 02:00:00+00:00,,Estadio BBVA Bancomer (Guadalupe),,2017,Clausura - Quarter-finals,Monterrey,Club Tijuana,False,True,1.0,2.0,0.0,2.0,1.0,2.0,,,,,2018,visitante_gana
143258,,UTC,2018-05-06 17:00:00+00:00,,Estadio Nemesio Díez (Toluca de Lerdo),,2017,Clausura - Quarter-finals,Toluca,Monarcas,,,2.0,2.0,1.0,0.0,2.0,2.0,,,,,2018,empate
143256,,UTC,2018-05-06 23:00:00+00:00,,Estadio Nuevo Corona (Torreón),,2017,Clausura - Quarter-finals,Santos Laguna,Tigres UANL,True,False,2.0,0.0,1.0,0.0,2.0,0.0,,,,,2018,local_gana
143247,,UTC,2018-05-11 00:30:00+00:00,,Estadio Nuevo Corona (Torreón),,2017,Clausura - Semi-finals,Santos Laguna,Club America,True,False,4.0,1.0,2.0,1.0,4.0,1.0,,,,,2018,local_gana
143249,,UTC,2018-05-11 02:30:00+00:00,,Estadio Caliente (Tijuana),,2017,Clausura - Semi-finals,Club Tijuana,Toluca,True,False,2.0,1.0,1.0,0.0,2.0,1.0,,,,,2018,local_gana
143250,,UTC,2018-05-13 17:00:00+00:00,,Estadio Nemesio Díez (Toluca de Lerdo),,2017,Clausura - Semi-finals,Toluca,Club Tijuana,True,False,4.0,1.0,2.0,0.0,4.0,1.0,,,,,2018,local_gana
143248,,UTC,2018-05-14 00:00:00+00:00,,Estadio Azteca (Ciudad de México (D.F.)),,2017,Clausura - Semi-finals,Club America,Santos Laguna,,,2.0,2.0,2.0,1.0,2.0,2.0,,,,,2018,empate
143245,,UTC,2018-05-18 01:00:00+00:00,,Estadio Nuevo Corona (Torreón),,2017,Clausura - Finals,Santos Laguna,Toluca,True,False,2.0,1.0,0.0,0.0,2.0,1.0,,,,,2018,local_gana
143246,,UTC,2018-05-21 00:00:00+00:00,,Estadio Nemesio Díez (Toluca de Lerdo),,2017,Clausura - Finals,Toluca,Santos Laguna,,,1.0,1.0,0.0,1.0,1.0,1.0,,,,,2018,empate
1206004,"Jorge Abraham Camacho Peregrina, Mexico",UTC,2024-07-05 22:45:00+00:00,1082.0,Estadio Cuauhtémoc,Puebla,2024,Apertura - 1,Puebla,Santos Laguna,True,False,1.0,0.0,0.0,0.0,1.0,0.0,,,,,2024,local_gana
1206003,L. García,UTC,2024-07-06 01:00:00+00:00,20476.0,Estadio Corregidora,Santiago de Querétaro,2024,Apertura - 1,Club Queretaro,Club Tijuana,False,True,1.0,2.0,0.0,1.0,1.0,2.0,,,,,2024,visitante_gana
1206005,Ó. Macías,UTC,2024-07-06 03:10:00+00:00,1845.0,Estadio Olímpico Benito Juárez,Ciudad Juárez,2024,Apertura - 1,FC Juarez,Atlas,,,2.0,2.0,1.0,0.0,2.0,2.0,,,,,2024,empate
1206006,"Ivan Antonio Lopez Sanchez, Mexico",UTC,2024-07-06 23:00:00+00:00,1795.0,Estadio Alfonso Lastras Ramírez,San Luis Potosí,2024,Apertura - 1,Atletico San Luis,Club America,True,False,2.0,1.0,1.0,1.0,2.0,1.0,,,,,2024,local_gana
1206008,J. Lopez,UTC,2024-07-07 01:00:00+00:00,1076.0,Estadio AKRON,Zapopan,2024,Apertura - 1,Guadalajara Chivas,Toluca,,,0.0,0.0,0.0,0.0,0.0,0.0,,,,,2024,empate
1206007,V. Arce,UTC,2024-07-07 01:00:00+00:00,,Estadio Universitario,San Nicolás de los Garza,2024,Apertura - 1,Tigres UANL,Necaxa,True,False,1.0,0.0,1.0,0.0,1.0,0.0,,,,,2024,local_gana
1206009,K. Hernández,UTC,2024-07-07 03:00:00+00:00,11624.0,Estadio Ciudad de los Deportes,D.F.,2024,Apertura - 1,Cruz Azul,Mazatlán,True,False,1.0,0.0,0.0,0.0,1.0,0.0,,,,,2024,local_gana
1206010,"Maximiliano Quintero Hernandez, Mexico",UTC,2024-07-07 18:00:00+00:00,,Estadio Olimpico Universitario,Mexico City,2024,Apertura - 1,U.N.A.M. - Pumas,Leon,True,False,4.0,1.0,2.0,1.0,4.0,1.0,,,,,2024,local_gana
1206011,"Ismael Rosario Lopez Penuelas, Mexico",UTC,2024-07-08 01:06:00+00:00,1081.0,Estadio Hidalgo,Pachuca de Soto,2024,Apertura - 1,Pachuca,Monterrey,False,True,0.0,1.0,0.0,1.0,0.0,1.0,,,,,2024,visitante_gana
1206012,"Katia Garcia, Mexico",UTC,2024-07-13 01:00:00+00:00,11624.0,Estadio Ciudad de los Deportes,D.F.,2024,Apertura - 2,Club America,Club Queretaro,True,False,3.0,1.0,2.0,1.0,3.0,1.0,,,,,2024,local_gana
1206014,"Ivan Antonio Lopez Sanchez, Mexico",UTC,2024-07-13 03:00:00+00:00,1088.0,Estadio Caliente,Tijuana,2024,Apertura - 2,Club Tijuana,Guadalajara Chivas,True,False,4.0,2.0,1.0,0.0,4.0,2.0,,,,,2024,local_gana
1206013,"Martin Molina Astorga, Mexico",UTC,2024-07-13 03:00:00+00:00,20435.0,Estadio El Encanto,Mazatlán,2024,Apertura - 2,Mazatlán,Atletico San Luis,,,2.0,2.0,0.0,0.0,2.0,2.0,,,,,2024,empate
1206015,"Jorge Abraham Camacho Peregrina, Mexico",UTC,2024-07-13 03:05:00+00:00,1071.0,Estadio Jalisco,Guadalajara,2024,Apertura - 2,Atlas,Tigres UANL,,,1.0,1.0,1.0,0.0,1.0,1.0,,,,,2024,empate
1206016,"Abraham de Jesus Quirarte Contreras, Mexico",UTC,2024-07-13 23:00:00+00:00,20474.0,Estadio Victoria,Aguascalientes,2024,Apertura - 2,Necaxa,Puebla,True,False,4.0,1.0,2.0,0.0,4.0,1.0,,,,,2024,local_gana
1206017,"Salvador Perez Villalobos, Mexico",UTC,2024-07-13 23:00:00+00:00,,Estadio Leon,Leon,2024,Apertura - 2,Leon,Pachuca,,,0.0,0.0,0.0,0.0,0.0,0.0,,,,,2024,empate
1206019,"Mario Terrazas Chavez, Mexico",UTC,2024-07-14 01:05:00+00:00,20475.0,Estadio Corona,Torreón,2024,Apertura - 2,Santos Laguna,U.N.A.M. - Pumas,,,1.0,1.0,1.0,1.0,1.0,1.0,,,,,2024,empate
1206018,"Vicente Jassiel Reynoso Arce, Mexico",UTC,2024-07-14 01:10:00+00:00,1089.0,Estadio Nemesio Díez,Toluca de Lerdo,2024,Apertura - 2,Toluca,FC Juarez,True,False,3.0,2.0,2.0,0.0,3.0,2.0,,,,,2024,local_gana
1206020,"Maximiliano Quintero Hernandez, Mexico",UTC,2024-07-14 03:10:00+00:00,11905.0,Estadio BBVA,Guadalupe,2024,Apertura - 2,Monterrey,Cruz Azul,False,True,0.0,4.0,0.0,2.0,0.0,4.0,,,,,2024,visitante_gana
1206022,"Luis Santander, Mexico",UTC,2024-07-17 01:00:00+00:00,1071.0,Estadio Jalisco,Guadalajara,2024,Apertura - 3,Atlas,Santos Laguna,True,False,1.0,0.0,0.0,0.0,1.0,0.0,,,,,2024,local_gana
1206021,"Fernando Hernandez, Mexico",UTC,2024-07-17 01:00:00+00:00,20476.0,Estadio Corregidora,Santiago de Querétaro,2024,Apertura - 3,Club Queretaro,Guadalajara Chivas,False,True,0.0,2.0,0.0,1.0,0.0,2.0,,,,,2024,visitante_gana
1206024,"Victor Alfonso Caceres Hernandez, Mexico",UTC,2024-07-17 01:00:00+00:00,1081.0,Estadio Hidalgo,Pachuca de Soto,2024,Apertura - 3,Pachuca,Atletico San Luis,True,False,2.0,0.0,1.0,0.0,2.0,0.0,,,,,2024,local_gana
1206023,"Marco Antonio Ortiz Nava, Mexico",UTC,2024-07-17 03:00:00+00:00,1082.0,Estadio Cuauhtémoc,Puebla,2024,Apertura - 3,Puebla,Leon,,,2.0,2.0,1.0,1.0,2.0,2.0,,,,,2024,empate
1206025,"Ismael Rosario Lopez Penuelas, Mexico",UTC,2024-07-17 03:05:00+00:00,11624.0,Estadio Ciudad de los Deportes,D.F.,2024,Apertura - 3,Cruz Azul,Club Tijuana,True,False,3.0,0.0,2.0,0.0,3.0,0.0,,,,,2024,local_gana
1206029,"Jesus Rafael Lopez Valle, Mexico",UTC,2024-07-18 01:00:00+00:00,20474.0,Estadio Victoria,Aguascalientes,2024,Apertura - 3,Necaxa,Monterrey,False,True,0.0,1.0,0.0,0.0,0.0,1.0,,,,,2024,visitante_gana
1206026,"Daniel Quintero Huitron, Mexico",UTC,2024-07-18 01:06:00+00:00,1845.0,Estadio Olímpico Benito Juárez,Ciudad Juárez,2024,Apertura - 3,FC Juarez,U.N.A.M. - Pumas,False,True,1.0,2.0,1.0,0.0,1.0,2.0,,,,,2024,visitante_gana
1206028,"Fernando Guerrero Ramirez, Mexico",UTC,2024-07-18 03:00:00+00:00,,Estadio Universitario (UANL),Monterrey,2024,Apertura - 3,Tigres UANL,Club America,True,False,1.0,0.0,0.0,0.0,1.0,0.0,,,,,2024,local_gana
1206027,"Adonai Escobedo Gonzalez, Mexico",UTC,2024-07-18 03:00:00+00:00,1089.0,Estadio Nemesio Díez,Toluca de Lerdo,2024,Apertura - 3,Toluca,Mazatlán,True,False,3.0,0.0,2.0,0.0,3.0,0.0,,,,,2024,local_gana
1206030,"Mario Terrazas Chavez, Mexico",UTC,2024-07-20 01:00:00+00:00,1795.0,Estadio Alfonso Lastras Ramírez,San Luis Potosí,2024,Apertura - 4,Atletico San Luis,Club Tijuana,,,1.0,1.0,1.0,1.0,1.0,1.0,,,,,2024,empate
1206031,"Ivan Antonio Lopez Sanchez, Mexico",UTC,2024-07-20 03:05:00+00:00,1082.0,Estadio Cuauhtémoc,Puebla,2024,Apertura - 4,Puebla,Atlas,False,True,1.0,2.0,0.0,2.0,1.0,2.0,,,,,2024,visitante_gana
1206032,"Oscar Mejia Garcia, Mexico",UTC,2024-07-20 23:05:00+00:00,1076.0,Estadio AKRON,Zapopan,2024,Apertura - 4,Guadalajara Chivas,Mazatlán,True,False,2.0,0.0,0.0,0.0,2.0,0.0,,,,,2024,local_gana
1206034,"Victor Alfonso Caceres Hernandez, Mexico",UTC,2024-07-21 01:00:00+00:00,11905.0,Estadio BBVA,Guadalupe,2024,Apertura - 4,Monterrey,Club Queretaro,True,False,2.0,1.0,1.0,0.0,2.0,1.0,,,,,2024,local_gana
1206033,"Marco Antonio Ortiz Nava, Mexico",UTC,2024-07-21 01:00:00+00:00,20475.0,Estadio Corona,Torreón,2024,Apertura - 4,Santos Laguna,Tigres UANL,False,True,0.0,3.0,0.0,0.0,0.0,3.0,,,,,2024,visitante_gana
1206036,"Jesus Rafael Lopez Valle, Mexico",UTC,2024-07-21 03:05:00+00:00,11624.0,Estadio Ciudad de los Deportes,D.F.,2024,Apertura - 4,Cruz Azul,Toluca,,,1.0,1.0,0.0,1.0,1.0,1.0,,,,,2024,empate
1206035,"Maximiliano Quintero Hernandez, Mexico",UTC,2024-07-21 03:10:00+00:00,1845.0,Estadio Olímpico Benito Juárez,Ciudad Juárez,2024,Apertura - 4,FC Juarez,Club America,False,True,1.0,2.0,1.0,1.0,1.0,2.0,,,,,2024,visitante_gana
1206037,"Vicente Jassiel Reynoso Arce, Mexico",UTC,2024-07-21 23:00:00+00:00,,Estadio Olimpico Universitario,Mexico City,2024,Apertura - 4,U.N.A.M. - Pumas,Pachuca,True,False,2.0,0.0,1.0,0.0,2.0,0.0,,,,,2024,local_gana
1206038,"Luis Alfredo Garcia Rodriguez, Mexico",UTC,2024-07-22 01:05:00+00:00,,Estadio Leon,Leon,2024,Apertura - 4,Leon,Necaxa,,,1.0,1.0,0.0,1.0,1.0,1.0,,,,,2024,empate
1206140,"Salvador Perez Villalobos, Mexico",UTC,2024-08-17 01:00:00+00:00,1082.0,Estadio Cuauhtémoc,Puebla,2024,Apertura - 16,Puebla,Monterrey,False,True,1.0,2.0,0.0,1.0,1.0,2.0,,,,,2024,visitante_gana
1206074,"Maximiliano Quintero Hernandez, Mexico",UTC,2024-08-19 00:05:00+00:00,1088.0,Estadio Caliente,Tijuana,2024,Apertura - 8,Club Tijuana,Santos Laguna,True,False,3.0,1.0,2.0,1.0,3.0,1.0,,,,,2024,local_gana
1206115,"Jesus Rafael Lopez Valle, Mexico",UTC,2024-08-19 02:00:00+00:00,1795.0,Estadio Alfonso Lastras Ramírez,San Luis Potosí,2024,Apertura - 13,Atletico San Luis,Club Queretaro,True,False,4.0,0.0,2.0,0.0,4.0,0.0,,,,,2024,local_gana
1206039,"Guillermo Pacheco Larios, Mexico",UTC,2024-08-24 01:00:00+00:00,20476.0,Estadio Corregidora,Santiago de Querétaro,2024,Apertura - 5,Club Queretaro,Cruz Azul,False,True,0.0,2.0,0.0,1.0,0.0,2.0,,,,,2024,visitante_gana
1206040,"Marco Antonio Ortiz Nava, Mexico",UTC,2024-08-24 02:00:00+00:00,20435.0,Estadio El Encanto,Mazatlán,2024,Apertura - 5,Mazatlán,Pachuca,True,False,3.0,0.0,3.0,0.0,3.0,0.0,,,,,2024,local_gana
1206041,"César Ramos Palazuelos, Mexico",UTC,2024-08-24 03:05:00+00:00,1088.0,Estadio Caliente,Tijuana,2024,Apertura - 5,Club Tijuana,Monterrey,,,2.0,2.0,1.0,2.0,2.0,2.0,,,,,2024,empate
1206042,"Martin Molina Astorga, Mexico",UTC,2024-08-24 23:00:00+00:00,20474.0,Estadio Victoria,Aguascalientes,2024,Apertura - 5,Necaxa,FC Juarez,True,False,3.0,0.0,1.0,0.0,3.0,0.0,,,,,2024,local_gana
1206045,D. Quintero,UTC,2024-08-25 01:00:00+00:00,,Estadio Universitario,San Nicolás de los Garza,2024,Apertura - 5,Tigres UANL,Guadalajara Chivas,,,1.0,1.0,0.0,0.0,1.0,1.0,,,,,2024,empate
1206044,F. Hernández,UTC,2024-08-25 01:00:00+00:00,1071.0,Estadio Jalisco,Guadalajara,2024,Apertura - 5,Atlas,U.N.A.M. - Pumas,True,False,2.0,1.0,1.0,0.0,2.0,1.0,,,,,2024,local_gana
1206043,A. Escobedo,UTC,2024-08-25 01:00:00+00:00,,Estadio León,León de los Aldamas,2024,Apertura - 5,Leon,Santos Laguna,,,1.0,1.0,1.0,1.0,1.0,1.0,,,,,2024,empate
1206046,L. Santander,UTC,2024-08-25 03:05:00+00:00,11624.0,Estadio Ciudad de los Deportes,D.F.,2024,Apertura - 5,Club America,Puebla,False,True,0.0,1.0,0.0,0.0,0.0,1.0,,,,,2024,visitante_gana
1206047,"Katia Garcia, Mexico",UTC,2024-08-25 18:00:00+00:00,1089.0,Estadio Nemesio Díez,Toluca de Lerdo,2024,Apertura - 5,Toluca,Atletico San Luis,True,False,2.0,1.0,1.0,1.0,2.0,1.0,,,,,2024,local_gana
1206048,"Jorge Abraham Camacho Peregrina, Mexico",UTC,2024-08-31 01:00:00+00:00,1795.0,Estadio Alfonso Lastras Ramírez,San Luis Potosí,2024,Apertura - 6,Atletico San Luis,Atlas,True,False,2.0,1.0,1.0,0.0,2.0,1.0,,,,,2024,local_gana
1206049,"Ismael Rosario Lopez Penuelas, Mexico",UTC,2024-08-31 02:00:00+00:00,20435.0,Estadio El Encanto,Mazatlán,2024,Apertura - 6,Mazatlán,Puebla,,,1.0,1.0,1.0,1.0,1.0,1.0,,,,,2024,empate
1206050,"Victor Alfonso Caceres Hernandez, Mexico",UTC,2024-08-31 03:05:00+00:00,1088.0,Estadio Caliente,Tijuana,2024,Apertura - 6,Club Tijuana,Leon,True,False,2.0,1.0,1.0,1.0,2.0,1.0,,,,,2024,local_gana
1206051,"Ivan Antonio Lopez Sanchez, Mexico",UTC,2024-08-31 23:00:00+00:00,1081.0,Estadio Hidalgo,Pachuca de Soto,2024,Apertura - 6,Pachuca,Club Queretaro,,,1.0,1.0,0.0,1.0,1.0,1.0,,,,,2024,empate
1206052,"Adonai Escobedo Gonzalez, Mexico",UTC,2024-08-31 23:05:00+00:00,1076.0,Estadio AKRON,Zapopan,2024,Apertura - 6,Guadalajara Chivas,FC Juarez,True,False,5.0,0.0,4.0,0.0,5.0,0.0,,,,,2024,local_gana
1206053,"Fernando Guerrero Ramirez, Mexico",UTC,2024-09-01 01:00:00+00:00,11905.0,Estadio BBVA,Guadalupe,2024,Apertura - 6,Monterrey,Toluca,False,True,1.0,2.0,0.0,1.0,1.0,2.0,,,,,2024,visitante_gana
1206054,"César Ramos Palazuelos, Mexico",UTC,2024-09-01 03:10:00+00:00,11624.0,Estadio Ciudad de los Deportes,D.F.,2024,Apertura - 6,Cruz Azul,Club America,True,False,4.0,1.0,2.0,1.0,4.0,1.0,,,,,2024,local_gana
1206055,"Oscar Mejia Garcia, Mexico",UTC,2024-09-01 23:00:00+00:00,,Estadio Olimpico Universitario,Mexico City,2024,Apertura - 6,U.N.A.M. - Pumas,Tigres UANL,False,True,1.0,3.0,1.0,2.0,1.0,3.0,,,,,2024,visitante_gana
1206056,"Guillermo Pacheco Larios, Mexico",UTC,2024-09-02 01:05:00+00:00,20475.0,Estadio Corona,Torreón,2024,Apertura - 6,Santos Laguna,Necaxa,True,False,3.0,2.0,0.0,1.0,3.0,2.0,,,,,2024,local_gana
1206057,"Vicente Jassiel Reynoso Arce, Mexico",UTC,2024-09-14 00:00:00+00:00,1082.0,Estadio Cuauhtémoc,Puebla,2024,Apertura - 7,Puebla,Club Queretaro,True,False,2.0,1.0,1.0,0.0,2.0,1.0,,,,,2024,local_gana
1206058,"Luis Santander, Mexico",UTC,2024-09-14 01:00:00+00:00,1071.0,Estadio Jalisco,Guadalajara,2024,Apertura - 7,Atlas,Pachuca,True,False,2.0,0.0,2.0,0.0,2.0,0.0,,,,,2024,local_gana
1206060,"Martin Molina Astorga, Mexico",UTC,2024-09-14 02:10:00+00:00,,Estadio Universitario (UANL),Monterrey,2024,Apertura - 7,Tigres UANL,Atletico San Luis,True,False,1.0,0.0,0.0,0.0,1.0,0.0,,,,,2024,local_gana
1206059,"Fernando Hernandez, Mexico",UTC,2024-09-14 02:10:00+00:00,1845.0,Estadio Olímpico Benito Juárez,Ciudad Juárez,2024,Apertura - 7,FC Juarez,Mazatlán,True,False,1.0,0.0,0.0,0.0,1.0,0.0,,,,,2024,local_gana
1206061,"Katia Garcia, Mexico",UTC,2024-09-14 03:00:00+00:00,20474.0,Estadio Victoria,Aguascalientes,2024,Apertura - 7,Necaxa,U.N.A.M. - Pumas,True,False,2.0,0.0,0.0,0.0,2.0,0.0,,,,,2024,local_gana
1206062,"Ismael Rosario Lopez Penuelas, Mexico",UTC,2024-09-14 22:45:00+00:00,1089.0,Estadio Nemesio Díez,Toluca de Lerdo,2024,Apertura - 7,Toluca,Club Tijuana,True,False,4.0,0.0,1.0,0.0,4.0,0.0,,,,,2024,local_gana
1206063,"Victor Alfonso Caceres Hernandez, Mexico",UTC,2024-09-15 00:50:00+00:00,11624.0,Estadio Ciudad de los Deportes,D.F.,2024,Apertura - 7,Club America,Guadalajara Chivas,True,False,1.0,0.0,1.0,0.0,1.0,0.0,,,,,2024,local_gana
1206064,"Maximiliano Quintero Hernandez, Mexico",UTC,2024-09-15 02:35:00+00:00,,Estadio Leon,Leon,2024,Apertura - 7,Leon,Cruz Azul,False,True,1.0,2.0,1.0,1.0,1.0,2.0,,,,,2024,visitante_gana
1206065,"Erick Yair Miranda Galindo, Mexico",UTC,2024-09-15 03:00:00+00:00,20475.0,Estadio Corona,Torreón,2024,Apertura - 7,Santos Laguna,Monterrey,False,True,0.0,2.0,0.0,1.0,0.0,2.0,,,,,2024,visitante_gana
1206070,"Adonai Escobedo Gonzalez, Mexico",UTC,2024-09-18 01:00:00+00:00,11624.0,Estadio Ciudad de los Deportes,D.F.,2024,Apertura - 8,Club America,Atlas,True,False,3.0,0.0,1.0,0.0,3.0,0.0,,,,,2024,local_gana
1206067,"Jesus Rafael Lopez Valle, Mexico",UTC,2024-09-18 01:00:00+00:00,1081.0,Estadio Hidalgo,Pachuca de Soto,2024,Apertura - 8,Pachuca,Toluca,,,2.0,2.0,0.0,1.0,2.0,2.0,,,,,2024,empate
1206066,"Oscar Mejia Garcia, Mexico",UTC,2024-09-18 01:00:00+00:00,1795.0,Estadio Alfonso Lastras Ramírez,San Luis Potosí,2024,Apertura - 8,Atletico San Luis,Cruz Azul,True,False,3.0,1.0,2.0,1.0,3.0,1.0,,,,,2024,local_gana
1206069,"Fernando Guerrero Ramirez, Mexico",UTC,2024-09-18 03:00:00+00:00,20476.0,Estadio Corregidora,Santiago de Querétaro,2024,Apertura - 8,Club Queretaro,Tigres UANL,True,False,1.0,0.0,1.0,0.0,1.0,0.0,,,,,2024,local_gana
1206068,"Ivan Antonio Lopez Sanchez, Mexico",UTC,2024-09-18 03:05:00+00:00,,Estadio Olimpico Universitario,Mexico City,2024,Apertura - 8,U.N.A.M. - Pumas,Puebla,True,False,1.0,0.0,0.0,0.0,1.0,0.0,,,,,2024,local_gana
1206071,"Guillermo Pacheco Larios, Mexico",UTC,2024-09-19 01:05:00+00:00,1076.0,Estadio AKRON,Zapopan,2024,Apertura - 8,Guadalajara Chivas,Leon,True,False,2.0,0.0,1.0,0.0,2.0,0.0,,,,,2024,local_gana
1206072,"Daniel Quintero Huitron, Mexico",UTC,2024-09-19 02:00:00+00:00,20435.0,Estadio El Encanto,Mazatlán,2024,Apertura - 8,Mazatlán,Necaxa,,,0.0,0.0,0.0,0.0,0.0,0.0,,,,,2024,empate
1206073,"Salvador Perez Villalobos, Mexico",UTC,2024-09-19 03:00:00+00:00,11905.0,Estadio BBVA,Guadalupe,2024,Apertura - 8,Monterrey,FC Juarez,True,False,3.0,2.0,1.0,0.0,3.0,2.0,,,,,2024,local_gana
1206075,"Jesus Rafael Lopez Valle, Mexico",UTC,2024-09-21 01:00:00+00:00,1071.0,Estadio Jalisco,Guadalajara,2024,Apertura - 9,Atlas,Club Queretaro,False,True,0.0,1.0,0.0,1.0,0.0,1.0,,,,,2024,visitante_gana
1206076,"Maximiliano Quintero Hernandez, Mexico",UTC,2024-09-21 01:00:00+00:00,1082.0,Estadio Cuauhtémoc,Puebla,2024,Apertura - 9,Puebla,Pachuca,False,True,2.0,3.0,1.0,2.0,2.0,3.0,,,,,2024,visitante_gana
1206077,"Luis Alfredo Garcia Rodriguez, Mexico",UTC,2024-09-21 23:00:00+00:00,,Estadio Leon,Leon,2024,Apertura - 9,Leon,Atletico San Luis,True,False,1.0,0.0,0.0,0.0,1.0,0.0,,,,,2024,local_gana
1206079,I. Lopez,UTC,2024-09-22 01:00:00+00:00,11905.0,Estadio BBVA,Guadalupe,2024,Apertura - 9,Monterrey,Mazatlán,,,0.0,0.0,0.0,0.0,0.0,0.0,,,,,2024,empate
1206078,Ó. Mejía,UTC,2024-09-22 01:00:00+00:00,20474.0,Estadio Victoria,Aguascalientes,2024,Apertura - 9,Necaxa,Club America,,,1.0,1.0,1.0,0.0,1.0,1.0,,,,,2024,empate
1206080,D. Quintero,UTC,2024-09-22 03:05:00+00:00,11624.0,Estadio Ciudad de los Deportes,D.F.,2024,Apertura - 9,Cruz Azul,Guadalajara Chivas,True,False,1.0,0.0,0.0,0.0,1.0,0.0,,,,,2024,local_gana
1206081,"Luis Santander, Mexico",UTC,2024-09-22 23:00:00+00:00,,Estadio Olimpico Universitario,Mexico City,2024,Apertura - 9,U.N.A.M. - Pumas,Club Tijuana,True,False,1.0,0.0,0.0,0.0,1.0,0.0,,,,,2024,local_gana
1206083,"Ivan Antonio Lopez Sanchez, Mexico",UTC,2024-09-23 01:05:00+00:00,20475.0,Estadio Corona,Torreón,2024,Apertura - 9,Santos Laguna,Toluca,True,False,2.0,0.0,1.0,0.0,2.0,0.0,,,,,2024,local_gana
1206082,"Victor Alfonso Caceres Hernandez, Mexico",UTC,2024-09-23 01:10:00+00:00,1845.0,Estadio Olímpico Benito Juárez,Ciudad Juárez,2024,Apertura - 9,FC Juarez,Tigres UANL,False,True,0.0,1.0,0.0,0.0,0.0,1.0,,,,,2024,visitante_gana
1206084,"Oscar Mejia Garcia, Mexico",UTC,2024-09-28 00:00:00+00:00,1082.0,Estadio Cuauhtémoc,Puebla,2024,Apertura - 10,Puebla,FC Juarez,False,True,2.0,3.0,0.0,1.0,2.0,3.0,,,,,2024,visitante_gana
1206085,"Jorge Abraham Camacho Peregrina, Mexico",UTC,2024-09-28 01:00:00+00:00,20476.0,Estadio Corregidora,Santiago de Querétaro,2024,Apertura - 10,Club Queretaro,Necaxa,,,0.0,0.0,0.0,0.0,0.0,0.0,,,,,2024,empate
1206086,"Daniel Quintero Huitron, Mexico",UTC,2024-09-28 02:00:00+00:00,,Estadio Universitario (UANL),Monterrey,2024,Apertura - 10,Tigres UANL,Leon,,,2.0,2.0,1.0,1.0,2.0,2.0,,,,,2024,empate
1206087,"Victor Alfonso Caceres Hernandez, Mexico",UTC,2024-09-28 03:05:00+00:00,1088.0,Estadio Caliente,Tijuana,2024,Apertura - 10,Club Tijuana,Mazatlán,True,False,1.0,0.0,1.0,0.0,1.0,0.0,,,,,2024,local_gana
1206088,"Mario Terrazas Chavez, Mexico",UTC,2024-09-28 23:00:00+00:00,1089.0,Estadio Nemesio Díez,Toluca de Lerdo,2024,Apertura - 10,Toluca,Atlas,True,False,4.0,1.0,2.0,0.0,4.0,1.0,,,,,2024,local_gana
1206089,"Adonai Escobedo Gonzalez, Mexico",UTC,2024-09-29 01:05:00+00:00,1081.0,Estadio Hidalgo,Pachuca de Soto,2024,Apertura - 10,Pachuca,Cruz Azul,False,True,2.0,4.0,2.0,1.0,2.0,4.0,,,,,2024,visitante_gana
1206090,"Jesus Rafael Lopez Valle, Mexico",UTC,2024-09-29 03:05:00+00:00,1076.0,Estadio AKRON,Zapopan,2024,Apertura - 10,Guadalajara Chivas,Monterrey,,,1.0,1.0,1.0,0.0,1.0,1.0,,,,,2024,empate
1206091,"Maximiliano Quintero Hernandez, Mexico",UTC,2024-09-29 03:10:00+00:00,1795.0,Estadio Alfonso Lastras Ramírez,San Luis Potosí,2024,Apertura - 10,Atletico San Luis,Santos Laguna,True,False,3.0,1.0,0.0,1.0,3.0,1.0,,,,,2024,local_gana
1206092,"Fernando Hernandez, Mexico",UTC,2024-09-30 00:00:00+00:00,11624.0,Estadio Ciudad de los Deportes,D.F.,2024,Apertura - 10,Club America,U.N.A.M. - Pumas,False,True,0.0,1.0,0.0,1.0,0.0,1.0,,,,,2024,visitante_gana
1206093,"Oscar Mejia Garcia, Mexico",UTC,2024-10-05 02:00:00+00:00,20435.0,Estadio El Encanto,Mazatlán,2024,Apertura - 11,Mazatlán,Club Queretaro,,,2.0,2.0,2.0,1.0,2.0,2.0,,,,,2024,empate
1206094,"Ivan Antonio Lopez Sanchez, Mexico",UTC,2024-10-05 03:00:00+00:00,1088.0,Estadio Caliente,Tijuana,2024,Apertura - 11,Club Tijuana,Pachuca,True,False,2.0,1.0,0.0,0.0,2.0,1.0,,,,,2024,local_gana
1206095,"Vicente Jassiel Reynoso Arce, Mexico",UTC,2024-10-05 23:00:00+00:00,,Estadio Universitario (UANL),Monterrey,2024,Apertura - 11,Tigres UANL,Puebla,True,False,1.0,0.0,1.0,0.0,1.0,0.0,,,,,2024,local_gana
1206100,"Guillermo Pacheco Larios, Mexico",UTC,2024-10-05 23:00:00+00:00,11624.0,Estadio Ciudad de los Deportes,D.F.,2024,Apertura - 11,Cruz Azul,Necaxa,True,False,3.0,0.0,2.0,0.0,3.0,0.0,,,,,2024,local_gana
1206096,"Victor Alfonso Caceres Hernandez, Mexico",UTC,2024-10-05 23:00:00+00:00,1795.0,Estadio Alfonso Lastras Ramírez,San Luis Potosí,2024,Apertura - 11,Atletico San Luis,Monterrey,True,False,1.0,0.0,1.0,0.0,1.0,0.0,,,,,2024,local_gana
1206099,"Adonai Escobedo Gonzalez, Mexico",UTC,2024-10-06 01:00:00+00:00,1089.0,Estadio Nemesio Díez,Toluca de Lerdo,2024,Apertura - 11,Toluca,U.N.A.M. - Pumas,,,1.0,1.0,1.0,1.0,1.0,1.0,,,,,2024,empate
1206097,"Fernando Hernandez, Mexico",UTC,2024-10-06 01:05:00+00:00,1076.0,Estadio AKRON,Zapopan,2024,Apertura - 11,Guadalajara Chivas,Atlas,False,True,2.0,3.0,0.0,1.0,2.0,3.0,,,,,2024,visitante_gana
1206098,"César Ramos Palazuelos, Mexico",UTC,2024-10-06 03:00:00+00:00,,Estadio Leon,Leon,2024,Apertura - 11,Leon,Club America,,,1.0,1.0,1.0,0.0,1.0,1.0,,,,,2024,empate
1206101,"Ismael Rosario Lopez Penuelas, Mexico",UTC,2024-10-07 02:05:00+00:00,20475.0,Estadio Corona,Torreón,2024,Apertura - 11,Santos Laguna,FC Juarez,False,True,0.0,2.0,0.0,0.0,0.0,2.0,,,,,2024,visitante_gana
1206102,"Daniel Quintero Huitron, Mexico",UTC,2024-10-19 01:00:00+00:00,1071.0,Estadio Jalisco,Guadalajara,2024,Apertura - 12,Atlas,Mazatlán,,,0.0,0.0,0.0,0.0,0.0,0.0,,,,,2024,empate
1206103,"Maximiliano Quintero Hernandez, Mexico",UTC,2024-10-19 01:00:00+00:00,20476.0,Estadio Corregidora,Santiago de Querétaro,2024,Apertura - 12,Club Queretaro,Toluca,False,True,0.0,1.0,0.0,1.0,0.0,1.0,,,,,2024,visitante_gana
1206104,"Adonai Escobedo Gonzalez, Mexico",UTC,2024-10-19 03:00:00+00:00,20474.0,Estadio Victoria,Aguascalientes,2024,Apertura - 12,Necaxa,Club Tijuana,False,True,1.0,2.0,1.0,2.0,1.0,2.0,,,,,2024,visitante_gana
1206105,"Mario Terrazas Chavez, Mexico",UTC,2024-10-19 03:05:00+00:00,1082.0,Estadio Cuauhtémoc,Puebla,2024,Apertura - 12,Puebla,Cruz Azul,False,True,1.0,2.0,1.0,1.0,1.0,2.0,,,,,2024,visitante_gana
1206106,"César Ramos Palazuelos, Mexico",UTC,2024-10-19 23:00:00+00:00,1081.0,Estadio Hidalgo,Pachuca de Soto,2024,Apertura - 12,Pachuca,Guadalajara Chivas,False,True,0.0,2.0,0.0,2.0,0.0,2.0,,,,,2024,visitante_gana
1206108,J. Lopez,UTC,2024-10-20 01:05:00+00:00,11624.0,Estadio Ciudad de los Deportes,D.F.,2024,Apertura - 12,Club America,Santos Laguna,True,False,3.0,0.0,0.0,0.0,3.0,0.0,,,,,2024,local_gana
1206107,V. Cáceres,UTC,2024-10-20 01:06:00+00:00,1845.0,Estadio Olímpico Benito Juárez,Ciudad Juárez,2024,Apertura - 12,FC Juarez,Leon,False,True,2.0,3.0,0.0,1.0,2.0,3.0,,,,,2024,visitante_gana
1206109,Ó. Mejía,UTC,2024-10-20 03:10:00+00:00,11905.0,Estadio BBVA,Guadalupe,2024,Apertura - 12,Monterrey,Tigres UANL,True,False,4.0,2.0,3.0,2.0,4.0,2.0,,,,,2024,local_gana
1206110,"Guillermo Pacheco Larios, Mexico",UTC,2024-10-20 18:00:00+00:00,,Estadio Olimpico Universitario,Mexico City,2024,Apertura - 12,U.N.A.M. - Pumas,Atletico San Luis,True,False,3.0,0.0,1.0,0.0,3.0,0.0,,,,,2024,local_gana
1206112,"Daniel Quintero Huitron, Mexico",UTC,2024-10-23 01:00:00+00:00,20475.0,Estadio Corona,Torreón,2024,Apertura - 13,Santos Laguna,Pachuca,,,1.0,1.0,0.0,0.0,1.0,1.0,,,,,2024,empate
1206111,"Victor Alfonso Caceres Hernandez, Mexico",UTC,2024-10-23 01:05:00+00:00,1076.0,Estadio AKRON,Zapopan,2024,Apertura - 13,Guadalajara Chivas,Necaxa,True,False,3.0,2.0,0.0,1.0,3.0,2.0,,,,,2024,local_gana
1206114,"Jorge Abraham Camacho Peregrina, Mexico",UTC,2024-10-23 03:05:00+00:00,1089.0,Estadio Nemesio Díez,Toluca de Lerdo,2024,Apertura - 13,Toluca,Puebla,True,False,5.0,0.0,2.0,0.0,5.0,0.0,,,,,2024,local_gana
1206113,"César Ramos Palazuelos, Mexico",UTC,2024-10-23 03:06:00+00:00,20435.0,Estadio El Encanto,Mazatlán,2024,Apertura - 13,Mazatlán,Tigres UANL,True,False,2.0,0.0,0.0,0.0,2.0,0.0,,,,,2024,local_gana
1206117,"Adonai Escobedo Gonzalez, Mexico",UTC,2024-10-24 01:00:00+00:00,11905.0,Estadio BBVA,Guadalupe,2024,Apertura - 13,Monterrey,U.N.A.M. - Pumas,,,0.0,0.0,0.0,0.0,0.0,0.0,,,,,2024,empate
1206116,"Vicente Jassiel Reynoso Arce, Mexico",UTC,2024-10-24 01:00:00+00:00,11624.0,Estadio Ciudad de los Deportes,D.F.,2024,Apertura - 13,Cruz Azul,FC Juarez,True,False,4.0,0.0,2.0,0.0,4.0,0.0,,,,,2024,local_gana
1206118,"Oscar Mejia Garcia, Mexico",UTC,2024-10-24 03:00:00+00:00,,Estadio Leon,Leon,2024,Apertura - 13,Leon,Atlas,,,0.0,0.0,0.0,0.0,0.0,0.0,,,,,2024,empate
1206119,"Fernando Hernandez, Mexico",UTC,2024-10-24 03:05:00+00:00,1088.0,Estadio Caliente,Tijuana,2024,Apertura - 13,Club Tijuana,Club America,,,2.0,2.0,1.0,1.0,2.0,2.0,,,,,2024,empate
1206120,"Jorge Abraham Camacho Peregrina, Mexico",UTC,2024-10-26 01:00:00+00:00,20475.0,Estadio Corona,Torreón,2024,Apertura - 14,Santos Laguna,Mazatlán,,,0.0,0.0,0.0,0.0,0.0,0.0,,,,,2024,empate
1206121,"Ismael Rosario Lopez Penuelas, Mexico",UTC,2024-10-26 03:00:00+00:00,1082.0,Estadio Cuauhtémoc,Puebla,2024,Apertura - 14,Puebla,Guadalajara Chivas,True,False,1.0,0.0,0.0,0.0,1.0,0.0,,,,,2024,local_gana
1206122,"Adonai Escobedo Gonzalez, Mexico",UTC,2024-10-27 00:00:00+00:00,,Estadio Leon,Leon,2024,Apertura - 14,Leon,Club Queretaro,True,False,4.0,0.0,1.0,0.0,4.0,0.0,,,,,2024,local_gana
1206123,"César Ramos Palazuelos, Mexico",UTC,2024-10-27 01:00:00+00:00,,Estadio Olimpico Universitario,Mexico City,2024,Apertura - 14,U.N.A.M. - Pumas,Cruz Azul,False,True,0.0,2.0,0.0,2.0,0.0,2.0,,,,,2024,visitante_gana
1206124,"Victor Alfonso Caceres Hernandez, Mexico",UTC,2024-10-27 03:00:00+00:00,,Estadio Universitario (UANL),Monterrey,2024,Apertura - 14,Tigres UANL,Pachuca,True,False,2.0,1.0,1.0,1.0,2.0,1.0,,,,,2024,local_gana
1206125,"Katia Garcia, Mexico",UTC,2024-10-27 03:05:00+00:00,1071.0,Estadio Jalisco,Guadalajara,2024,Apertura - 14,Atlas,Club Tijuana,,,0.0,0.0,0.0,0.0,0.0,0.0,,,,,2024,empate
1206126,"Fernando Guerrero Ramirez, Mexico",UTC,2024-10-28 00:00:00+00:00,20474.0,Estadio Victoria,Aguascalientes,2024,Apertura - 14,Necaxa,Toluca,False,True,1.0,3.0,0.0,2.0,1.0,3.0,,,,,2024,visitante_gana
1206127,"Marco Antonio Ortiz Nava, Mexico",UTC,2024-10-28 00:06:00+00:00,1845.0,Estadio Olímpico Benito Juárez,Ciudad Juárez,2024,Apertura - 14,FC Juarez,Atletico San Luis,False,True,2.0,4.0,0.0,3.0,2.0,4.0,,,,,2024,visitante_gana
1206128,"Daniel Quintero Huitron, Mexico",UTC,2024-10-28 02:05:00+00:00,11624.0,Estadio Ciudad de los Deportes,D.F.,2024,Apertura - 14,Club America,Monterrey,True,False,2.0,1.0,0.0,0.0,2.0,1.0,,,,,2024,local_gana
1206129,"César Ramos Palazuelos, Mexico",UTC,2024-11-02 01:00:00+00:00,20476.0,Estadio Corregidora,Santiago de Querétaro,2024,Apertura - 15,Club Queretaro,FC Juarez,False,True,1.0,2.0,0.0,2.0,1.0,2.0,,,,,2024,visitante_gana
1206130,"Adonai Escobedo Gonzalez, Mexico",UTC,2024-11-02 03:00:00+00:00,20435.0,Estadio El Encanto,Mazatlán,2024,Apertura - 15,Mazatlán,Club America,False,True,0.0,5.0,0.0,4.0,0.0,5.0,,,,,2024,visitante_gana
1206131,"Fernando Guerrero Ramirez, Mexico",UTC,2024-11-02 03:05:00+00:00,1088.0,Estadio Caliente,Tijuana,2024,Apertura - 15,Club Tijuana,Tigres UANL,False,True,0.0,3.0,0.0,1.0,0.0,3.0,,,,,2024,visitante_gana
1206133,"Guillermo Pacheco Larios, Mexico",UTC,2024-11-02 23:00:00+00:00,1089.0,Estadio Nemesio Díez,Toluca de Lerdo,2024,Apertura - 15,Toluca,Leon,,,2.0,2.0,0.0,1.0,2.0,2.0,,,,,2024,empate
1206132,"Oscar Mejia Garcia, Mexico",UTC,2024-11-02 23:00:00+00:00,1795.0,Estadio Alfonso Lastras Ramírez,San Luis Potosí,2024,Apertura - 15,Atletico San Luis,Puebla,True,False,2.0,0.0,1.0,0.0,2.0,0.0,,,,,2024,local_gana
1206134,"Marco Antonio Ortiz Nava, Mexico",UTC,2024-11-03 01:05:00+00:00,1076.0,Estadio AKRON,Zapopan,2024,Apertura - 15,Guadalajara Chivas,U.N.A.M. - Pumas,,,0.0,0.0,0.0,0.0,0.0,0.0,,,,,2024,empate
1206135,"Fernando Hernandez, Mexico",UTC,2024-11-03 01:05:00+00:00,11905.0,Estadio BBVA,Guadalupe,2024,Apertura - 15,Monterrey,Atlas,True,False,4.0,0.0,3.0,0.0,4.0,0.0,,,,,2024,local_gana
1206136,"Ismael Rosario Lopez Penuelas, Mexico",UTC,2024-11-03 03:06:00+00:00,1081.0,Estadio Hidalgo,Pachuca de Soto,2024,Apertura - 15,Pachuca,Necaxa,True,False,6.0,2.0,2.0,0.0,6.0,2.0,,,,,2024,local_gana
1206137,"Karen Hernandez Andrade, Mexico",UTC,2024-11-03 03:10:00+00:00,11624.0,Estadio Ciudad de los Deportes,D.F.,2024,Apertura - 15,Cruz Azul,Santos Laguna,True,False,2.0,0.0,1.0,0.0,2.0,0.0,,,,,2024,local_gana
1206141,"Ivan Antonio Lopez Sanchez, Mexico",UTC,2024-11-06 01:00:00+00:00,20475.0,Estadio Corona,Torreón,2024,Apertura - 16,Santos Laguna,Guadalajara Chivas,False,True,0.0,2.0,0.0,1.0,0.0,2.0,,,,,2024,visitante_gana
1206138,"Fernando Hernandez, Mexico",UTC,2024-11-06 01:00:00+00:00,,Estadio Leon,Leon,2024,Apertura - 16,Leon,Mazatlán,,,0.0,0.0,0.0,0.0,0.0,0.0,,,,,2024,empate
1206139,"Daniel Quintero Huitron, Mexico",UTC,2024-11-06 03:05:00+00:00,,Estadio Olimpico Universitario,Mexico City,2024,Apertura - 16,U.N.A.M. - Pumas,Club Queretaro,True,False,2.0,0.0,1.0,0.0,2.0,0.0,,,,,2024,local_gana
1206142,"Marco Antonio Ortiz Nava, Mexico",UTC,2024-11-07 01:00:00+00:00,,Estadio Universitario (UANL),Monterrey,2024,Apertura - 16,Tigres UANL,Toluca,True,False,2.0,1.0,1.0,0.0,2.0,1.0,,,,,2024,local_gana
1206144,"Fernando Guerrero Ramirez, Mexico",UTC,2024-11-07 01:00:00+00:00,1082.0,Estadio Cuauhtémoc,Puebla,2024,Apertura - 16,Club America,Pachuca,True,False,2.0,1.0,1.0,1.0,2.0,1.0,,,,,2024,local_gana
1206143,"Jesus Rafael Lopez Valle, Mexico",UTC,2024-11-07 01:00:00+00:00,20474.0,Estadio Victoria,Aguascalientes,2024,Apertura - 16,Necaxa,Atletico San Luis,,,1.0,1.0,0.0,1.0,1.0,1.0,,,,,2024,empate
1206146,"Victor Alfonso Caceres Hernandez, Mexico",UTC,2024-11-07 03:05:00+00:00,1071.0,Estadio Jalisco,Guadalajara,2024,Apertura - 16,Atlas,Cruz Azul,,,2.0,2.0,1.0,2.0,2.0,2.0,,,,,2024,empate
1206145,"Oscar Mejia Garcia, Mexico",UTC,2024-11-07 03:06:00+00:00,1845.0,Estadio Olímpico Benito Juárez,Ciudad Juárez,2024,Apertura - 16,FC Juarez,Club Tijuana,,,1.0,1.0,0.0,0.0,1.0,1.0,,,,,2024,empate
1206147,"Oscar Macias, Mexico",UTC,2024-11-09 01:00:00+00:00,20476.0,Estadio Corregidora,Santiago de Querétaro,2024,Apertura - 17,Club Queretaro,Santos Laguna,True,False,3.0,2.0,1.0,1.0,3.0,2.0,,,,,2024,local_gana
1206148,"Erick Yair Miranda Galindo, Mexico",UTC,2024-11-09 03:00:00+00:00,20435.0,Estadio El Encanto,Mazatlán,2024,Apertura - 17,Mazatlán,U.N.A.M. - Pumas,False,True,0.0,1.0,0.0,0.0,0.0,1.0,,,,,2024,visitante_gana
1206149,"Daniel Quintero Huitron, Mexico",UTC,2024-11-09 23:05:00+00:00,1076.0,Estadio AKRON,Zapopan,2024,Apertura - 17,Guadalajara Chivas,Atletico San Luis,False,True,0.0,1.0,0.0,0.0,0.0,1.0,,,,,2024,visitante_gana
1206151,"Victor Alfonso Caceres Hernandez, Mexico",UTC,2024-11-10 01:00:00+00:00,1089.0,Estadio Nemesio Díez,Toluca de Lerdo,2024,Apertura - 17,Toluca,Club America,True,False,4.0,0.0,1.0,0.0,4.0,0.0,,,,,2024,local_gana
1206150,"Jorge Abraham Camacho Peregrina, Mexico",UTC,2024-11-10 01:00:00+00:00,1081.0,Estadio Hidalgo,Pachuca de Soto,2024,Apertura - 17,Pachuca,FC Juarez,False,True,0.0,1.0,0.0,0.0,0.0,1.0,,,,,2024,visitante_gana
1206152,"Adonai Escobedo Gonzalez, Mexico",UTC,2024-11-10 03:05:00+00:00,11624.0,Estadio Ciudad de los Deportes,D.F.,2024,Apertura - 17,Cruz Azul,Tigres UANL,,,1.0,1.0,0.0,0.0,1.0,1.0,,,,,2024,empate
1206153,"Marco Antonio Ortiz Nava, Mexico",UTC,2024-11-10 23:00:00+00:00,20474.0,Estadio Victoria,Aguascalientes,2024,Apertura - 17,Necaxa,Atlas,,,0.0,0.0,0.0,0.0,0.0,0.0,,,,,2024,empate
1206154,"César Ramos Palazuelos, Mexico",UTC,2024-11-11 01:05:00+00:00,11905.0,Estadio BBVA,Guadalupe,2024,Apertura - 17,Monterrey,Leon,True,False,2.0,1.0,1.0,0.0,2.0,1.0,,,,,2024,local_gana
1206155,"Ismael Rosario Lopez Penuelas, Mexico",UTC,2024-11-11 03:10:00+00:00,1088.0,Estadio Caliente,Tijuana,2024,Apertura - 17,Club Tijuana,Puebla,True,False,2.0,1.0,0.0,1.0,2.0,1.0,,,,,2024,local_gana
1315388,"César Ramos Palazuelos, Mexico",UTC,2024-11-22 01:05:00+00:00,1076.0,Estadio AKRON,Zapopan,2024,Apertura - Reclasificación,Guadalajara Chivas,Atlas,False,True,1.0,2.0,0.0,0.0,1.0,2.0,,,,,2024,visitante_gana
1315387,"Adonai Escobedo Gonzalez, Mexico",UTC,2024-11-22 03:00:00+00:00,1088.0,Estadio Caliente,Tijuana,2024,Apertura - Reclasificación,Club Tijuana,Club America,False,True,2.0,2.0,1.0,0.0,2.0,2.0,0.0,0.0,2.0,3.0,2024,empate
1316504,"Victor Alfonso Caceres Hernandez, Mexico",UTC,2024-11-25 03:00:00+00:00,1088.0,Estadio Caliente,Tijuana,2024,Apertura - Play-offs,Club Tijuana,Atlas,True,False,3.0,0.0,2.0,0.0,3.0,0.0,,,,,2024,local_gana
1316502,"Oscar Mejia Garcia, Mexico",UTC,2024-11-28 01:00:00+00:00,11624.0,Estadio Ciudad de los Deportes,D.F.,2024,Apertura - Quarter-finals,Club America,Toluca,True,False,2.0,0.0,0.0,0.0,2.0,0.0,,,,,2024,local_gana
1316646,"Fernando Hernandez, Mexico",UTC,2024-11-28 03:10:00+00:00,1088.0,Estadio Caliente,Tijuana,2024,Apertura - Quarter-finals,Club Tijuana,Cruz Azul,True,False,3.0,0.0,3.0,0.0,3.0,0.0,,,,,2024,local_gana
1315383,"Jesus Rafael Lopez Valle, Mexico",UTC,2024-11-29 01:00:00+00:00,1795.0,Estadio Alfonso Lastras Ramírez,San Luis Potosí,2024,Apertura - Quarter-finals,Atletico San Luis,Tigres UANL,True,False,3.0,0.0,1.0,0.0,3.0,0.0,,,,,2024,local_gana
1315385,"Daniel Quintero Huitron, Mexico",UTC,2024-11-29 03:10:00+00:00,11905.0,Estadio BBVA,Guadalupe,2024,Apertura - Quarter-finals,Monterrey,U.N.A.M. - Pumas,True,False,1.0,0.0,0.0,0.0,1.0,0.0,,,,,2024,local_gana
1316503,"César Ramos Palazuelos, Mexico",UTC,2024-11-30 23:00:00+00:00,1089.0,Estadio Nemesio Díez,Toluca de Lerdo,2024,Apertura - Quarter-finals,Toluca,Club America,False,True,0.0,2.0,0.0,0.0,0.0,2.0,,,,,2024,visitante_gana
1316647,V. Cáceres,UTC,2024-12-01 01:10:00+00:00,11624.0,Estadio Ciudad de los Deportes,D.F.,2024,Apertura - Quarter-finals,Cruz Azul,Club Tijuana,True,False,3.0,0.0,1.0,0.0,3.0,0.0,,,,,2024,local_gana
1315386,"Marco Antonio Ortiz Nava, Mexico",UTC,2024-12-01 18:00:00+00:00,,Estadio Olimpico Universitario,Mexico City,2024,Apertura - Quarter-finals,U.N.A.M. - Pumas,Monterrey,False,True,3.0,5.0,1.0,1.0,3.0,5.0,,,,,2024,visitante_gana
1315384,"Adonai Escobedo Gonzalez, Mexico",UTC,2024-12-02 01:00:00+00:00,,Estadio Universitario (UANL),Monterrey,2024,Apertura - Quarter-finals,Tigres UANL,Atletico San Luis,,,0.0,0.0,0.0,0.0,0.0,0.0,,,,,2024,empate
1318623,"Fernando Hernandez, Mexico",UTC,2024-12-05 03:00:00+00:00,1795.0,Estadio Alfonso Lastras Ramírez,San Luis Potosí,2024,Apertura - Semi-finals,Atletico San Luis,Monterrey,True,False,2.0,1.0,1.0,0.0,2.0,1.0,,,,,2024,local_gana
1318625,"Oscar Mejia Garcia, Mexico",UTC,2024-12-06 02:00:00+00:00,11624.0,Estadio Ciudad de los Deportes,D.F.,2024,Apertura - Semi-finals,Club America,Cruz Azul,,,0.0,0.0,0.0,0.0,0.0,0.0,,,,,2024,empate
1318624,"Marco Antonio Ortiz Nava, Mexico",UTC,2024-12-08 02:00:00+00:00,11905.0,Estadio BBVA,Guadalupe,2024,Apertura - Semi-finals,Monterrey,Atletico San Luis,True,False,5.0,1.0,0.0,0.0,5.0,1.0,,,,,2024,local_gana
1318626,"Adonai Escobedo Gonzalez, Mexico",UTC,2024-12-09 01:00:00+00:00,11624.0,Estadio Ciudad de los Deportes,D.F.,2024,Apertura - Semi-finals,Cruz Azul,Club America,False,True,3.0,4.0,0.0,1.0,3.0,4.0,,,,,2024,visitante_gana
1320866,"Victor Alfonso Caceres Hernandez, Mexico",UTC,2024-12-13 02:00:00+00:00,1082.0,Estadio Cuauhtémoc,Puebla,2024,Apertura - Final,Club America,Monterrey,True,False,2.0,1.0,1.0,1.0,2.0,1.0,,,,,2024,local_gana
1320867,"Victor Alfonso Caceres Hernandez, Mexico",UTC,2024-12-16 01:00:00+00:00,11905.0,Estadio BBVA,Guadalupe,2024,Apertura - Final,Monterrey,Club America,,,1.0,1.0,0.0,1.0,1.0,1.0,,,,,2024,empate
169071,L. Santander,UTC,2019-07-20 00:00:00+00:00,1082.0,Estadio Cuauhtémoc,Puebla,2019,Apertura - 1,Puebla,Club Tijuana,False,True,1.0,3.0,1.0,1.0,1.0,3.0,,,,,2019,visitante_gana
169072,J. Peñaloza,UTC,2019-07-20 02:45:00+00:00,1071.0,Estadio Jalisco,Guadalajara,2019,Apertura - 1,Atlas,FC Juarez,True,False,1.0,0.0,0.0,0.0,1.0,0.0,,,,,2019,local_gana
169074,A. Escobedo,UTC,2019-07-20 22:00:00+00:00,1081.0,Estadio Hidalgo,Pachuca de Soto,2019,Apertura - 1,Pachuca,Leon,False,True,1.0,3.0,0.0,2.0,1.0,3.0,,,,,2019,visitante_gana
169073,D. Montaño,UTC,2019-07-20 22:00:00+00:00,1795.0,Estadio Alfonso Lastras Ramírez,San Luis Potosí,2019,Apertura - 1,Atletico San Luis,U.N.A.M. - Pumas,False,True,0.0,2.0,0.0,0.0,0.0,2.0,,,,,2019,visitante_gana
169076,C. Ramos,UTC,2019-07-21 00:05:00+00:00,7182.0,Estadio Azteca,D.F.,2019,Apertura - 1,Club America,Monterrey,True,False,4.0,2.0,2.0,2.0,4.0,2.0,,,,,2019,local_gana
169075,R. García,UTC,2019-07-21 02:00:00+00:00,1087.0,Estadio Universitario de Nuevo León,San Nicolás de los Garza,2019,Apertura - 1,Tigres UANL,Monarcas,True,False,4.0,2.0,3.0,0.0,4.0,2.0,,,,,2019,local_gana
169077,J. Pérez,UTC,2019-07-21 02:00:00+00:00,1080.0,Estadio Victoria de Aguascalientes,Aguascalientes,2019,Apertura - 1,Necaxa,Cruz Azul,,,0.0,0.0,0.0,0.0,0.0,0.0,,,,,2019,empate
169078,M. Ortíz,UTC,2019-07-21 17:00:00+00:00,1089.0,Estadio Nemesio Díez,Toluca de Lerdo,2019,Apertura - 1,Toluca,Club Queretaro,False,True,0.0,2.0,0.0,0.0,0.0,2.0,,,,,2019,visitante_gana
169079,J. Rojas,UTC,2019-07-21 23:45:00+00:00,1085.0,Estadio Nuevo Corona,Torreón,2019,Apertura - 1,Santos Laguna,Guadalajara Chivas,True,False,3.0,0.0,1.0,0.0,3.0,0.0,,,,,2019,local_gana
169080,Ó. Mejía,UTC,2019-07-27 00:00:00+00:00,1972.0,Estadio Generalísimo José María Morelos y Pavón,Morelia,2019,Apertura - 2,Monarcas,Atlas,False,True,0.0,1.0,0.0,0.0,0.0,1.0,,,,,2019,visitante_gana
169081,F. Hernández,UTC,2019-07-27 02:00:00+00:00,1090.0,Estadio Luis de la Fuente,Veracruz,2019,Apertura - 2,Veracruz,Pachuca,,,3.0,3.0,2.0,1.0,3.0,3.0,,,,,2019,empate
169082,R. García,UTC,2019-07-28 00:00:00+00:00,,Estadio León,León de los Aldamas,2019,Apertura - 2,Leon,Club America,,,0.0,0.0,0.0,0.0,0.0,0.0,,,,,2019,empate
169084,D. Montaño,UTC,2019-07-28 02:00:00+00:00,7182.0,Estadio Azteca,D.F.,2019,Apertura - 2,Cruz Azul,Toluca,,,1.0,1.0,0.0,0.0,1.0,1.0,,,,,2019,empate
169083,A. Escobedo,UTC,2019-07-28 02:06:00+00:00,1088.0,Estadio Caliente,Tijuana,2019,Apertura - 2,Club Tijuana,Club Queretaro,,,1.0,1.0,1.0,0.0,1.0,1.0,,,,,2019,empate
169085,E. Galván,UTC,2019-07-28 17:00:00+00:00,1083.0,Estadio Olímpico de Universitario,D.F.,2019,Apertura - 2,U.N.A.M. - Pumas,Necaxa,True,False,2.0,0.0,1.0,0.0,2.0,0.0,,,,,2019,local_gana
169086,J. Peñaloza,UTC,2019-07-28 22:00:00+00:00,1795.0,Estadio Alfonso Lastras Ramírez,San Luis Potosí,2019,Apertura - 2,Atletico San Luis,Monterrey,True,False,1.0,0.0,1.0,0.0,1.0,0.0,,,,,2019,local_gana
169087,E. Miranda,UTC,2019-07-28 23:45:00+00:00,1085.0,Estadio Nuevo Corona,Torreón,2019,Apertura - 2,Santos Laguna,FC Juarez,True,False,3.0,0.0,0.0,0.0,3.0,0.0,,,,,2019,local_gana
169088,Ó. Macías,UTC,2019-07-29 00:00:00+00:00,1076.0,Estadio AKRON,Zapopan,2019,Apertura - 2,Guadalajara Chivas,Tigres UANL,True,False,2.0,0.0,1.0,0.0,2.0,0.0,,,,,2019,local_gana
169089,M. Ortíz,UTC,2019-08-03 00:00:00+00:00,1082.0,Estadio Cuauhtémoc,Puebla,2019,Apertura - 3,Puebla,Guadalajara Chivas,,,1.0,1.0,1.0,1.0,1.0,1.0,,,,,2019,empate
169090,A. Escobedo,UTC,2019-08-03 02:00:00+00:00,1071.0,Estadio Jalisco,Guadalajara,2019,Apertura - 3,Atlas,Santos Laguna,False,True,1.0,2.0,0.0,1.0,1.0,2.0,,,,,2019,visitante_gana
169091,Ó. Mejía,UTC,2019-08-03 22:00:00+00:00,1084.0,Estadio La Corregidora,Santiago de Querétaro,2019,Apertura - 3,Club Queretaro,Cruz Azul,True,False,3.0,0.0,1.0,0.0,3.0,0.0,,,,,2019,local_gana
169092,E. Galván,UTC,2019-08-04 00:00:00+00:00,7182.0,Estadio Azteca,D.F.,2019,Apertura - 3,Club America,Club Tijuana,True,False,3.0,1.0,0.0,0.0,3.0,1.0,,,,,2019,local_gana
169093,E. Miranda,UTC,2019-08-04 00:00:00+00:00,1081.0,Estadio Hidalgo,Pachuca de Soto,2019,Apertura - 3,Pachuca,Monarcas,False,True,1.0,2.0,0.0,1.0,1.0,2.0,,,,,2019,visitante_gana
169095,L. Santander,UTC,2019-08-04 02:05:00+00:00,1080.0,Estadio Victoria de Aguascalientes,Aguascalientes,2019,Apertura - 3,Necaxa,Veracruz,True,False,7.0,0.0,1.0,0.0,7.0,0.0,,,,,2019,local_gana
169094,D. Montaño,UTC,2019-08-04 02:06:00+00:00,1079.0,Estadio BBVA Bancomer,Guadalupe,2019,Apertura - 3,Monterrey,Leon,True,False,3.0,2.0,1.0,2.0,3.0,2.0,,,,,2019,local_gana
169096,J. Peñaloza,UTC,2019-08-04 17:00:00+00:00,1083.0,Estadio Olímpico de Universitario,D.F.,2019,Apertura - 3,U.N.A.M. - Pumas,Tigres UANL,False,True,0.0,1.0,0.0,0.0,0.0,1.0,,,,,2019,visitante_gana
169097,F. Hernández,UTC,2019-08-05 00:00:00+00:00,1845.0,Estadio Olímpico Benito Juárez,Ciudad Juárez,2019,Apertura - 3,FC Juarez,Toluca,True,False,2.0,0.0,1.0,0.0,2.0,0.0,,,,,2019,local_gana
169098,L. Santander,UTC,2019-08-10 00:00:00+00:00,1972.0,Estadio Generalísimo José María Morelos y Pavón,Morelia,2019,Apertura - 4,Monarcas,Monterrey,False,True,0.0,1.0,0.0,0.0,0.0,1.0,,,,,2019,visitante_gana
169100,C. Ramos,UTC,2019-08-10 02:00:00+00:00,1090.0,Estadio Luis de la Fuente,Veracruz,2019,Apertura - 4,Veracruz,Atlas,False,True,1.0,2.0,1.0,0.0,1.0,2.0,,,,,2019,visitante_gana
169099,M. Ortíz,UTC,2019-08-10 02:06:00+00:00,1088.0,Estadio Caliente,Tijuana,2019,Apertura - 4,Club Tijuana,U.N.A.M. - Pumas,True,False,1.0,0.0,1.0,0.0,1.0,0.0,,,,,2019,local_gana
169101,J. Pérez,UTC,2019-08-10 22:00:00+00:00,1084.0,Estadio La Corregidora,Santiago de Querétaro,2019,Apertura - 4,Club Queretaro,Pachuca,True,False,2.0,1.0,0.0,1.0,2.0,1.0,,,,,2019,local_gana
169102,E. Galván,UTC,2019-08-10 22:00:00+00:00,7182.0,Estadio Azteca,D.F.,2019,Apertura - 4,Cruz Azul,FC Juarez,True,False,2.0,0.0,0.0,0.0,2.0,0.0,,,,,2019,local_gana
169103,Ó. Mejía,UTC,2019-08-11 00:00:00+00:00,1087.0,Estadio Universitario de Nuevo León,San Nicolás de los Garza,2019,Apertura - 4,Tigres UANL,Necaxa,True,False,3.0,1.0,3.0,1.0,3.0,1.0,,,,,2019,local_gana
169104,F. Hernández,UTC,2019-08-11 02:05:00+00:00,1076.0,Estadio AKRON,Zapopan,2019,Apertura - 4,Guadalajara Chivas,Atletico San Luis,True,False,3.0,0.0,1.0,0.0,3.0,0.0,,,,,2019,local_gana
169105,J. Rojas,UTC,2019-08-11 17:00:00+00:00,1089.0,Estadio Nemesio Díez,Toluca de Lerdo,2019,Apertura - 4,Toluca,Club America,False,True,0.0,1.0,0.0,0.0,0.0,1.0,,,,,2019,visitante_gana
169106,D. Montaño,UTC,2019-08-11 23:45:00+00:00,1085.0,Estadio Nuevo Corona,Torreón,2019,Apertura - 4,Santos Laguna,Puebla,True,False,4.0,1.0,2.0,1.0,4.0,1.0,,,,,2019,local_gana
169107,Ó. Macías,UTC,2019-08-17 00:00:00+00:00,1082.0,Estadio Cuauhtémoc,Puebla,2019,Apertura - 5,Puebla,Pachuca,False,True,0.0,4.0,0.0,2.0,0.0,4.0,,,,,2019,visitante_gana
169108,D. Montaño,UTC,2019-08-17 02:00:00+00:00,1071.0,Estadio Jalisco,Guadalajara,2019,Apertura - 5,Atlas,Cruz Azul,False,True,1.0,3.0,0.0,2.0,1.0,3.0,,,,,2019,visitante_gana
169109,E. Miranda,UTC,2019-08-17 22:00:00+00:00,1795.0,Estadio Alfonso Lastras Ramírez,San Luis Potosí,2019,Apertura - 5,Atletico San Luis,Tigres UANL,,,1.0,1.0,0.0,0.0,1.0,1.0,,,,,2019,empate
169110,J. Rojas,UTC,2019-08-18 00:00:00+00:00,,Estadio León,León de los Aldamas,2019,Apertura - 5,Leon,Guadalajara Chivas,True,False,4.0,3.0,2.0,1.0,4.0,3.0,,,,,2019,local_gana
169111,F. Hernández,UTC,2019-08-18 02:05:00+00:00,7182.0,Estadio Azteca,D.F.,2019,Apertura - 5,Club America,Monarcas,True,False,1.0,0.0,0.0,0.0,1.0,0.0,,,,,2019,local_gana
169112,Ó. Mejía,UTC,2019-08-18 02:06:00+00:00,1079.0,Estadio BBVA Bancomer,Guadalupe,2019,Apertura - 5,Monterrey,Toluca,True,False,2.0,0.0,1.0,0.0,2.0,0.0,,,,,2019,local_gana
169113,R. García,UTC,2019-08-18 17:00:00+00:00,1083.0,Estadio Olímpico de Universitario,D.F.,2019,Apertura - 5,U.N.A.M. - Pumas,Veracruz,True,False,2.0,0.0,0.0,0.0,2.0,0.0,,,,,2019,local_gana
169114,A. Funk,UTC,2019-08-18 22:00:00+00:00,1080.0,Estadio Victoria de Aguascalientes,Aguascalientes,2019,Apertura - 5,Necaxa,Santos Laguna,True,False,3.0,0.0,0.0,0.0,3.0,0.0,,,,,2019,local_gana
169115,L. Santander,UTC,2019-08-19 00:00:00+00:00,1845.0,Estadio Olímpico Benito Juárez,Ciudad Juárez,2019,Apertura - 5,FC Juarez,Club Queretaro,False,True,0.0,2.0,0.0,0.0,0.0,2.0,,,,,2019,visitante_gana
169116,J. Rojas,UTC,2019-08-24 00:00:00+00:00,1090.0,Estadio Luis de la Fuente,Veracruz,2019,Apertura - 6,Veracruz,Atletico San Luis,False,True,1.0,2.0,1.0,1.0,1.0,2.0,,,,,2019,visitante_gana
169117,J. Pérez,UTC,2019-08-24 02:00:00+00:00,1972.0,Estadio Generalísimo José María Morelos y Pavón,Morelia,2019,Apertura - 6,Monarcas,U.N.A.M. - Pumas,True,False,2.0,0.0,1.0,0.0,2.0,0.0,,,,,2019,local_gana
169118,F. Hernández,UTC,2019-08-24 02:00:00+00:00,1085.0,Estadio Nuevo Corona,Torreón,2019,Apertura - 6,Santos Laguna,Monterrey,True,False,2.0,1.0,2.0,0.0,2.0,1.0,,,,,2019,local_gana
169119,A. Escobedo,UTC,2019-08-24 22:00:00+00:00,1084.0,Estadio La Corregidora,Santiago de Querétaro,2019,Apertura - 6,Club Queretaro,Leon,False,True,0.0,4.0,0.0,1.0,0.0,4.0,,,,,2019,visitante_gana
169120,Ó. Mejía,UTC,2019-08-25 00:00:00+00:00,1081.0,Estadio Hidalgo,Pachuca de Soto,2019,Apertura - 6,Pachuca,Atlas,True,False,3.0,1.0,2.0,0.0,3.0,1.0,,,,,2019,local_gana
169121,E. Miranda,UTC,2019-08-25 00:00:00+00:00,7182.0,Estadio Azteca,D.F.,2019,Apertura - 6,Cruz Azul,Puebla,,,1.0,1.0,0.0,0.0,1.0,1.0,,,,,2019,empate
169122,F. Guerrero,UTC,2019-08-25 02:05:00+00:00,1087.0,Estadio Universitario de Nuevo León,San Nicolás de los Garza,2019,Apertura - 6,Tigres UANL,Club America,,,1.0,1.0,1.0,0.0,1.0,1.0,,,,,2019,empate
169123,L. Santander,UTC,2019-08-25 17:00:00+00:00,1089.0,Estadio Nemesio Díez,Toluca de Lerdo,2019,Apertura - 6,Toluca,Club Tijuana,True,False,2.0,0.0,1.0,0.0,2.0,0.0,,,,,2019,local_gana
169124,R. García,UTC,2019-08-25 22:00:00+00:00,1076.0,Estadio AKRON,Zapopan,2019,Apertura - 6,Guadalajara Chivas,Necaxa,False,True,1.0,2.0,0.0,2.0,1.0,2.0,,,,,2019,visitante_gana
169127,F. Hernández,UTC,2019-08-28 00:00:00+00:00,1071.0,Estadio Jalisco,Guadalajara,2019,Apertura - 7,Atlas,Tigres UANL,,,1.0,1.0,0.0,0.0,1.0,1.0,,,,,2019,empate
169125,F. Guerrero,UTC,2019-08-28 00:00:00+00:00,1090.0,Estadio Luis de la Fuente,Veracruz,2019,Apertura - 7,Veracruz,Club Queretaro,False,True,0.0,5.0,0.0,3.0,0.0,5.0,,,,,2019,visitante_gana
169126,M. Ortíz,UTC,2019-08-28 00:00:00+00:00,1795.0,Estadio Alfonso Lastras Ramírez,San Luis Potosí,2019,Apertura - 7,Atletico San Luis,Monarcas,,,1.0,1.0,1.0,0.0,1.0,1.0,,,,,2019,empate
169128,E. Miranda,UTC,2019-08-28 02:00:00+00:00,7182.0,Estadio Azteca,D.F.,2019,Apertura - 7,Club America,Pachuca,,,1.0,1.0,0.0,0.0,1.0,1.0,,,,,2019,empate
169129,L. Santander,UTC,2019-08-29 00:00:00+00:00,,Estadio León,León de los Aldamas,2019,Apertura - 7,Leon,Santos Laguna,,,2.0,2.0,1.0,1.0,2.0,2.0,,,,,2019,empate
169131,C. Ramos,UTC,2019-08-29 02:00:00+00:00,1080.0,Estadio Victoria de Aguascalientes,Aguascalientes,2019,Apertura - 7,Necaxa,Toluca,,,1.0,1.0,1.0,1.0,1.0,1.0,,,,,2019,empate
169130,J. Peñaloza,UTC,2019-08-29 02:06:00+00:00,1088.0,Estadio Caliente,Tijuana,2019,Apertura - 7,Club Tijuana,Cruz Azul,True,False,3.0,2.0,1.0,2.0,3.0,2.0,,,,,2019,local_gana
169132,Ó. Mejía,UTC,2019-08-30 00:00:00+00:00,1082.0,Estadio Cuauhtémoc,Puebla,2019,Apertura - 7,Puebla,FC Juarez,True,False,2.0,1.0,0.0,1.0,2.0,1.0,,,,,2019,local_gana
169133,D. Montaño,UTC,2019-08-30 02:00:00+00:00,1079.0,Estadio BBVA Bancomer,Guadalupe,2019,Apertura - 7,Monterrey,U.N.A.M. - Pumas,True,False,2.0,0.0,1.0,0.0,2.0,0.0,,,,,2019,local_gana
169134,E. Miranda,UTC,2019-08-31 00:00:00+00:00,1972.0,Estadio Generalísimo José María Morelos y Pavón,Morelia,2019,Apertura - 8,Monarcas,Veracruz,True,False,1.0,0.0,0.0,0.0,1.0,0.0,,,,,2019,local_gana
169135,R. García,UTC,2019-08-31 02:10:00+00:00,1071.0,Estadio Jalisco,Guadalajara,2019,Apertura - 8,Atlas,Club America,True,False,3.0,0.0,1.0,0.0,3.0,0.0,,,,,2019,local_gana
169136,J. Pérez,UTC,2019-08-31 22:00:00+00:00,1080.0,Estadio Victoria de Aguascalientes,Aguascalientes,2019,Apertura - 8,Necaxa,Club Tijuana,True,False,3.0,2.0,1.0,2.0,3.0,2.0,,,,,2019,local_gana
169137,C. Ramos,UTC,2019-09-01 00:00:00+00:00,1087.0,Estadio Universitario de Nuevo León,San Nicolás de los Garza,2019,Apertura - 8,Tigres UANL,Leon,,,1.0,1.0,0.0,1.0,1.0,1.0,,,,,2019,empate
169138,L. Santander,UTC,2019-09-01 00:00:00+00:00,1081.0,Estadio Hidalgo,Pachuca de Soto,2019,Apertura - 8,Pachuca,Atletico San Luis,False,True,0.0,2.0,0.0,0.0,0.0,2.0,,,,,2019,visitante_gana
169139,F. Guerrero,UTC,2019-09-01 02:05:00+00:00,7182.0,Estadio Azteca,D.F.,2019,Apertura - 8,Cruz Azul,Guadalajara Chivas,,,1.0,1.0,1.0,1.0,1.0,1.0,,,,,2019,empate
169140,F. Hernández,UTC,2019-09-01 17:00:00+00:00,1083.0,Estadio Olímpico de Universitario,D.F.,2019,Apertura - 8,U.N.A.M. - Pumas,Toluca,True,False,2.0,1.0,0.0,0.0,2.0,1.0,,,,,2019,local_gana
169141,M. Ortíz,UTC,2019-09-01 22:00:00+00:00,1084.0,Estadio La Corregidora,Santiago de Querétaro,2019,Apertura - 8,Club Queretaro,Puebla,,,1.0,1.0,1.0,0.0,1.0,1.0,,,,,2019,empate
169142,J. Peñaloza,UTC,2019-09-02 00:00:00+00:00,1845.0,Estadio Olímpico Benito Juárez,Ciudad Juárez,2019,Apertura - 8,FC Juarez,Monterrey,True,False,1.0,0.0,1.0,0.0,1.0,0.0,,,,,2019,local_gana
169143,J. Peñaloza,UTC,2019-09-14 00:00:00+00:00,1082.0,Estadio Cuauhtémoc,Puebla,2019,Apertura - 9,Puebla,Atletico San Luis,False,True,1.0,3.0,1.0,2.0,1.0,3.0,,,,,2019,visitante_gana
169145,R. García,UTC,2019-09-14 02:00:00+00:00,1090.0,Estadio Luis de la Fuente,Veracruz,2019,Apertura - 9,Veracruz,Cruz Azul,,,0.0,0.0,0.0,0.0,0.0,0.0,,,,,2019,empate
169144,D. Montaño,UTC,2019-09-14 02:06:00+00:00,1088.0,Estadio Caliente,Tijuana,2019,Apertura - 9,Club Tijuana,Tigres UANL,,,1.0,1.0,0.0,1.0,1.0,1.0,,,,,2019,empate
169146,L. Santander,UTC,2019-09-14 22:00:00+00:00,1079.0,Estadio BBVA Bancomer,Guadalupe,2019,Apertura - 9,Monterrey,Necaxa,False,True,0.0,2.0,0.0,1.0,0.0,2.0,,,,,2019,visitante_gana
169148,C. Ramos,UTC,2019-09-15 00:00:00+00:00,1076.0,Estadio AKRON,Zapopan,2019,Apertura - 9,Guadalajara Chivas,Atlas,True,False,1.0,0.0,0.0,0.0,1.0,0.0,,,,,2019,local_gana
169147,F. Hernández,UTC,2019-09-15 00:00:00+00:00,,Estadio León,León de los Aldamas,2019,Apertura - 9,Leon,FC Juarez,True,False,3.0,1.0,0.0,1.0,3.0,1.0,,,,,2019,local_gana
169151,M. Ortíz,UTC,2019-09-15 02:06:00+00:00,7182.0,Estadio Azteca,D.F.,2019,Apertura - 9,Club America,U.N.A.M. - Pumas,,,1.0,1.0,0.0,0.0,1.0,1.0,,,,,2019,empate
169149,F. Guerrero,UTC,2019-09-15 17:00:00+00:00,1089.0,Estadio Nemesio Díez,Toluca de Lerdo,2019,Apertura - 9,Toluca,Monarcas,False,True,0.0,2.0,0.0,0.0,0.0,2.0,,,,,2019,visitante_gana
169150,Ó. Mejía,UTC,2019-09-15 23:45:00+00:00,1085.0,Estadio Nuevo Corona,Torreón,2019,Apertura - 9,Santos Laguna,Pachuca,,,2.0,2.0,1.0,2.0,2.0,2.0,,,,,2019,empate
169153,J. Rojas,UTC,2019-09-21 02:00:00+00:00,1071.0,Estadio Jalisco,Guadalajara,2019,Apertura - 10,Atlas,Toluca,False,True,0.0,1.0,0.0,1.0,0.0,1.0,,,,,2019,visitante_gana
169152,Ó. Mejía,UTC,2019-09-21 02:00:00+00:00,1972.0,Estadio Generalísimo José María Morelos y Pavón,Morelia,2019,Apertura - 10,Monarcas,Guadalajara Chivas,True,False,1.0,0.0,1.0,0.0,1.0,0.0,,,,,2019,local_gana
169156,F. Hernández,UTC,2019-09-21 22:00:00+00:00,1079.0,Estadio BBVA Bancomer,Guadalupe,2019,Apertura - 10,Monterrey,Puebla,True,False,3.0,2.0,2.0,0.0,3.0,2.0,,,,,2019,local_gana
169155,J. Peñaloza,UTC,2019-09-21 22:00:00+00:00,1080.0,Estadio Victoria de Aguascalientes,Aguascalientes,2019,Apertura - 10,Necaxa,Leon,False,True,2.0,4.0,0.0,1.0,2.0,4.0,,,,,2019,visitante_gana
169154,R. García,UTC,2019-09-21 22:00:00+00:00,1795.0,Estadio Alfonso Lastras Ramírez,San Luis Potosí,2019,Apertura - 10,Atletico San Luis,Santos Laguna,False,True,2.0,3.0,2.0,2.0,2.0,3.0,,,,,2019,visitante_gana
169157,F. Guerrero,UTC,2019-09-22 00:00:00+00:00,1081.0,Estadio Hidalgo,Pachuca de Soto,2019,Apertura - 10,Pachuca,Club Tijuana,True,False,4.0,1.0,3.0,0.0,4.0,1.0,,,,,2019,local_gana
169158,L. Santander,UTC,2019-09-22 02:05:00+00:00,7182.0,Estadio Azteca,D.F.,2019,Apertura - 10,Club America,Club Queretaro,,,2.0,2.0,1.0,1.0,2.0,2.0,,,,,2019,empate
169159,C. Ramos,UTC,2019-09-22 17:00:00+00:00,1083.0,Estadio Olímpico de Universitario,D.F.,2019,Apertura - 10,U.N.A.M. - Pumas,Cruz Azul,,,1.0,1.0,0.0,0.0,1.0,1.0,,,,,2019,empate
169160,M. Ortíz,UTC,2019-09-23 00:00:00+00:00,1845.0,Estadio Olímpico Benito Juárez,Ciudad Juárez,2019,Apertura - 10,FC Juarez,Veracruz,True,False,2.0,0.0,2.0,0.0,2.0,0.0,,,,,2019,local_gana
169162,F. Guerrero,UTC,2019-09-25 00:00:00+00:00,1087.0,Estadio Universitario de Nuevo León,San Nicolás de los Garza,2019,Apertura - 11,Tigres UANL,Puebla,False,True,0.0,1.0,0.0,0.0,0.0,1.0,,,,,2019,visitante_gana
169161,F. Hernández,UTC,2019-09-25 00:00:00+00:00,1084.0,Estadio La Corregidora,Santiago de Querétaro,2019,Apertura - 11,Club Queretaro,Necaxa,False,True,1.0,2.0,0.0,0.0,1.0,2.0,,,,,2019,visitante_gana
169163,J. Peñaloza,UTC,2019-09-25 02:00:00+00:00,1076.0,Estadio AKRON,Zapopan,2019,Apertura - 11,Guadalajara Chivas,Pachuca,False,True,2.0,4.0,1.0,1.0,2.0,4.0,,,,,2019,visitante_gana
169164,L. Santander,UTC,2019-09-25 02:00:00+00:00,,Estadio León,León de los Aldamas,2019,Apertura - 11,Leon,Atlas,,,1.0,1.0,0.0,1.0,1.0,1.0,,,,,2019,empate
169166,D. Montaño,UTC,2019-09-26 00:00:00+00:00,1085.0,Estadio Nuevo Corona,Torreón,2019,Apertura - 11,Santos Laguna,Veracruz,True,False,5.0,0.0,1.0,0.0,5.0,0.0,,,,,2019,local_gana
169165,Ó. Mejía,UTC,2019-09-26 00:00:00+00:00,1845.0,Estadio Olímpico Benito Juárez,Ciudad Juárez,2019,Apertura - 11,FC Juarez,Club America,,,1.0,1.0,1.0,0.0,1.0,1.0,,,,,2019,empate
169168,J. Rojas,UTC,2019-09-26 02:05:00+00:00,7182.0,Estadio Azteca,D.F.,2019,Apertura - 11,Cruz Azul,Monterrey,,,1.0,1.0,0.0,0.0,1.0,1.0,,,,,2019,empate
169167,R. García,UTC,2019-09-26 02:06:00+00:00,1088.0,Estadio Caliente,Tijuana,2019,Apertura - 11,Club Tijuana,Monarcas,True,False,3.0,2.0,2.0,1.0,3.0,2.0,,,,,2019,local_gana
169169,C. Ramos,UTC,2019-09-27 01:00:00+00:00,1089.0,Estadio Nemesio Díez,Toluca de Lerdo,2019,Apertura - 11,Toluca,Atletico San Luis,True,False,3.0,1.0,1.0,0.0,3.0,1.0,,,,,2019,local_gana
169170,J. Pérez,UTC,2019-09-28 00:00:00+00:00,1082.0,Estadio Cuauhtémoc,Puebla,2019,Apertura - 12,Puebla,Leon,True,False,2.0,1.0,1.0,0.0,2.0,1.0,,,,,2019,local_gana
169171,J. Peñaloza,UTC,2019-09-28 02:00:00+00:00,1071.0,Estadio Jalisco,Guadalajara,2019,Apertura - 12,Atlas,Club Queretaro,True,False,2.0,0.0,1.0,0.0,2.0,0.0,,,,,2019,local_gana
169172,A. Escobedo,UTC,2019-09-28 22:00:00+00:00,1081.0,Estadio Hidalgo,Pachuca de Soto,2019,Apertura - 12,Pachuca,Cruz Azul,True,False,2.0,0.0,1.0,0.0,2.0,0.0,,,,,2019,local_gana
169174,J. Rojas,UTC,2019-09-29 00:00:00+00:00,1080.0,Estadio Victoria de Aguascalientes,Aguascalientes,2019,Apertura - 12,Necaxa,FC Juarez,,,0.0,0.0,0.0,0.0,0.0,0.0,,,,,2019,empate
169173,C. Ramos,UTC,2019-09-29 00:06:00+00:00,1079.0,Estadio BBVA Bancomer,Guadalupe,2019,Apertura - 12,Monterrey,Tigres UANL,False,True,0.0,2.0,0.0,0.0,0.0,2.0,,,,,2019,visitante_gana
169175,F. Guerrero,UTC,2019-09-29 02:05:00+00:00,7182.0,Estadio Azteca,D.F.,2019,Apertura - 12,Club America,Guadalajara Chivas,True,False,4.0,1.0,2.0,0.0,4.0,1.0,,,,,2019,local_gana
169176,F. Hernández,UTC,2019-09-29 17:00:00+00:00,1083.0,Estadio Olímpico de Universitario,D.F.,2019,Apertura - 12,U.N.A.M. - Pumas,Santos Laguna,True,False,2.0,0.0,0.0,0.0,2.0,0.0,,,,,2019,local_gana
169177,E. Galván,UTC,2019-09-29 22:00:00+00:00,1795.0,Estadio Alfonso Lastras Ramírez,San Luis Potosí,2019,Apertura - 12,Atletico San Luis,Club Tijuana,False,True,2.0,3.0,0.0,0.0,2.0,3.0,,,,,2019,visitante_gana
169178,L. Santander,UTC,2019-09-30 00:00:00+00:00,1090.0,Estadio Luis de la Fuente,Veracruz,2019,Apertura - 12,Veracruz,Toluca,,,1.0,1.0,0.0,0.0,1.0,1.0,,,,,2019,empate
169180,C. Ramos,UTC,2019-10-05 02:00:00+00:00,1972.0,Estadio Generalísimo José María Morelos y Pavón,Morelia,2019,Apertura - 13,Monarcas,Necaxa,False,True,2.0,3.0,2.0,0.0,2.0,3.0,,,,,2019,visitante_gana
169181,Ó. Mejía,UTC,2019-10-05 22:00:00+00:00,,Estadio León,León de los Aldamas,2019,Apertura - 13,Leon,Veracruz,,,1.0,1.0,0.0,0.0,1.0,1.0,,,,,2019,empate
169183,J. Pérez,UTC,2019-10-06 00:00:00+00:00,1087.0,Estadio Universitario de Nuevo León,San Nicolás de los Garza,2019,Apertura - 13,Tigres UANL,Santos Laguna,True,False,4.0,0.0,2.0,0.0,4.0,0.0,,,,,2019,local_gana
169182,M. Ortíz,UTC,2019-10-06 00:00:00+00:00,7182.0,Estadio Azteca,D.F.,2019,Apertura - 13,Cruz Azul,Club America,True,False,5.0,2.0,1.0,2.0,5.0,2.0,,,,,2019,local_gana
169184,J. Rojas,UTC,2019-10-06 02:05:00+00:00,1076.0,Estadio AKRON,Zapopan,2019,Apertura - 13,Guadalajara Chivas,U.N.A.M. - Pumas,,,1.0,1.0,1.0,0.0,1.0,1.0,,,,,2019,empate
169179,D. Montaño,UTC,2019-10-06 02:06:00+00:00,1088.0,Estadio Caliente,Tijuana,2019,Apertura - 13,Club Tijuana,Atlas,,,2.0,2.0,1.0,1.0,2.0,2.0,,,,,2019,empate
169185,A. Escobedo,UTC,2019-10-06 17:00:00+00:00,1089.0,Estadio Nemesio Díez,Toluca de Lerdo,2019,Apertura - 13,Toluca,Puebla,,,1.0,1.0,0.0,0.0,1.0,1.0,,,,,2019,empate
169186,F. Guerrero,UTC,2019-10-06 23:00:00+00:00,1845.0,Estadio Olímpico Benito Juárez,Ciudad Juárez,2019,Apertura - 13,FC Juarez,Atletico San Luis,False,True,1.0,2.0,1.0,1.0,1.0,2.0,,,,,2019,visitante_gana
169187,R. García,UTC,2019-10-07 01:00:00+00:00,1084.0,Estadio La Corregidora,Santiago de Querétaro,2019,Apertura - 13,Club Queretaro,Monterrey,True,False,2.0,1.0,2.0,1.0,2.0,1.0,,,,,2019,local_gana
169188,C. Ramos,UTC,2019-10-19 00:00:00+00:00,1082.0,Estadio Cuauhtémoc,Puebla,2019,Apertura - 14,Puebla,Atlas,False,True,0.0,1.0,0.0,0.0,0.0,1.0,,,,,2019,visitante_gana
169189,F. Hernández,UTC,2019-10-19 02:00:00+00:00,1090.0,Estadio Luis de la Fuente,Veracruz,2019,Apertura - 14,Veracruz,Tigres UANL,False,True,1.0,3.0,0.0,3.0,1.0,3.0,,,,,2019,visitante_gana
169190,F. Guerrero,UTC,2019-10-19 02:06:00+00:00,1085.0,Estadio Nuevo Corona,Torreón,2019,Apertura - 14,Santos Laguna,Club Tijuana,True,False,4.0,1.0,3.0,0.0,4.0,1.0,,,,,2019,local_gana
169191,J. Peñaloza,UTC,2019-10-19 22:00:00+00:00,7182.0,Estadio Azteca,D.F.,2019,Apertura - 14,Cruz Azul,Monarcas,False,True,2.0,3.0,1.0,1.0,2.0,3.0,,,,,2019,visitante_gana
169192,L. Santander,UTC,2019-10-20 00:00:00+00:00,1081.0,Estadio Hidalgo,Pachuca de Soto,2019,Apertura - 14,Pachuca,FC Juarez,False,True,0.0,1.0,0.0,0.0,0.0,1.0,,,,,2019,visitante_gana
169193,E. Galván,UTC,2019-10-20 02:00:00+00:00,1080.0,Estadio Victoria de Aguascalientes,Aguascalientes,2019,Apertura - 14,Necaxa,Club America,,,2.0,2.0,0.0,0.0,2.0,2.0,,,,,2019,empate
169194,R. García,UTC,2019-10-20 17:00:00+00:00,1083.0,Estadio Olímpico de Universitario,D.F.,2019,Apertura - 14,U.N.A.M. - Pumas,Leon,False,True,1.0,2.0,1.0,1.0,1.0,2.0,,,,,2019,visitante_gana
169195,Ó. Mejía,UTC,2019-10-20 22:00:00+00:00,1795.0,Estadio Alfonso Lastras Ramírez,San Luis Potosí,2019,Apertura - 14,Atletico San Luis,Club Queretaro,False,True,0.0,2.0,0.0,2.0,0.0,2.0,,,,,2019,visitante_gana
169196,Ó. Macías,UTC,2019-10-21 00:00:00+00:00,1079.0,Estadio BBVA Bancomer,Guadalupe,2019,Apertura - 14,Monterrey,Guadalajara Chivas,,,1.0,1.0,1.0,1.0,1.0,1.0,,,,,2019,empate
169197,E. Galván,UTC,2019-10-26 00:00:00+00:00,1972.0,Estadio Generalísimo José María Morelos y Pavón,Morelia,2019,Apertura - 15,Monarcas,Santos Laguna,,,2.0,2.0,2.0,1.0,2.0,2.0,,,,,2019,empate
169199,F. Guerrero,UTC,2019-10-26 02:00:00+00:00,1071.0,Estadio Jalisco,Guadalajara,2019,Apertura - 15,Atlas,Necaxa,False,True,0.0,2.0,0.0,0.0,0.0,2.0,,,,,2019,visitante_gana
169198,J. Peñaloza,UTC,2019-10-26 02:06:00+00:00,1088.0,Estadio Caliente,Tijuana,2019,Apertura - 15,Club Tijuana,Veracruz,True,False,2.0,0.0,0.0,0.0,2.0,0.0,,,,,2019,local_gana
169200,Ó. Macías,UTC,2019-10-26 22:00:00+00:00,1084.0,Estadio La Corregidora,Santiago de Querétaro,2019,Apertura - 15,Club Queretaro,U.N.A.M. - Pumas,True,False,3.0,0.0,2.0,0.0,3.0,0.0,,,,,2019,local_gana
169201,F. Hernández,UTC,2019-10-27 00:00:00+00:00,7182.0,Estadio Azteca,D.F.,2019,Apertura - 15,Club America,Puebla,True,False,2.0,0.0,0.0,0.0,2.0,0.0,,,,,2019,local_gana
169202,J. Rojas,UTC,2019-10-27 00:00:00+00:00,,Estadio León,León de los Aldamas,2019,Apertura - 15,Leon,Atletico San Luis,True,False,3.0,2.0,1.0,2.0,3.0,2.0,,,,,2019,local_gana
169203,Ó. Mejía,UTC,2019-10-27 01:05:00+00:00,1087.0,Estadio Universitario de Nuevo León,San Nicolás de los Garza,2019,Apertura - 15,Tigres UANL,Cruz Azul,,,1.0,1.0,0.0,1.0,1.0,1.0,,,,,2019,empate
169204,R. García,UTC,2019-10-27 17:00:00+00:00,1089.0,Estadio Nemesio Díez,Toluca de Lerdo,2019,Apertura - 15,Toluca,Pachuca,True,False,2.0,0.0,0.0,0.0,2.0,0.0,,,,,2019,local_gana
169205,C. Ramos,UTC,2019-10-28 01:00:00+00:00,1845.0,Estadio Olímpico Benito Juárez,Ciudad Juárez,2019,Apertura - 15,FC Juarez,Guadalajara Chivas,False,True,1.0,2.0,1.0,0.0,1.0,2.0,,,,,2019,visitante_gana
169206,J. Rojas,UTC,2019-10-30 01:00:00+00:00,1085.0,Estadio Nuevo Corona,Torreón,2019,Apertura - 16,Santos Laguna,Club Queretaro,True,False,1.0,0.0,1.0,0.0,1.0,0.0,,,,,2019,local_gana
169207,D. Montaño,UTC,2019-10-30 01:00:00+00:00,1090.0,Estadio Luis de la Fuente,Veracruz,2019,Apertura - 16,Veracruz,Puebla,True,False,1.0,0.0,0.0,0.0,1.0,0.0,,,,,2019,local_gana
169208,E. Miranda,UTC,2019-10-30 01:00:00+00:00,1795.0,Estadio Alfonso Lastras Ramírez,San Luis Potosí,2019,Apertura - 16,Atletico San Luis,Club America,False,True,0.0,1.0,0.0,0.0,0.0,1.0,,,,,2019,visitante_gana
169209,L. Santander,UTC,2019-10-30 03:00:00+00:00,1083.0,Estadio Olímpico de Universitario,D.F.,2019,Apertura - 16,U.N.A.M. - Pumas,Atlas,True,False,5.0,1.0,1.0,1.0,5.0,1.0,,,,,2019,local_gana
169210,M. Ortíz,UTC,2019-10-31 01:00:00+00:00,1081.0,Estadio Hidalgo,Pachuca de Soto,2019,Apertura - 16,Pachuca,Monterrey,False,True,2.0,3.0,1.0,2.0,2.0,3.0,,,,,2019,visitante_gana
169211,Ó. Mejía,UTC,2019-10-31 03:00:00+00:00,1076.0,Estadio AKRON,Zapopan,2019,Apertura - 16,Guadalajara Chivas,Club Tijuana,False,True,0.0,1.0,0.0,1.0,0.0,1.0,,,,,2019,visitante_gana
169212,E. Galván,UTC,2019-10-31 03:00:00+00:00,1087.0,Estadio Universitario de Nuevo León,San Nicolás de los Garza,2019,Apertura - 16,Tigres UANL,Toluca,True,False,1.0,0.0,0.0,0.0,1.0,0.0,,,,,2019,local_gana
169213,R. García,UTC,2019-11-01 01:00:00+00:00,1972.0,Estadio Generalísimo José María Morelos y Pavón,Morelia,2019,Apertura - 16,Monarcas,FC Juarez,True,False,6.0,1.0,2.0,0.0,6.0,1.0,,,,,2019,local_gana
169214,C. Ramos,UTC,2019-11-01 03:00:00+00:00,7182.0,Estadio Azteca,D.F.,2019,Apertura - 16,Cruz Azul,Leon,True,False,1.0,0.0,0.0,0.0,1.0,0.0,,,,,2019,local_gana
169215,J. Rojas,UTC,2019-11-02 01:00:00+00:00,1082.0,Estadio Cuauhtémoc,Puebla,2019,Apertura - 17,Puebla,U.N.A.M. - Pumas,,,1.0,1.0,0.0,0.0,1.0,1.0,,,,,2019,empate
169216,J. Peñaloza,UTC,2019-11-02 03:00:00+00:00,1071.0,Estadio Jalisco,Guadalajara,2019,Apertura - 17,Atlas,Atletico San Luis,False,True,1.0,2.0,1.0,0.0,1.0,2.0,,,,,2019,visitante_gana
169217,R. García,UTC,2019-11-02 23:00:00+00:00,1084.0,Estadio La Corregidora,Santiago de Querétaro,2019,Apertura - 17,Club Queretaro,Tigres UANL,,,0.0,0.0,0.0,0.0,0.0,0.0,,,,,2019,empate
169218,C. Ramos,UTC,2019-11-03 01:00:00+00:00,7182.0,Estadio Azteca,D.F.,2019,Apertura - 17,Club America,Santos Laguna,False,True,1.0,2.0,1.0,0.0,1.0,2.0,,,,,2019,visitante_gana
169219,L. Santander,UTC,2019-11-03 01:06:00+00:00,1079.0,Estadio BBVA Bancomer,Guadalupe,2019,Apertura - 17,Monterrey,Veracruz,,,1.0,1.0,0.0,0.0,1.0,1.0,,,,,2019,empate
169220,D. Montaño,UTC,2019-11-03 03:05:00+00:00,1080.0,Estadio Victoria de Aguascalientes,Aguascalientes,2019,Apertura - 17,Necaxa,Pachuca,False,True,1.0,2.0,0.0,1.0,1.0,2.0,,,,,2019,visitante_gana
169221,F. Guerrero,UTC,2019-11-03 18:00:00+00:00,1089.0,Estadio Nemesio Díez,Toluca de Lerdo,2019,Apertura - 17,Toluca,Guadalajara Chivas,False,True,1.0,3.0,1.0,2.0,1.0,3.0,,,,,2019,visitante_gana
169222,M. Ortíz,UTC,2019-11-04 01:00:00+00:00,1845.0,Estadio Olímpico Benito Juárez,Ciudad Juárez,2019,Apertura - 17,FC Juarez,Club Tijuana,True,False,3.0,0.0,1.0,0.0,3.0,0.0,,,,,2019,local_gana
169223,F. Hernández,UTC,2019-11-04 02:00:00+00:00,,Estadio León,León de los Aldamas,2019,Apertura - 17,Leon,Monarcas,,,1.0,1.0,1.0,1.0,1.0,1.0,,,,,2019,empate
169224,J. Peñaloza,UTC,2019-11-09 01:00:00+00:00,1972.0,Estadio Generalísimo José María Morelos y Pavón,Morelia,2019,Apertura - 18,Monarcas,Puebla,True,False,3.0,2.0,1.0,1.0,3.0,2.0,,,,,2019,local_gana
169226,F. Guerrero,UTC,2019-11-09 03:00:00+00:00,1090.0,Estadio Luis de la Fuente,Veracruz,2019,Apertura - 18,Veracruz,Club America,False,True,0.0,5.0,0.0,3.0,0.0,5.0,,,,,2019,visitante_gana
169225,J. Rojas,UTC,2019-11-09 03:10:00+00:00,1088.0,Estadio Caliente,Tijuana,2019,Apertura - 18,Club Tijuana,Monterrey,False,True,0.0,4.0,0.0,1.0,0.0,4.0,,,,,2019,visitante_gana
169227,L. Santander,UTC,2019-11-09 23:00:00+00:00,1795.0,Estadio Alfonso Lastras Ramírez,San Luis Potosí,2019,Apertura - 18,Atletico San Luis,Necaxa,False,True,0.0,2.0,0.0,1.0,0.0,2.0,,,,,2019,visitante_gana
169228,C. Ramos,UTC,2019-11-10 01:00:00+00:00,1087.0,Estadio Universitario de Nuevo León,San Nicolás de los Garza,2019,Apertura - 18,Tigres UANL,Pachuca,,,0.0,0.0,0.0,0.0,0.0,0.0,,,,,2019,empate
169229,F. Hernández,UTC,2019-11-10 03:00:00+00:00,1076.0,Estadio AKRON,Zapopan,2019,Apertura - 18,Guadalajara Chivas,Club Queretaro,True,False,3.0,2.0,3.0,0.0,3.0,2.0,,,,,2019,local_gana
169230,M. Ortíz,UTC,2019-11-10 03:00:00+00:00,,Estadio León,León de los Aldamas,2019,Apertura - 18,Leon,Toluca,True,False,4.0,0.0,1.0,0.0,4.0,0.0,,,,,2019,local_gana
169231,D. Montaño,UTC,2019-11-10 18:00:00+00:00,1083.0,Estadio Olímpico de Universitario,D.F.,2019,Apertura - 18,U.N.A.M. - Pumas,FC Juarez,,,1.0,1.0,1.0,0.0,1.0,1.0,,,,,2019,empate
169232,R. García,UTC,2019-11-11 00:45:00+00:00,1085.0,Estadio Nuevo Corona,Torreón,2019,Apertura - 18,Santos Laguna,Cruz Azul,True,False,3.0,1.0,2.0,0.0,3.0,1.0,,,,,2019,local_gana
169233,C. Ramos,UTC,2019-11-23 01:00:00+00:00,1082.0,Estadio Cuauhtémoc,Puebla,2019,Apertura - 19,Puebla,Necaxa,True,False,3.0,0.0,3.0,0.0,3.0,0.0,,,,,2019,local_gana
169234,R. García,UTC,2019-11-23 03:10:00+00:00,1088.0,Estadio Caliente,Tijuana,2019,Apertura - 19,Club Tijuana,Leon,False,True,1.0,2.0,0.0,1.0,1.0,2.0,,,,,2019,visitante_gana
169235,L. Santander,UTC,2019-11-23 23:00:00+00:00,1084.0,Estadio La Corregidora,Santiago de Querétaro,2019,Apertura - 19,Club Queretaro,Monarcas,True,False,3.0,1.0,0.0,0.0,3.0,1.0,,,,,2019,local_gana
169237,D. Montaño,UTC,2019-11-24 01:00:00+00:00,1079.0,Estadio BBVA Bancomer,Guadalupe,2019,Apertura - 19,Monterrey,Atlas,True,False,2.0,0.0,2.0,0.0,2.0,0.0,,,,,2019,local_gana
169236,J. Rojas,UTC,2019-11-24 01:00:00+00:00,7182.0,Estadio Azteca,D.F.,2019,Apertura - 19,Cruz Azul,Atletico San Luis,True,False,3.0,1.0,1.0,1.0,3.0,1.0,,,,,2019,local_gana
169239,M. Ortíz,UTC,2019-11-24 03:00:00+00:00,1076.0,Estadio AKRON,Zapopan,2019,Apertura - 19,Guadalajara Chivas,Veracruz,True,False,3.0,1.0,0.0,1.0,3.0,1.0,,,,,2019,local_gana
169238,F. Guerrero,UTC,2019-11-24 03:00:00+00:00,1081.0,Estadio Hidalgo,Pachuca de Soto,2019,Apertura - 19,Pachuca,U.N.A.M. - Pumas,True,False,2.0,0.0,1.0,0.0,2.0,0.0,,,,,2019,local_gana
169240,F. Hernández,UTC,2019-11-24 18:00:00+00:00,1089.0,Estadio Nemesio Díez,Toluca de Lerdo,2019,Apertura - 19,Toluca,Santos Laguna,,,2.0,2.0,2.0,2.0,2.0,2.0,,,,,2019,empate
169241,J. Peñaloza,UTC,2019-11-25 01:00:00+00:00,1845.0,Estadio Olímpico Benito Juárez,Ciudad Juárez,2019,Apertura - 19,FC Juarez,Tigres UANL,False,True,1.0,2.0,0.0,1.0,1.0,2.0,,,,,2019,visitante_gana
291434,J. Peñaloza,UTC,2019-11-28 01:00:00+00:00,1972.0,Estadio Generalísimo José María Morelos y Pavón,Morelia,2019,Apertura - Quarter-finals,Monarcas,Leon,,,3.0,3.0,2.0,2.0,3.0,3.0,,,,,2019,empate
291436,D. Montaño,UTC,2019-11-28 03:00:00+00:00,1080.0,Estadio Victoria de Aguascalientes,Aguascalientes,2019,Apertura - Quarter-finals,Necaxa,Club Queretaro,True,False,3.0,0.0,0.0,0.0,3.0,0.0,,,,,2019,local_gana
291438,J. Rojas,UTC,2019-11-29 01:06:00+00:00,1079.0,Estadio BBVA Bancomer,Guadalupe,2019,Apertura - Quarter-finals,Monterrey,Santos Laguna,True,False,5.0,2.0,2.0,2.0,5.0,2.0,,,,,2019,local_gana
291440,F. Guerrero,UTC,2019-11-29 03:05:00+00:00,7182.0,Estadio Azteca,D.F.,2019,Apertura - Quarter-finals,Club America,Tigres UANL,False,True,1.0,2.0,1.0,0.0,1.0,2.0,,,,,2019,visitante_gana
291435,M. Ortíz,UTC,2019-12-01 01:00:00+00:00,,Estadio León,León de los Aldamas,2019,Apertura - Quarter-finals,Leon,Monarcas,False,True,1.0,2.0,0.0,0.0,1.0,2.0,,,,,2019,visitante_gana
291437,F. Hernández,UTC,2019-12-01 03:05:00+00:00,1084.0,Estadio La Corregidora,Santiago de Querétaro,2019,Apertura - Quarter-finals,Club Queretaro,Necaxa,False,True,2.0,3.0,2.0,0.0,2.0,3.0,,,,,2019,visitante_gana
291439,L. Santander,UTC,2019-12-02 01:00:00+00:00,1085.0,Estadio Nuevo Corona,Torreón,2019,Apertura - Quarter-finals,Santos Laguna,Monterrey,,,1.0,1.0,1.0,0.0,1.0,1.0,,,,,2019,empate
291441,C. Ramos,UTC,2019-12-02 03:00:00+00:00,1087.0,Estadio Universitario de Nuevo León,San Nicolás de los Garza,2019,Apertura - Quarter-finals,Tigres UANL,Club America,False,True,2.0,4.0,0.0,3.0,2.0,4.0,,,,,2019,visitante_gana
291775,F. Hernández,UTC,2019-12-05 03:06:00+00:00,1079.0,Estadio BBVA Bancomer,Guadalupe,2019,Apertura - Semi-finals,Monterrey,Necaxa,True,False,2.0,1.0,1.0,0.0,2.0,1.0,,,,,2019,local_gana
291777,J. Rojas,UTC,2019-12-06 02:30:00+00:00,1972.0,Estadio Generalísimo José María Morelos y Pavón,Morelia,2019,Apertura - Semi-finals,Monarcas,Club America,True,False,2.0,0.0,1.0,0.0,2.0,0.0,,,,,2019,local_gana
291776,C. Ramos,UTC,2019-12-08 02:30:00+00:00,1080.0,Estadio Victoria de Aguascalientes,Aguascalientes,2019,Apertura - Semi-finals,Necaxa,Monterrey,False,True,0.0,1.0,0.0,0.0,0.0,1.0,,,,,2019,visitante_gana
291778,L. Santander,UTC,2019-12-09 00:30:00+00:00,7182.0,Estadio Azteca,D.F.,2019,Apertura - Semi-finals,Club America,Monarcas,True,False,2.0,0.0,2.0,0.0,2.0,0.0,,,,,2019,local_gana
292002,L. Santander,UTC,2019-12-27 02:36:00+00:00,1079.0,Estadio BBVA Bancomer,Guadalupe,2019,Apertura - Finals,Monterrey,Club America,True,False,2.0,1.0,1.0,1.0,2.0,1.0,,,,,2019,local_gana
292003,C. Ramos,UTC,2019-12-30 02:15:00+00:00,7182.0,Estadio Azteca,D.F.,2019,Apertura - Finals,Club America,Monterrey,False,True,4.0,2.0,2.0,0.0,2.0,1.0,2.0,1.0,2.0,4.0,2019,local_gana
293419,J. Rojas,UTC,2020-01-11 03:00:00+00:00,1972.0,Estadio Generalísimo José María Morelos y Pavón,Morelia,2019,Clausura - 1,Monarcas,Toluca,False,True,0.0,1.0,0.0,1.0,0.0,1.0,,,,,2020,visitante_gana
293418,Ó. Macías,UTC,2020-01-11 03:10:00+00:00,1088.0,Estadio Caliente,Tijuana,2019,Clausura - 1,Club Tijuana,Santos Laguna,True,False,2.0,1.0,1.0,0.0,2.0,1.0,,,,,2020,local_gana
293420,F. Hernández,UTC,2020-01-11 23:00:00+00:00,7182.0,Estadio Azteca,D.F.,2019,Clausura - 1,Cruz Azul,Atlas,False,True,1.0,2.0,1.0,1.0,1.0,2.0,,,,,2020,visitante_gana
293421,E. Galván,UTC,2020-01-12 01:00:00+00:00,1076.0,Estadio AKRON,Zapopan,2019,Clausura - 1,Guadalajara Chivas,FC Juarez,True,False,2.0,0.0,2.0,0.0,2.0,0.0,,,,,2020,local_gana
293422,Ó. Mejía,UTC,2020-01-12 01:00:00+00:00,,Estadio León,León de los Aldamas,2019,Clausura - 1,Leon,Club Queretaro,True,False,3.0,1.0,2.0,1.0,3.0,1.0,,,,,2020,local_gana
293423,J. Esquivel,UTC,2020-01-12 03:05:00+00:00,1087.0,Estadio Universitario de Nuevo León,San Nicolás de los Garza,2019,Clausura - 1,Tigres UANL,Atletico San Luis,,,0.0,0.0,0.0,0.0,0.0,0.0,,,,,2020,empate
293424,A. Escobedo,UTC,2020-01-12 18:00:00+00:00,1083.0,Estadio Olímpico de Universitario,D.F.,2019,Clausura - 1,U.N.A.M. - Pumas,Pachuca,True,False,2.0,1.0,1.0,0.0,2.0,1.0,,,,,2020,local_gana
293427,V. Cáceres,UTC,2020-01-17 03:15:00+00:00,1845.0,Estadio Olímpico Benito Juárez,Ciudad Juárez,2019,Clausura - 2,FC Juarez,U.N.A.M. - Pumas,,,4.0,4.0,3.0,2.0,4.0,4.0,,,,,2020,empate
293428,Ó. Macías,UTC,2020-01-18 01:00:00+00:00,1795.0,Estadio Alfonso Lastras Ramírez,San Luis Potosí,2019,Clausura - 2,Atletico San Luis,Cruz Azul,True,False,2.0,1.0,1.0,0.0,2.0,1.0,,,,,2020,local_gana
293429,A. Escobedo,UTC,2020-01-18 03:00:00+00:00,1071.0,Estadio Jalisco,Guadalajara,2019,Clausura - 2,Atlas,Puebla,False,True,0.0,1.0,0.0,1.0,0.0,1.0,,,,,2020,visitante_gana
293430,E. Rangel,UTC,2020-01-18 23:00:00+00:00,1079.0,Estadio BBVA Bancomer,Guadalupe,2019,Clausura - 2,Monterrey,Monarcas,,,2.0,2.0,1.0,1.0,2.0,2.0,,,,,2020,empate
293431,F. Hernández,UTC,2020-01-19 01:00:00+00:00,1081.0,Estadio Hidalgo,Pachuca de Soto,2019,Clausura - 2,Pachuca,Guadalajara Chivas,,,0.0,0.0,0.0,0.0,0.0,0.0,,,,,2020,empate
293432,J. Rojas,UTC,2020-01-19 03:00:00+00:00,7182.0,Estadio Azteca,D.F.,2019,Clausura - 2,Club America,Tigres UANL,True,False,1.0,0.0,0.0,0.0,1.0,0.0,,,,,2020,local_gana
293433,D. Montaño,UTC,2020-01-19 18:00:00+00:00,1089.0,Estadio Nemesio Díez,Toluca de Lerdo,2019,Clausura - 2,Toluca,Necaxa,False,True,2.0,3.0,2.0,1.0,2.0,3.0,,,,,2020,visitante_gana
293434,E. Galván,UTC,2020-01-19 22:00:00+00:00,1084.0,Estadio La Corregidora,Santiago de Querétaro,2019,Clausura - 2,Club Queretaro,Club Tijuana,True,False,3.0,0.0,2.0,0.0,3.0,0.0,,,,,2020,local_gana
293435,F. Guerrero,UTC,2020-01-20 00:45:00+00:00,1085.0,Estadio Nuevo Corona,Torreón,2019,Clausura - 2,Santos Laguna,Leon,True,False,3.0,2.0,0.0,1.0,3.0,2.0,,,,,2020,local_gana
293436,J. Esquivel,UTC,2020-01-25 03:00:00+00:00,1082.0,Estadio Cuauhtémoc,Puebla,2019,Clausura - 3,Puebla,Club Queretaro,False,True,0.0,1.0,0.0,0.0,0.0,1.0,,,,,2020,visitante_gana
293437,Ó. Mejía,UTC,2020-01-25 03:10:00+00:00,1088.0,Estadio Caliente,Tijuana,2019,Clausura - 3,Club Tijuana,Club America,,,0.0,0.0,0.0,0.0,0.0,0.0,,,,,2020,empate
293438,L. Santander,UTC,2020-01-25 23:00:00+00:00,7182.0,Estadio Azteca,D.F.,2019,Clausura - 3,Cruz Azul,Santos Laguna,True,False,3.0,0.0,1.0,0.0,3.0,0.0,,,,,2020,local_gana
293439,E. Galván,UTC,2020-01-26 01:00:00+00:00,1087.0,Estadio Universitario de Nuevo León,San Nicolás de los Garza,2019,Clausura - 3,Tigres UANL,Atlas,True,False,2.0,1.0,1.0,0.0,2.0,1.0,,,,,2020,local_gana
293440,J. Rojas,UTC,2020-01-26 03:00:00+00:00,,Estadio León,León de los Aldamas,2019,Clausura - 3,Leon,Pachuca,True,False,3.0,0.0,2.0,0.0,3.0,0.0,,,,,2020,local_gana
293441,Ó. Macías,UTC,2020-01-26 03:05:00+00:00,1076.0,Estadio AKRON,Zapopan,2019,Clausura - 3,Guadalajara Chivas,Toluca,,,2.0,2.0,1.0,0.0,2.0,2.0,,,,,2020,empate
293442,F. Hernández,UTC,2020-01-26 18:00:00+00:00,1083.0,Estadio Olímpico de Universitario,D.F.,2019,Clausura - 3,U.N.A.M. - Pumas,Monterrey,True,False,1.0,0.0,0.0,0.0,1.0,0.0,,,,,2020,local_gana
293443,A. Funk,UTC,2020-01-26 23:00:00+00:00,1080.0,Estadio Victoria de Aguascalientes,Aguascalientes,2019,Clausura - 3,Necaxa,Atletico San Luis,,,1.0,1.0,0.0,1.0,1.0,1.0,,,,,2020,empate
293444,M. Vargas,UTC,2020-01-27 01:00:00+00:00,1845.0,Estadio Olímpico Benito Juárez,Ciudad Juárez,2019,Clausura - 3,FC Juarez,Monarcas,True,False,3.0,0.0,1.0,0.0,3.0,0.0,,,,,2020,local_gana
293445,F. Guerrero,UTC,2020-02-01 01:00:00+00:00,1795.0,Estadio Alfonso Lastras Ramírez,San Luis Potosí,2019,Clausura - 4,Atletico San Luis,Guadalajara Chivas,,,2.0,2.0,0.0,2.0,2.0,2.0,,,,,2020,empate
293447,J. Rojas,UTC,2020-02-01 03:00:00+00:00,1071.0,Estadio Jalisco,Guadalajara,2019,Clausura - 4,Atlas,Club Tijuana,True,False,2.0,1.0,1.0,0.0,2.0,1.0,,,,,2020,local_gana
293449,J. Pérez,UTC,2020-02-01 23:00:00+00:00,1079.0,Estadio BBVA Bancomer,Guadalupe,2019,Clausura - 4,Monterrey,Club Queretaro,False,True,1.0,2.0,0.0,1.0,1.0,2.0,,,,,2020,visitante_gana
293446,M. Ortíz,UTC,2020-02-01 23:00:00+00:00,1972.0,Estadio Generalísimo José María Morelos y Pavón,Morelia,2019,Clausura - 4,Monarcas,Leon,False,True,1.0,2.0,1.0,1.0,1.0,2.0,,,,,2020,visitante_gana
293451,L. Santander,UTC,2020-02-01 23:00:00+00:00,1080.0,Estadio Victoria de Aguascalientes,Aguascalientes,2019,Clausura - 4,Necaxa,Puebla,True,False,2.0,0.0,1.0,0.0,2.0,0.0,,,,,2020,local_gana
293450,D. Montaño,UTC,2020-02-02 01:00:00+00:00,1081.0,Estadio Hidalgo,Pachuca de Soto,2019,Clausura - 4,Pachuca,Tigres UANL,True,False,2.0,0.0,0.0,0.0,2.0,0.0,,,,,2020,local_gana
293452,Ó. Mejía,UTC,2020-02-02 03:00:00+00:00,1085.0,Estadio Nuevo Corona,Torreón,2019,Clausura - 4,Santos Laguna,U.N.A.M. - Pumas,,,1.0,1.0,0.0,0.0,1.0,1.0,,,,,2020,empate
293448,A. Escobedo,UTC,2020-02-02 03:00:00+00:00,7182.0,Estadio Azteca,D.F.,2019,Clausura - 4,Club America,FC Juarez,False,True,1.0,3.0,0.0,2.0,1.0,3.0,,,,,2020,visitante_gana
293453,F. Hernández,UTC,2020-02-02 18:00:00+00:00,1089.0,Estadio Nemesio Díez,Toluca de Lerdo,2019,Clausura - 4,Toluca,Cruz Azul,,,3.0,3.0,2.0,2.0,3.0,3.0,,,,,2020,empate
293425,E. Galván,UTC,2020-02-05 02:30:00+00:00,1082.0,Estadio Cuauhtémoc,Puebla,2019,Clausura - 1,Puebla,Club America,False,True,0.0,1.0,0.0,0.0,0.0,1.0,,,,,2020,visitante_gana
293426,A. Maganda,UTC,2020-02-06 02:30:00+00:00,1080.0,Estadio Victoria de Aguascalientes,Aguascalientes,2019,Clausura - 1,Necaxa,Monterrey,,,2.0,2.0,1.0,1.0,2.0,2.0,,,,,2020,empate
293454,F. Guerrero,UTC,2020-02-07 03:15:00+00:00,1071.0,Estadio Jalisco,Guadalajara,2019,Clausura - 5,Atlas,Monarcas,False,True,1.0,3.0,0.0,1.0,1.0,3.0,,,,,2020,visitante_gana
293455,M. Ortíz,UTC,2020-02-08 03:00:00+00:00,1082.0,Estadio Cuauhtémoc,Puebla,2019,Clausura - 5,Puebla,Santos Laguna,,,2.0,2.0,0.0,1.0,2.0,2.0,,,,,2020,empate
293456,C. Ramos,UTC,2020-02-08 03:10:00+00:00,1088.0,Estadio Caliente,Tijuana,2019,Clausura - 5,Club Tijuana,Toluca,,,1.0,1.0,0.0,0.0,1.0,1.0,,,,,2020,empate
293457,S. Silva,UTC,2020-02-08 23:00:00+00:00,7182.0,Estadio Azteca,D.F.,2019,Clausura - 5,Cruz Azul,Pachuca,True,False,3.0,1.0,0.0,0.0,3.0,1.0,,,,,2020,local_gana
293458,F. Hernández,UTC,2020-02-09 01:00:00+00:00,1087.0,Estadio Universitario de Nuevo León,San Nicolás de los Garza,2019,Clausura - 5,Tigres UANL,Guadalajara Chivas,True,False,3.0,0.0,0.0,0.0,3.0,0.0,,,,,2020,local_gana
293459,Ó. Mejía,UTC,2020-02-09 03:00:00+00:00,,Estadio León,León de los Aldamas,2019,Clausura - 5,Leon,Monterrey,True,False,3.0,1.0,1.0,1.0,3.0,1.0,,,,,2020,local_gana
293460,L. Santander,UTC,2020-02-09 18:00:00+00:00,1083.0,Estadio Olímpico de Universitario,D.F.,2019,Clausura - 5,U.N.A.M. - Pumas,Atletico San Luis,True,False,4.0,0.0,2.0,0.0,4.0,0.0,,,,,2020,local_gana
293461,Ó. Macías,UTC,2020-02-10 00:00:00+00:00,1084.0,Estadio La Corregidora,Santiago de Querétaro,2019,Clausura - 5,Club Queretaro,Club America,False,True,1.0,2.0,1.0,1.0,1.0,2.0,,,,,2020,visitante_gana
293462,J. Pérez,UTC,2020-02-10 02:00:00+00:00,1845.0,Estadio Olímpico Benito Juárez,Ciudad Juárez,2019,Clausura - 5,FC Juarez,Necaxa,True,False,2.0,1.0,1.0,1.0,2.0,1.0,,,,,2020,local_gana
293463,C. Ramos,UTC,2020-02-15 01:00:00+00:00,1795.0,Estadio Alfonso Lastras Ramírez,San Luis Potosí,2019,Clausura - 6,Atletico San Luis,Leon,True,False,3.0,1.0,1.0,1.0,3.0,1.0,,,,,2020,local_gana
293464,L. Santander,UTC,2020-02-15 03:00:00+00:00,1972.0,Estadio Generalísimo José María Morelos y Pavón,Morelia,2019,Clausura - 6,Monarcas,Club Tijuana,,,1.0,1.0,1.0,0.0,1.0,1.0,,,,,2020,empate
293469,E. Galván,UTC,2020-02-15 23:00:00+00:00,1089.0,Estadio Nemesio Díez,Toluca de Lerdo,2019,Clausura - 6,Toluca,U.N.A.M. - Pumas,False,True,2.0,3.0,2.0,1.0,2.0,3.0,,,,,2020,visitante_gana
293465,Ó. Mejía,UTC,2020-02-15 23:00:00+00:00,1081.0,Estadio Hidalgo,Pachuca de Soto,2019,Clausura - 6,Pachuca,Puebla,True,False,1.0,0.0,1.0,0.0,1.0,0.0,,,,,2020,local_gana
293466,F. Hernández,UTC,2020-02-16 01:00:00+00:00,7182.0,Estadio Azteca,D.F.,2019,Clausura - 6,Club America,Atlas,True,False,2.0,0.0,1.0,0.0,2.0,0.0,,,,,2020,local_gana
293467,Ó. Macías,UTC,2020-02-16 01:06:00+00:00,1079.0,Estadio BBVA Bancomer,Guadalupe,2019,Clausura - 6,Monterrey,FC Juarez,,,1.0,1.0,1.0,1.0,1.0,1.0,,,,,2020,empate
293468,A. Escobedo,UTC,2020-02-16 03:00:00+00:00,1076.0,Estadio AKRON,Zapopan,2019,Clausura - 6,Guadalajara Chivas,Cruz Azul,False,True,1.0,2.0,1.0,2.0,1.0,2.0,,,,,2020,visitante_gana
293470,D. Montaño,UTC,2020-02-16 23:00:00+00:00,1080.0,Estadio Victoria de Aguascalientes,Aguascalientes,2019,Clausura - 6,Necaxa,Club Queretaro,False,True,2.0,3.0,1.0,2.0,2.0,3.0,,,,,2020,visitante_gana
293471,J. Pérez,UTC,2020-02-17 00:45:00+00:00,1085.0,Estadio Nuevo Corona,Torreón,2019,Clausura - 6,Santos Laguna,Tigres UANL,True,False,2.0,1.0,1.0,0.0,2.0,1.0,,,,,2020,local_gana
293472,D. Montaño,UTC,2020-02-22 01:00:00+00:00,1071.0,Estadio Jalisco,Guadalajara,2019,Clausura - 7,Atlas,Pachuca,False,True,0.0,2.0,0.0,0.0,0.0,2.0,,,,,2020,visitante_gana
293473,F. Guerrero,UTC,2020-02-22 03:00:00+00:00,1082.0,Estadio Cuauhtémoc,Puebla,2019,Clausura - 7,Puebla,Toluca,True,False,2.0,0.0,1.0,0.0,2.0,0.0,,,,,2020,local_gana
293474,M. Ortíz,UTC,2020-02-22 03:10:00+00:00,1088.0,Estadio Caliente,Tijuana,2019,Clausura - 7,Club Tijuana,Guadalajara Chivas,False,True,0.0,1.0,0.0,1.0,0.0,1.0,,,,,2020,visitante_gana
293475,Ó. Macías,UTC,2020-02-22 23:00:00+00:00,,Estadio León,León de los Aldamas,2019,Clausura - 7,Leon,Necaxa,True,False,2.0,1.0,1.0,0.0,2.0,1.0,,,,,2020,local_gana
293476,E. Galván,UTC,2020-02-23 01:00:00+00:00,7182.0,Estadio Azteca,D.F.,2019,Clausura - 7,Cruz Azul,Tigres UANL,True,False,2.0,1.0,1.0,0.0,2.0,1.0,,,,,2020,local_gana
293477,J. Rojas,UTC,2020-02-23 03:00:00+00:00,1079.0,Estadio BBVA Bancomer,Guadalupe,2019,Clausura - 7,Monterrey,Club America,False,True,0.0,1.0,0.0,1.0,0.0,1.0,,,,,2020,visitante_gana
293478,C. Ramos,UTC,2020-02-23 18:00:00+00:00,1083.0,Estadio Olímpico de Universitario,D.F.,2019,Clausura - 7,U.N.A.M. - Pumas,Monarcas,False,True,1.0,2.0,1.0,0.0,1.0,2.0,,,,,2020,visitante_gana
293479,F. Hernández,UTC,2020-02-23 23:00:00+00:00,1084.0,Estadio La Corregidora,Santiago de Querétaro,2019,Clausura - 7,Club Queretaro,Atletico San Luis,False,True,0.0,1.0,0.0,1.0,0.0,1.0,,,,,2020,visitante_gana
293480,A. Funk,UTC,2020-02-24 01:00:00+00:00,1845.0,Estadio Olímpico Benito Juárez,Ciudad Juárez,2019,Clausura - 7,FC Juarez,Santos Laguna,False,True,1.0,2.0,0.0,1.0,1.0,2.0,,,,,2020,visitante_gana
293487,C. Ramos,UTC,2020-02-29 01:00:00+00:00,1089.0,Estadio Nemesio Díez,Toluca de Lerdo,2019,Clausura - 8,Toluca,Monterrey,True,False,2.0,0.0,0.0,0.0,2.0,0.0,,,,,2020,local_gana
293481,D. Montaño,UTC,2020-02-29 01:00:00+00:00,1795.0,Estadio Alfonso Lastras Ramírez,San Luis Potosí,2019,Clausura - 8,Atletico San Luis,FC Juarez,False,True,0.0,3.0,0.0,3.0,0.0,3.0,,,,,2020,visitante_gana
293482,A. Funk,UTC,2020-02-29 03:00:00+00:00,1972.0,Estadio Generalísimo José María Morelos y Pavón,Morelia,2019,Clausura - 8,Monarcas,Cruz Azul,False,True,2.0,4.0,0.0,2.0,2.0,4.0,,,,,2020,visitante_gana
293483,E. Galván,UTC,2020-02-29 03:10:00+00:00,1088.0,Estadio Caliente,Tijuana,2019,Clausura - 8,Club Tijuana,Puebla,False,True,0.0,1.0,0.0,0.0,0.0,1.0,,,,,2020,visitante_gana
293484,L. Santander,UTC,2020-02-29 23:00:00+00:00,1081.0,Estadio Hidalgo,Pachuca de Soto,2019,Clausura - 8,Pachuca,Club Queretaro,,,1.0,1.0,1.0,0.0,1.0,1.0,,,,,2020,empate
293485,Ó. Mejía,UTC,2020-03-01 01:00:00+00:00,7182.0,Estadio Azteca,D.F.,2019,Clausura - 8,Club America,Necaxa,False,True,0.0,3.0,0.0,2.0,0.0,3.0,,,,,2020,visitante_gana
293486,J. Rojas,UTC,2020-03-01 03:00:00+00:00,1087.0,Estadio Universitario de Nuevo León,San Nicolás de los Garza,2019,Clausura - 8,Tigres UANL,U.N.A.M. - Pumas,True,False,3.0,0.0,1.0,0.0,3.0,0.0,,,,,2020,local_gana
293488,F. Hernández,UTC,2020-03-01 23:00:00+00:00,1076.0,Estadio AKRON,Zapopan,2019,Clausura - 8,Guadalajara Chivas,Leon,True,False,2.0,0.0,0.0,0.0,2.0,0.0,,,,,2020,local_gana
293489,Ó. Macías,UTC,2020-03-02 00:45:00+00:00,1085.0,Estadio Nuevo Corona,Torreón,2019,Clausura - 8,Santos Laguna,Atlas,True,False,1.0,0.0,1.0,0.0,1.0,0.0,,,,,2020,local_gana
293490,M. Ortíz,UTC,2020-03-07 01:00:00+00:00,1084.0,Estadio La Corregidora,Santiago de Querétaro,2019,Clausura - 9,Club Queretaro,Toluca,,,1.0,1.0,0.0,1.0,1.0,1.0,,,,,2020,empate
293496,F. Hernández,UTC,2020-03-07 02:00:00+00:00,1083.0,Estadio Olímpico de Universitario,D.F.,2019,Clausura - 9,U.N.A.M. - Pumas,Club America,,,3.0,3.0,1.0,1.0,3.0,3.0,,,,,2020,empate
293491,D. Montaño,UTC,2020-03-07 03:00:00+00:00,1082.0,Estadio Cuauhtémoc,Puebla,2019,Clausura - 9,Puebla,Tigres UANL,,,0.0,0.0,0.0,0.0,0.0,0.0,,,,,2020,empate
293492,Ó. Macías,UTC,2020-03-07 23:00:00+00:00,1079.0,Estadio BBVA Bancomer,Guadalupe,2019,Clausura - 9,Monterrey,Atletico San Luis,,,2.0,2.0,1.0,0.0,2.0,2.0,,,,,2020,empate
293493,L. Santander,UTC,2020-03-07 23:00:00+00:00,7182.0,Estadio Azteca,D.F.,2019,Clausura - 9,Cruz Azul,Club Tijuana,True,False,4.0,2.0,1.0,1.0,4.0,2.0,,,,,2020,local_gana
293494,E. Miranda,UTC,2020-03-08 01:00:00+00:00,1081.0,Estadio Hidalgo,Pachuca de Soto,2019,Clausura - 9,Pachuca,Santos Laguna,True,False,1.0,0.0,1.0,0.0,1.0,0.0,,,,,2020,local_gana
293495,J. Rojas,UTC,2020-03-08 03:06:00+00:00,1071.0,Estadio Jalisco,Guadalajara,2019,Clausura - 9,Atlas,Guadalajara Chivas,False,True,1.0,2.0,0.0,2.0,1.0,2.0,,,,,2020,visitante_gana
293497,F. Guerrero,UTC,2020-03-08 23:00:00+00:00,1080.0,Estadio Victoria de Aguascalientes,Aguascalientes,2019,Clausura - 9,Necaxa,Monarcas,False,True,1.0,2.0,1.0,2.0,1.0,2.0,,,,,2020,visitante_gana
293498,Ó. Mejía,UTC,2020-03-09 01:00:00+00:00,1845.0,Estadio Olímpico Benito Juárez,Ciudad Juárez,2019,Clausura - 9,FC Juarez,Leon,False,True,1.0,4.0,1.0,0.0,1.0,4.0,,,,,2020,visitante_gana
293499,A. Escobedo,UTC,2020-03-14 03:00:00+00:00,1972.0,Estadio Generalísimo José María Morelos y Pavón,Morelia,2019,Clausura - 10,Monarcas,Club Queretaro,True,False,4.0,0.0,1.0,0.0,4.0,0.0,,,,,2020,local_gana
293500,M. Ortíz,UTC,2020-03-14 03:10:00+00:00,1088.0,Estadio Caliente,Tijuana,2019,Clausura - 10,Club Tijuana,Pachuca,True,False,3.0,2.0,1.0,1.0,3.0,2.0,,,,,2020,local_gana
293501,J. Pérez,UTC,2020-03-14 23:00:00+00:00,1795.0,Estadio Alfonso Lastras Ramírez,San Luis Potosí,2019,Clausura - 10,Atletico San Luis,Puebla,False,True,0.0,1.0,0.0,1.0,0.0,1.0,,,,,2020,visitante_gana
293502,F. Hernández,UTC,2020-03-15 01:00:00+00:00,1087.0,Estadio Universitario de Nuevo León,San Nicolás de los Garza,2019,Clausura - 10,Tigres UANL,FC Juarez,True,False,3.0,2.0,0.0,1.0,3.0,2.0,,,,,2020,local_gana
293503,C. Ramos,UTC,2020-03-15 01:00:00+00:00,,Estadio León,León de los Aldamas,2019,Clausura - 10,Leon,U.N.A.M. - Pumas,True,False,3.0,1.0,2.0,1.0,3.0,1.0,,,,,2020,local_gana
293504,D. Montaño,UTC,2020-03-15 03:00:00+00:00,1076.0,Estadio AKRON,Zapopan,2019,Clausura - 10,Guadalajara Chivas,Monterrey,,,1.0,1.0,1.0,0.0,1.0,1.0,,,,,2020,empate
293505,L. Santander,UTC,2020-03-15 18:00:00+00:00,1089.0,Estadio Nemesio Díez,Toluca de Lerdo,2019,Clausura - 10,Toluca,Atlas,False,True,2.0,3.0,1.0,1.0,2.0,3.0,,,,,2020,visitante_gana
293506,J. Rojas,UTC,2020-03-16 00:00:00+00:00,1085.0,Estadio Nuevo Corona,Torreón,2019,Clausura - 10,Santos Laguna,Necaxa,True,False,2.0,1.0,1.0,1.0,2.0,1.0,,,,,2020,local_gana
293507,F. Guerrero,UTC,2020-03-16 02:15:00+00:00,7182.0,Estadio Azteca,D.F.,2019,Clausura - 10,Club America,Cruz Azul,False,True,0.0,1.0,0.0,0.0,0.0,1.0,,,,,2020,visitante_gana
120325,"Francisco Chacon Gutierrez, Mexico",UTC,2018-07-21 00:00:00+00:00,,Estadio Luis Pirata Fuente,Veracruz,2018,Apertura - 1,Veracruz,U.N.A.M. - Pumas,False,True,0.0,2.0,0.0,2.0,0.0,2.0,,,,,2018,visitante_gana
120326,"Fernando Hernandez, Mexico",UTC,2018-07-21 02:00:00+00:00,1071.0,Estadio Jalisco,Guadalajara,2018,Apertura - 1,Atlas,Club Queretaro,,,0.0,0.0,0.0,0.0,0.0,0.0,,,,,2018,empate
120327,"Roberto Rios Jacome, Mexico",UTC,2018-07-21 22:00:00+00:00,,Estadio Azul,Mexico City,2018,Apertura - 1,Cruz Azul,Puebla,True,False,3.0,0.0,0.0,0.0,3.0,0.0,,,,,2018,local_gana
120328,"Diego Montano, Mexico",UTC,2018-07-22 00:00:00+00:00,,Estadio Miguel Hidalgo,Pachuca de Soto,2018,Apertura - 1,Pachuca,Monterrey,False,True,0.0,1.0,0.0,0.0,0.0,1.0,,,,,2018,visitante_gana
120329,"Adonai Escobedo Gonzalez, Mexico",UTC,2018-07-22 02:00:00+00:00,,Estadio Universitario (UANL),Monterrey,2018,Apertura - 1,Tigres UANL,Leon,True,False,2.0,0.0,1.0,0.0,2.0,0.0,,,,,2018,local_gana
120330,"Jorge Antonio Perez Duran, Mexico",UTC,2018-07-22 02:00:00+00:00,1088.0,Estadio Caliente,Tijuana,2018,Apertura - 1,Club Tijuana,Guadalajara Chivas,True,False,2.0,1.0,0.0,0.0,2.0,1.0,,,,,2018,local_gana
120331,"Jose Penaloza, Mexico",UTC,2018-07-22 17:00:00+00:00,,Estadio Nemesio Diez,Toluca,2018,Apertura - 1,Toluca,Monarcas,True,False,2.0,0.0,0.0,0.0,2.0,0.0,,,,,2018,local_gana
120332,"Oscar Mejia Garcia, Mexico",UTC,2018-07-22 23:00:00+00:00,,Estadio TSM Corona,Torreon,2018,Apertura - 1,Santos Laguna,Lobos Buap,True,False,2.0,1.0,0.0,1.0,2.0,1.0,,,,,2018,local_gana
120333,"Jorge Isaac Rojas Castillo, Mexico",UTC,2018-07-23 01:00:00+00:00,20474.0,Estadio Victoria,Aguascalientes,2018,Apertura - 1,Necaxa,Club America,True,False,2.0,1.0,1.0,0.0,2.0,1.0,,,,,2018,local_gana
120334,"Fernando Guerrero Ramirez, Mexico",UTC,2018-07-28 00:00:00+00:00,,Estadio Jose Maria Morelos y Pavon,Morelia,2018,Apertura - 2,Monarcas,Santos Laguna,True,False,3.0,1.0,0.0,0.0,3.0,1.0,,,,,2018,local_gana
120335,"Jorge Antonio Perez Duran, Mexico",UTC,2018-07-28 02:00:00+00:00,1082.0,Estadio Cuauhtemoc,Puebla,2018,Apertura - 2,Puebla,Toluca,True,False,2.0,1.0,2.0,1.0,2.0,1.0,,,,,2018,local_gana
120336,"Luis Santander, Mexico",UTC,2018-07-28 22:00:00+00:00,1084.0,Estadio La Corregidora,Santiago de Queretaro,2018,Apertura - 2,Club Queretaro,Pachuca,True,False,1.0,0.0,0.0,0.0,1.0,0.0,,,,,2018,local_gana
120337,"Adonai Escobedo Gonzalez, Mexico",UTC,2018-07-29 00:00:00+00:00,,Estadio Azteca,Mexico City,2018,Apertura - 2,Club America,Atlas,True,False,3.0,0.0,2.0,0.0,3.0,0.0,,,,,2018,local_gana
120338,"Fernando Hernandez, Mexico",UTC,2018-07-29 02:06:00+00:00,,Estadio Akron,Guadalajara,2018,Apertura - 2,Guadalajara Chivas,Cruz Azul,False,True,0.0,1.0,0.0,0.0,0.0,1.0,,,,,2018,visitante_gana
120339,"Oscar Macias, Mexico",UTC,2018-07-29 17:00:00+00:00,,Estadio Olimpico Universitario,Mexico City,2018,Apertura - 2,U.N.A.M. - Pumas,Necaxa,True,False,5.0,3.0,1.0,1.0,5.0,3.0,,,,,2018,local_gana
120340,"Roberto Garcia Orozco, Mexico",UTC,2018-07-29 21:00:00+00:00,1078.0,Estadio Universitario BUAP,Puebla,2018,Apertura - 2,Lobos Buap,Veracruz,True,False,2.0,0.0,1.0,0.0,2.0,0.0,,,,,2018,local_gana
120341,"Oscar Mejia Garcia, Mexico",UTC,2018-07-29 23:00:00+00:00,,Estadio Universitario (UANL),Monterrey,2018,Apertura - 2,Tigres UANL,Club Tijuana,True,False,1.0,0.0,0.0,0.0,1.0,0.0,,,,,2018,local_gana
120342,"Erick Yair Miranda Galindo, Mexico",UTC,2018-07-30 01:00:00+00:00,,Estadio Leon,Leon,2018,Apertura - 2,Leon,Monterrey,False,True,0.0,2.0,0.0,0.0,0.0,2.0,,,,,2018,visitante_gana
120343,"Luis Santander, Mexico",UTC,2018-08-04 00:00:00+00:00,,Estadio Luis Pirata Fuente,Veracruz,2018,Apertura - 3,Veracruz,Monarcas,,,2.0,2.0,1.0,1.0,2.0,2.0,,,,,2018,empate
120344,"Jorge Antonio Perez Duran, Mexico",UTC,2018-08-04 02:00:00+00:00,1071.0,Estadio Jalisco,Guadalajara,2018,Apertura - 3,Atlas,U.N.A.M. - Pumas,False,True,0.0,3.0,0.0,2.0,0.0,3.0,,,,,2018,visitante_gana
120345,"Erick Yair Miranda Galindo, Mexico",UTC,2018-08-04 22:00:00+00:00,20474.0,Estadio Victoria,Aguascalientes,2018,Apertura - 3,Necaxa,Lobos Buap,True,False,1.0,0.0,0.0,0.0,1.0,0.0,,,,,2018,local_gana
120346,"Fernando Hernandez, Mexico",UTC,2018-08-05 00:00:00+00:00,,Estadio Miguel Hidalgo,Pachuca de Soto,2018,Apertura - 3,Pachuca,Club America,False,True,1.0,3.0,0.0,1.0,1.0,3.0,,,,,2018,visitante_gana
120347,"Marco Antonio Ortiz Nava, Mexico",UTC,2018-08-05 02:00:00+00:00,,Estadio Azteca,Mexico City,2018,Apertura - 3,Cruz Azul,Tigres UANL,True,False,1.0,0.0,0.0,0.0,1.0,0.0,,,,,2018,local_gana
120348,"Oscar Mejia Garcia, Mexico",UTC,2018-08-05 02:06:00+00:00,,Estadio BBVA Bancomer,Monterrey,2018,Apertura - 3,Monterrey,Club Queretaro,True,False,2.0,1.0,1.0,1.0,2.0,1.0,,,,,2018,local_gana
120349,"Cesar Arturo Ramos Palazuelos, Mexico",UTC,2018-08-05 17:00:00+00:00,,Estadio Nemesio Diez,Toluca,2018,Apertura - 3,Toluca,Guadalajara Chivas,,,2.0,2.0,1.0,1.0,2.0,2.0,,,,,2018,empate
120350,"Francisco Chacon Gutierrez, Mexico",UTC,2018-08-05 23:00:00+00:00,,Estadio TSM Corona,Torreon,2018,Apertura - 3,Santos Laguna,Puebla,True,False,2.0,0.0,1.0,0.0,2.0,0.0,,,,,2018,local_gana
120351,"Oscar Macias, Mexico",UTC,2018-08-06 01:06:00+00:00,1088.0,Estadio Caliente,Tijuana,2018,Apertura - 3,Club Tijuana,Leon,,,1.0,1.0,0.0,0.0,1.0,1.0,,,,,2018,empate
120352,"Erick Yair Miranda Galindo, Mexico",UTC,2018-08-11 00:00:00+00:00,1082.0,Estadio Cuauhtemoc,Puebla,2018,Apertura - 4,Puebla,Veracruz,False,True,1.0,2.0,0.0,0.0,1.0,2.0,,,,,2018,visitante_gana
120353,"Francisco Chacon Gutierrez, Mexico",UTC,2018-08-11 02:00:00+00:00,,Estadio Jose Maria Morelos y Pavon,Morelia,2018,Apertura - 4,Monarcas,Necaxa,True,False,2.0,1.0,1.0,0.0,2.0,1.0,,,,,2018,local_gana
120354,"Oscar Macias, Mexico",UTC,2018-08-11 22:00:00+00:00,1078.0,Estadio Universitario BUAP,Puebla,2018,Apertura - 4,Lobos Buap,Atlas,,,0.0,0.0,0.0,0.0,0.0,0.0,,,,,2018,empate
120356,"Roberto Garcia Orozco, Mexico",UTC,2018-08-12 00:00:00+00:00,,Estadio Universitario (UANL),Monterrey,2018,Apertura - 4,Tigres UANL,Toluca,False,True,1.0,2.0,1.0,0.0,1.0,2.0,,,,,2018,visitante_gana
120355,"Fernando Guerrero Ramirez, Mexico",UTC,2018-08-12 00:00:00+00:00,,Estadio Leon,Leon,2018,Apertura - 4,Leon,Club Queretaro,True,False,4.0,0.0,2.0,0.0,4.0,0.0,,,,,2018,local_gana
120357,"Jorge Antonio Perez Duran, Mexico",UTC,2018-08-12 02:00:00+00:00,,Estadio Azteca,Mexico City,2018,Apertura - 4,Club America,Monterrey,True,False,3.0,0.0,1.0,0.0,3.0,0.0,,,,,2018,local_gana
120358,"Jorge Isaac Rojas Castillo, Mexico",UTC,2018-08-12 21:00:00+00:00,,Estadio Olimpico Universitario,Mexico City,2018,Apertura - 4,U.N.A.M. - Pumas,Pachuca,,,0.0,0.0,0.0,0.0,0.0,0.0,,,,,2018,empate
120359,"Marco Antonio Ortiz Nava, Mexico",UTC,2018-08-12 23:00:00+00:00,,Estadio Akron,Guadalajara,2018,Apertura - 4,Guadalajara Chivas,Santos Laguna,False,True,1.0,2.0,1.0,1.0,1.0,2.0,,,,,2018,visitante_gana
120360,"Luis Santander, Mexico",UTC,2018-08-13 01:06:00+00:00,1088.0,Estadio Caliente,Tijuana,2018,Apertura - 4,Club Tijuana,Cruz Azul,,,1.0,1.0,0.0,0.0,1.0,1.0,,,,,2018,empate
120361,"Oscar Macias, Mexico",UTC,2018-08-18 00:00:00+00:00,,Estadio Luis Pirata Fuente,Veracruz,2018,Apertura - 5,Veracruz,Guadalajara Chivas,False,True,0.0,2.0,0.0,2.0,0.0,2.0,,,,,2018,visitante_gana
120362,"Marco Antonio Ortiz Nava, Mexico",UTC,2018-08-18 02:00:00+00:00,1071.0,Estadio Jalisco,Guadalajara,2018,Apertura - 5,Atlas,Monarcas,False,True,0.0,1.0,0.0,1.0,0.0,1.0,,,,,2018,visitante_gana
120363,"Cesar Arturo Ramos Palazuelos, Mexico",UTC,2018-08-18 22:00:00+00:00,,Estadio Azteca,Mexico City,2018,Apertura - 5,Cruz Azul,Leon,True,False,3.0,0.0,2.0,0.0,3.0,0.0,,,,,2018,local_gana
120364,"Adonai Escobedo Gonzalez, Mexico",UTC,2018-08-19 00:00:00+00:00,,Estadio Miguel Hidalgo,Pachuca de Soto,2018,Apertura - 5,Pachuca,Lobos Buap,True,False,3.0,0.0,0.0,0.0,3.0,0.0,,,,,2018,local_gana
120365,"Fernando Hernandez, Mexico",UTC,2018-08-19 02:00:00+00:00,20474.0,Estadio Victoria,Aguascalientes,2018,Apertura - 5,Necaxa,Puebla,,,2.0,2.0,0.0,1.0,2.0,2.0,,,,,2018,empate
120366,"Jorge Isaac Rojas Castillo, Mexico",UTC,2018-08-19 02:00:00+00:00,1084.0,Estadio La Corregidora,Santiago de Queretaro,2018,Apertura - 5,Club Queretaro,Club America,,,1.0,1.0,0.0,1.0,1.0,1.0,,,,,2018,empate
120367,"Diego Montano, Mexico",UTC,2018-08-19 02:06:00+00:00,,Estadio BBVA Bancomer,Monterrey,2018,Apertura - 5,Monterrey,U.N.A.M. - Pumas,True,False,1.0,0.0,1.0,0.0,1.0,0.0,,,,,2018,local_gana
120368,"Fernando Guerrero Ramirez, Mexico",UTC,2018-08-19 17:00:00+00:00,,Estadio Nemesio Diez,Toluca,2018,Apertura - 5,Toluca,Club Tijuana,True,False,3.0,0.0,2.0,0.0,3.0,0.0,,,,,2018,local_gana
120369,"Jorge Antonio Perez Duran, Mexico",UTC,2018-08-19 23:00:00+00:00,,Estadio TSM Corona,Torreon,2018,Apertura - 5,Santos Laguna,Tigres UANL,True,False,3.0,1.0,1.0,0.0,3.0,1.0,,,,,2018,local_gana
120370,"Roberto Rios Jacome, Mexico",UTC,2018-08-22 00:00:00+00:00,,Estadio Jose Maria Morelos y Pavon,Morelia,2018,Apertura - 6,Monarcas,Pachuca,,,1.0,1.0,1.0,0.0,1.0,1.0,,,,,2018,empate
120371,"Alejandro Funk Villafane, Mexico",UTC,2018-08-22 00:00:00+00:00,,Estadio Olimpico Universitario,Mexico City,2018,Apertura - 6,U.N.A.M. - Pumas,Club Queretaro,False,True,0.0,1.0,0.0,1.0,0.0,1.0,,,,,2018,visitante_gana
120373,"Jorge Antonio Perez Duran, Mexico",UTC,2018-08-22 02:00:00+00:00,,Estadio Akron,Guadalajara,2018,Apertura - 6,Guadalajara Chivas,Necaxa,True,False,1.0,0.0,1.0,0.0,1.0,0.0,,,,,2018,local_gana
120372,"Eduardo Galvan Basulto, Mexico",UTC,2018-08-22 02:00:00+00:00,1082.0,Estadio Cuauhtemoc,Puebla,2018,Apertura - 6,Puebla,Atlas,True,False,2.0,0.0,1.0,0.0,2.0,0.0,,,,,2018,local_gana
120375,"Marco Antonio Ortiz Nava, Mexico",UTC,2018-08-23 00:00:00+00:00,,Estadio Leon,Leon,2018,Apertura - 6,Leon,Club America,True,False,2.0,0.0,1.0,0.0,2.0,0.0,,,,,2018,local_gana
120374,"Francisco Chacon Gutierrez, Mexico",UTC,2018-08-23 00:00:00+00:00,,Estadio Azteca,Mexico City,2018,Apertura - 6,Cruz Azul,Toluca,True,False,1.0,0.0,1.0,0.0,1.0,0.0,,,,,2018,local_gana
120376,"Jonathan Hernandez Juarez, Mexico",UTC,2018-08-23 02:00:00+00:00,,Estadio Universitario (UANL),Monterrey,2018,Apertura - 6,Tigres UANL,Veracruz,True,False,4.0,0.0,1.0,0.0,4.0,0.0,,,,,2018,local_gana
120377,"Jorge Isaac Rojas Castillo, Mexico",UTC,2018-08-23 02:00:00+00:00,1078.0,Estadio Universitario BUAP,Puebla,2018,Apertura - 6,Lobos Buap,Monterrey,False,True,1.0,2.0,0.0,1.0,1.0,2.0,,,,,2018,visitante_gana
120378,"Oscar Mejia Garcia, Mexico",UTC,2018-08-23 02:06:00+00:00,1088.0,Estadio Caliente,Tijuana,2018,Apertura - 6,Club Tijuana,Santos Laguna,,,2.0,2.0,0.0,0.0,2.0,2.0,,,,,2018,empate
120379,"Cesar Arturo Ramos Palazuelos, Mexico",UTC,2018-08-25 02:00:00+00:00,1071.0,Estadio Jalisco,Guadalajara,2018,Apertura - 7,Atlas,Guadalajara Chivas,False,True,0.0,1.0,0.0,0.0,0.0,1.0,,,,,2018,visitante_gana
120380,"Roberto Garcia Orozco, Mexico",UTC,2018-08-25 22:00:00+00:00,,Estadio Miguel Hidalgo,Pachuca de Soto,2018,Apertura - 7,Pachuca,Puebla,True,False,2.0,0.0,0.0,0.0,2.0,0.0,,,,,2018,local_gana
120381,"Fernando Guerrero Ramirez, Mexico",UTC,2018-08-26 00:00:00+00:00,,Estadio Azteca,Mexico City,2018,Apertura - 7,Club America,U.N.A.M. - Pumas,,,2.0,2.0,1.0,1.0,2.0,2.0,,,,,2018,empate
120382,"Marco Antonio Ortiz Nava, Mexico",UTC,2018-08-26 01:30:00+00:00,,Estadio Luis Pirata Fuente,Veracruz,2018,Apertura - 7,Veracruz,Club Tijuana,True,False,1.0,0.0,1.0,0.0,1.0,0.0,,,,,2018,local_gana
120383,"Erick Yair Miranda Galindo, Mexico",UTC,2018-08-26 02:00:00+00:00,20474.0,Estadio Victoria,Aguascalientes,2018,Apertura - 7,Necaxa,Tigres UANL,,,1.0,1.0,0.0,0.0,1.0,1.0,,,,,2018,empate
120384,"Adonai Escobedo Gonzalez, Mexico",UTC,2018-08-26 02:06:00+00:00,,Estadio BBVA Bancomer,Monterrey,2018,Apertura - 7,Monterrey,Monarcas,,,2.0,2.0,2.0,1.0,2.0,2.0,,,,,2018,empate
120385,"Luis Santander, Mexico",UTC,2018-08-26 17:00:00+00:00,1084.0,Estadio La Corregidora,Santiago de Queretaro,2018,Apertura - 7,Club Queretaro,Lobos Buap,True,False,2.0,0.0,1.0,0.0,2.0,0.0,,,,,2018,local_gana
120386,"Diego Montano, Mexico",UTC,2018-08-26 21:00:00+00:00,,Estadio Nemesio Diez,Toluca,2018,Apertura - 7,Toluca,Leon,False,True,1.0,2.0,1.0,2.0,1.0,2.0,,,,,2018,visitante_gana
120387,"Oscar Macias, Mexico",UTC,2018-08-26 23:00:00+00:00,,Estadio TSM Corona,Torreon,2018,Apertura - 7,Santos Laguna,Cruz Azul,,,1.0,1.0,0.0,0.0,1.0,1.0,,,,,2018,empate
120388,"Cesar Arturo Ramos Palazuelos, Mexico",UTC,2018-09-01 00:00:00+00:00,,Estadio Jose Maria Morelos y Pavon,Morelia,2018,Apertura - 8,Monarcas,Club Queretaro,False,True,1.0,4.0,0.0,1.0,1.0,4.0,,,,,2018,visitante_gana
120389,"Fernando Guerrero Ramirez, Mexico",UTC,2018-09-01 02:00:00+00:00,1082.0,Estadio Cuauhtemoc,Puebla,2018,Apertura - 8,Puebla,Monterrey,True,False,2.0,1.0,0.0,1.0,2.0,1.0,,,,,2018,local_gana
120390,"Luis Santander, Mexico",UTC,2018-09-01 02:06:00+00:00,1088.0,Estadio Caliente,Tijuana,2018,Apertura - 8,Club Tijuana,Necaxa,True,False,1.0,0.0,0.0,0.0,1.0,0.0,,,,,2018,local_gana
120391,"Roberto Garcia Orozco, Mexico",UTC,2018-09-01 22:00:00+00:00,,Estadio Azul,Mexico City,2018,Apertura - 8,Cruz Azul,Veracruz,True,False,4.0,1.0,1.0,0.0,4.0,1.0,,,,,2018,local_gana
120393,"Francisco Chacon Gutierrez, Mexico",UTC,2018-09-02 00:00:00+00:00,,Estadio Universitario (UANL),Monterrey,2018,Apertura - 8,Tigres UANL,Atlas,True,False,3.0,1.0,0.0,1.0,3.0,1.0,,,,,2018,local_gana
120392,"Jorge Isaac Rojas Castillo, Mexico",UTC,2018-09-02 00:00:00+00:00,,Estadio Leon,Leon,2018,Apertura - 8,Leon,U.N.A.M. - Pumas,False,True,1.0,2.0,1.0,1.0,1.0,2.0,,,,,2018,visitante_gana
120394,"Eduardo Galvan Basulto, Mexico",UTC,2018-09-02 02:00:00+00:00,,Estadio Akron,Guadalajara,2018,Apertura - 8,Guadalajara Chivas,Pachuca,False,True,1.0,3.0,1.0,2.0,1.0,3.0,,,,,2018,visitante_gana
120395,"Marco Antonio Ortiz Nava, Mexico",UTC,2018-09-02 17:00:00+00:00,,Estadio Nemesio Diez,Toluca,2018,Apertura - 8,Toluca,Santos Laguna,True,False,2.0,1.0,1.0,1.0,2.0,1.0,,,,,2018,local_gana
120396,"Oscar Macias, Mexico",UTC,2018-09-02 21:00:00+00:00,1078.0,Estadio Universitario BUAP,Puebla,2018,Apertura - 8,Lobos Buap,Club America,False,True,0.0,2.0,0.0,1.0,0.0,2.0,,,,,2018,visitante_gana
120397,"Luis Santander, Mexico",UTC,2018-09-15 02:00:00+00:00,,Estadio Luis Pirata Fuente,Veracruz,2018,Apertura - 9,Veracruz,Toluca,False,True,2.0,3.0,0.0,2.0,2.0,3.0,,,,,2018,visitante_gana
120398,"Diego Montano, Mexico",UTC,2018-09-15 22:00:00+00:00,1084.0,Estadio La Corregidora,Santiago de Queretaro,2018,Apertura - 9,Club Queretaro,Puebla,False,True,0.0,1.0,0.0,0.0,0.0,1.0,,,,,2018,visitante_gana
120400,"Eduardo Galvan Basulto, Mexico",UTC,2018-09-16 00:00:00+00:00,,Estadio Azteca,Mexico City,2018,Apertura - 9,Club America,Monarcas,True,False,2.0,1.0,1.0,0.0,2.0,1.0,,,,,2018,local_gana
120399,"Oscar Mejia Garcia, Mexico",UTC,2018-09-16 00:00:00+00:00,,Estadio Miguel Hidalgo,Pachuca de Soto,2018,Apertura - 9,Pachuca,Tigres UANL,,,1.0,1.0,1.0,0.0,1.0,1.0,,,,,2018,empate
120401,"Cesar Arturo Ramos Palazuelos, Mexico",UTC,2018-09-16 01:45:00+00:00,20474.0,Estadio Victoria,Aguascalientes,2018,Apertura - 9,Necaxa,Cruz Azul,True,False,2.0,0.0,1.0,0.0,2.0,0.0,,,,,2018,local_gana
120402,"Francisco Chacon Gutierrez, Mexico",UTC,2018-09-16 02:06:00+00:00,,Estadio BBVA Bancomer,Monterrey,2018,Apertura - 9,Monterrey,Guadalajara Chivas,False,True,2.0,4.0,0.0,1.0,2.0,4.0,,,,,2018,visitante_gana
120403,"Jorge Antonio Perez Duran, Mexico",UTC,2018-09-16 17:00:00+00:00,,Estadio Olimpico Universitario,Mexico City,2018,Apertura - 9,U.N.A.M. - Pumas,Lobos Buap,True,False,4.0,2.0,1.0,0.0,4.0,2.0,,,,,2018,local_gana
120404,"Fernando Guerrero Ramirez, Mexico",UTC,2018-09-16 21:00:00+00:00,,Estadio TSM Corona,Torreon,2018,Apertura - 9,Santos Laguna,Leon,True,False,3.0,0.0,1.0,0.0,3.0,0.0,,,,,2018,local_gana
120405,"Fernando Hernandez, Mexico",UTC,2018-09-16 23:00:00+00:00,1071.0,Estadio Jalisco,Guadalajara,2018,Apertura - 9,Atlas,Club Tijuana,False,True,0.0,1.0,0.0,0.0,0.0,1.0,,,,,2018,visitante_gana
120406,"Roberto Garcia Orozco, Mexico",UTC,2018-09-22 00:00:00+00:00,,Estadio Jose Maria Morelos y Pavon,Morelia,2018,Apertura - 10,Monarcas,U.N.A.M. - Pumas,,,0.0,0.0,0.0,0.0,0.0,0.0,,,,,2018,empate
120407,"Luis Santander, Mexico",UTC,2018-09-22 02:00:00+00:00,1082.0,Estadio Cuauhtemoc,Puebla,2018,Apertura - 10,Puebla,Club America,False,True,2.0,3.0,1.0,2.0,2.0,3.0,,,,,2018,visitante_gana
120408,"Francisco Chacon Gutierrez, Mexico",UTC,2018-09-22 22:00:00+00:00,,Estadio Nemesio Diez,Toluca,2018,Apertura - 10,Toluca,Necaxa,True,False,3.0,2.0,0.0,1.0,3.0,2.0,,,,,2018,local_gana
120409,"Oscar Mejia Garcia, Mexico",UTC,2018-09-23 00:00:00+00:00,,Estadio Leon,Leon,2018,Apertura - 10,Leon,Lobos Buap,False,True,0.0,1.0,0.0,0.0,0.0,1.0,,,,,2018,visitante_gana
120410,"Diego Montano, Mexico",UTC,2018-09-23 02:00:00+00:00,,Estadio Azul,Mexico City,2018,Apertura - 10,Cruz Azul,Atlas,True,False,2.0,0.0,1.0,0.0,2.0,0.0,,,,,2018,local_gana
120411,"Oscar Macias, Mexico",UTC,2018-09-23 02:06:00+00:00,1088.0,Estadio Caliente,Tijuana,2018,Apertura - 10,Club Tijuana,Pachuca,True,False,1.0,0.0,0.0,0.0,1.0,0.0,,,,,2018,local_gana
120412,"Marco Antonio Ortiz Nava, Mexico",UTC,2018-09-23 21:00:00+00:00,,Estadio Akron,Guadalajara,2018,Apertura - 10,Guadalajara Chivas,Club Queretaro,,,1.0,1.0,0.0,0.0,1.0,1.0,,,,,2018,empate
120413,"Eduardo Galvan Basulto, Mexico",UTC,2018-09-23 23:00:00+00:00,,Estadio TSM Corona,Torreon,2018,Apertura - 10,Santos Laguna,Veracruz,,,1.0,1.0,0.0,0.0,1.0,1.0,,,,,2018,empate
120414,"Jorge Antonio Perez Duran, Mexico",UTC,2018-09-24 01:00:00+00:00,,Estadio Universitario (UANL),Monterrey,2018,Apertura - 10,Tigres UANL,Monterrey,,,0.0,0.0,0.0,0.0,0.0,0.0,,,,,2018,empate
120415,"Diego Montano, Mexico",UTC,2018-09-29 00:00:00+00:00,,Estadio Luis Pirata Fuente,Veracruz,2018,Apertura - 11,Veracruz,Leon,False,True,0.0,4.0,0.0,1.0,0.0,4.0,,,,,2018,visitante_gana
120416,"Adonai Escobedo Gonzalez, Mexico",UTC,2018-09-29 02:00:00+00:00,1071.0,Estadio Jalisco,Guadalajara,2018,Apertura - 11,Atlas,Toluca,True,False,2.0,0.0,1.0,0.0,2.0,0.0,,,,,2018,local_gana
120417,"Jorge Isaac Rojas Castillo, Mexico",UTC,2018-09-29 22:00:00+00:00,1084.0,Estadio La Corregidora,Santiago de Queretaro,2018,Apertura - 11,Club Queretaro,Tigres UANL,False,True,0.0,2.0,0.0,0.0,0.0,2.0,,,,,2018,visitante_gana
120418,"Fernando Guerrero Ramirez, Mexico",UTC,2018-09-30 00:00:00+00:00,,Estadio Miguel Hidalgo,Pachuca de Soto,2018,Apertura - 11,Pachuca,Cruz Azul,True,False,3.0,1.0,3.0,1.0,3.0,1.0,,,,,2018,local_gana
120419,"Roberto Garcia Orozco, Mexico",UTC,2018-09-30 02:00:00+00:00,20474.0,Estadio Victoria,Aguascalientes,2018,Apertura - 11,Necaxa,Santos Laguna,False,True,0.0,1.0,0.0,1.0,0.0,1.0,,,,,2018,visitante_gana
120420,"Jonathan Hernandez Juarez, Mexico",UTC,2018-09-30 02:06:00+00:00,,Estadio BBVA Bancomer,Monterrey,2018,Apertura - 11,Monterrey,Club Tijuana,True,False,3.0,0.0,1.0,0.0,3.0,0.0,,,,,2018,local_gana
120421,"Eduardo Galvan Basulto, Mexico",UTC,2018-09-30 17:00:00+00:00,,Estadio Olimpico Universitario,Mexico City,2018,Apertura - 11,U.N.A.M. - Pumas,Puebla,,,2.0,2.0,2.0,0.0,2.0,2.0,,,,,2018,empate
120422,"Roberto Rios Jacome, Mexico",UTC,2018-09-30 21:00:00+00:00,1078.0,Estadio Universitario BUAP,Puebla,2018,Apertura - 11,Lobos Buap,Monarcas,True,False,3.0,1.0,1.0,0.0,3.0,1.0,,,,,2018,local_gana
120423,"Cesar Arturo Ramos Palazuelos, Mexico",UTC,2018-09-30 23:00:00+00:00,,Estadio Azteca,Mexico City,2018,Apertura - 11,Club America,Guadalajara Chivas,,,1.0,1.0,0.0,0.0,1.0,1.0,,,,,2018,empate
120424,"Jorge Antonio Perez Duran, Mexico",UTC,2018-10-06 00:00:00+00:00,,Estadio TSM Corona,Torreon,2018,Apertura - 12,Santos Laguna,Atlas,True,False,3.0,1.0,1.0,0.0,3.0,1.0,,,,,2018,local_gana
120425,"Fernando Guerrero Ramirez, Mexico",UTC,2018-10-06 02:10:00+00:00,,Estadio Luis Pirata Fuente,Veracruz,2018,Apertura - 12,Veracruz,Necaxa,,,0.0,0.0,0.0,0.0,0.0,0.0,,,,,2018,empate
120426,"Fernando Hernandez, Mexico",UTC,2018-10-06 22:00:00+00:00,,Estadio Azul,Mexico City,2018,Apertura - 12,Cruz Azul,Monterrey,True,False,2.0,1.0,1.0,1.0,2.0,1.0,,,,,2018,local_gana
120428,"Marco Antonio Ortiz Nava, Mexico",UTC,2018-10-07 00:00:00+00:00,,Estadio Universitario (UANL),Monterrey,2018,Apertura - 12,Tigres UANL,Club America,False,True,2.0,3.0,1.0,1.0,2.0,3.0,,,,,2018,visitante_gana
120427,"Adonai Escobedo Gonzalez, Mexico",UTC,2018-10-07 00:00:00+00:00,,Estadio Leon,Leon,2018,Apertura - 12,Leon,Monarcas,False,True,1.0,2.0,0.0,0.0,1.0,2.0,,,,,2018,visitante_gana
120429,"Oscar Macias, Mexico",UTC,2018-10-07 02:06:00+00:00,,Estadio Akron,Guadalajara,2018,Apertura - 12,Guadalajara Chivas,U.N.A.M. - Pumas,False,True,1.0,2.0,1.0,1.0,1.0,2.0,,,,,2018,visitante_gana
120430,"Roberto Garcia Orozco, Mexico",UTC,2018-10-07 02:36:00+00:00,1088.0,Estadio Caliente,Tijuana,2018,Apertura - 12,Club Tijuana,Club Queretaro,,,1.0,1.0,1.0,0.0,1.0,1.0,,,,,2018,empate
120431,"Diego Montano, Mexico",UTC,2018-10-07 17:00:00+00:00,,Estadio Nemesio Diez,Toluca,2018,Apertura - 12,Toluca,Pachuca,True,False,2.0,1.0,1.0,1.0,2.0,1.0,,,,,2018,local_gana
120432,"Cesar Arturo Ramos Palazuelos, Mexico",UTC,2018-10-07 23:00:00+00:00,1082.0,Estadio Cuauhtemoc,Puebla,2018,Apertura - 12,Puebla,Lobos Buap,,,2.0,2.0,0.0,1.0,2.0,2.0,,,,,2018,empate
120433,"Adonai Escobedo Gonzalez, Mexico",UTC,2018-10-20 02:00:00+00:00,1071.0,Estadio Jalisco,Guadalajara,2018,Apertura - 13,Atlas,Veracruz,True,False,4.0,3.0,2.0,2.0,4.0,3.0,,,,,2018,local_gana
120434,"Francisco Chacon Gutierrez, Mexico",UTC,2018-10-20 22:00:00+00:00,1084.0,Estadio La Corregidora,Santiago de Queretaro,2018,Apertura - 13,Club Queretaro,Cruz Azul,True,False,2.0,0.0,0.0,0.0,2.0,0.0,,,,,2018,local_gana
120436,"Diego Montano, Mexico",UTC,2018-10-21 00:00:00+00:00,,Estadio Azteca,Mexico City,2018,Apertura - 13,Club America,Club Tijuana,True,False,3.0,0.0,2.0,0.0,3.0,0.0,,,,,2018,local_gana
120435,"Jorge Isaac Rojas Castillo, Mexico",UTC,2018-10-21 00:00:00+00:00,,Estadio Miguel Hidalgo,Pachuca de Soto,2018,Apertura - 13,Pachuca,Santos Laguna,,,1.0,1.0,1.0,0.0,1.0,1.0,,,,,2018,empate
120437,"Marco Antonio Ortiz Nava, Mexico",UTC,2018-10-21 02:00:00+00:00,20474.0,Estadio Victoria,Aguascalientes,2018,Apertura - 13,Necaxa,Leon,False,True,0.0,2.0,0.0,1.0,0.0,2.0,,,,,2018,visitante_gana
120438,"Fernando Guerrero Ramirez, Mexico",UTC,2018-10-21 02:06:00+00:00,,Estadio BBVA Bancomer,Monterrey,2018,Apertura - 13,Monterrey,Toluca,True,False,2.0,1.0,0.0,0.0,2.0,1.0,,,,,2018,local_gana
120439,"Jorge Antonio Perez Duran, Mexico",UTC,2018-10-21 17:00:00+00:00,1078.0,Estadio Universitario BUAP,Puebla,2018,Apertura - 13,Lobos Buap,Guadalajara Chivas,,,1.0,1.0,1.0,0.0,1.0,1.0,,,,,2018,empate
120440,"Cesar Arturo Ramos Palazuelos, Mexico",UTC,2018-10-21 21:30:00+00:00,,Estadio Olimpico Universitario,Mexico City,2018,Apertura - 13,U.N.A.M. - Pumas,Tigres UANL,,,3.0,3.0,2.0,2.0,3.0,3.0,,,,,2018,empate
120441,"Oscar Macias, Mexico",UTC,2018-10-21 23:00:00+00:00,,Estadio Jose Maria Morelos y Pavon,Morelia,2018,Apertura - 13,Monarcas,Puebla,True,False,2.0,0.0,0.0,0.0,2.0,0.0,,,,,2018,local_gana
120442,"Cesar Arturo Ramos Palazuelos, Mexico",UTC,2018-10-27 00:00:00+00:00,,Estadio TSM Corona,Torreon,2018,Apertura - 14,Santos Laguna,Monterrey,True,False,1.0,0.0,1.0,0.0,1.0,0.0,,,,,2018,local_gana
120443,"Oscar Macias, Mexico",UTC,2018-10-27 02:05:00+00:00,,Estadio Luis Pirata Fuente,Veracruz,2018,Apertura - 14,Veracruz,Pachuca,False,True,2.0,3.0,0.0,1.0,2.0,3.0,,,,,2018,visitante_gana
120444,"Luis Santander, Mexico",UTC,2018-10-27 23:00:00+00:00,20474.0,Estadio Victoria,Aguascalientes,2018,Apertura - 14,Necaxa,Atlas,,,2.0,2.0,0.0,1.0,2.0,2.0,,,,,2018,empate
120446,"Fernando Guerrero Ramirez, Mexico",UTC,2018-10-28 01:00:00+00:00,,Estadio Akron,Guadalajara,2018,Apertura - 14,Guadalajara Chivas,Monarcas,False,True,1.0,2.0,1.0,0.0,1.0,2.0,,,,,2018,visitante_gana
120445,"Diego Montano, Mexico",UTC,2018-10-28 01:00:00+00:00,,Estadio Universitario (UANL),Monterrey,2018,Apertura - 14,Tigres UANL,Lobos Buap,,,2.0,2.0,0.0,1.0,2.0,2.0,,,,,2018,empate
120447,"Jorge Antonio Perez Duran, Mexico",UTC,2018-10-28 02:00:00+00:00,,Estadio Azul,Mexico City,2018,Apertura - 14,Cruz Azul,Club America,,,0.0,0.0,0.0,0.0,0.0,0.0,,,,,2018,empate
120448,"Adonai Escobedo Gonzalez, Mexico",UTC,2018-10-28 02:06:00+00:00,1088.0,Estadio Caliente,Tijuana,2018,Apertura - 14,Club Tijuana,U.N.A.M. - Pumas,False,True,0.0,1.0,0.0,0.0,0.0,1.0,,,,,2018,visitante_gana
120449,"Marco Antonio Ortiz Nava, Mexico",UTC,2018-10-28 18:00:00+00:00,,Estadio Nemesio Diez,Toluca,2018,Apertura - 14,Toluca,Club Queretaro,True,False,4.0,0.0,1.0,0.0,4.0,0.0,,,,,2018,local_gana
120450,"Jorge Isaac Rojas Castillo, Mexico",UTC,2018-10-29 01:00:00+00:00,,Estadio Leon,Leon,2018,Apertura - 14,Leon,Puebla,False,True,0.0,4.0,0.0,2.0,0.0,4.0,,,,,2018,visitante_gana
120451,"Jorge Antonio Perez Duran, Mexico",UTC,2018-11-03 01:00:00+00:00,,Estadio Jose Maria Morelos y Pavon,Morelia,2018,Apertura - 15,Monarcas,Tigres UANL,False,True,0.0,2.0,0.0,0.0,0.0,2.0,,,,,2018,visitante_gana
120452,"Diego Montano, Mexico",UTC,2018-11-03 03:00:00+00:00,1082.0,Estadio Cuauhtemoc,Puebla,2018,Apertura - 15,Puebla,Guadalajara Chivas,,,2.0,2.0,0.0,2.0,2.0,2.0,,,,,2018,empate
120453,"Cesar Arturo Ramos Palazuelos, Mexico",UTC,2018-11-03 23:00:00+00:00,,Estadio Miguel Hidalgo,Pachuca de Soto,2018,Apertura - 15,Pachuca,Necaxa,True,False,6.0,2.0,3.0,0.0,6.0,2.0,,,,,2018,local_gana
120454,"Oscar Macias, Mexico",UTC,2018-11-04 01:00:00+00:00,,Estadio Azteca,Mexico City,2018,Apertura - 15,Club America,Toluca,,,1.0,1.0,1.0,1.0,1.0,1.0,,,,,2018,empate
120455,"Oscar Mejia Garcia, Mexico",UTC,2018-11-04 01:06:00+00:00,,Estadio BBVA Bancomer,Monterrey,2018,Apertura - 15,Monterrey,Veracruz,True,False,2.0,0.0,1.0,0.0,2.0,0.0,,,,,2018,local_gana
120456,"Luis Santander, Mexico",UTC,2018-11-04 03:00:00+00:00,1078.0,Estadio Universitario BUAP,Puebla,2018,Apertura - 15,Lobos Buap,Club Tijuana,True,False,3.0,1.0,1.0,0.0,3.0,1.0,,,,,2018,local_gana
120457,"Jorge Isaac Rojas Castillo, Mexico",UTC,2018-11-04 18:00:00+00:00,,Estadio Olimpico Universitario,Mexico City,2018,Apertura - 15,U.N.A.M. - Pumas,Cruz Azul,False,True,1.0,2.0,0.0,1.0,1.0,2.0,,,,,2018,visitante_gana
120458,"Fernando Guerrero Ramirez, Mexico",UTC,2018-11-04 22:00:00+00:00,1084.0,Estadio La Corregidora,Santiago de Queretaro,2018,Apertura - 15,Club Queretaro,Santos Laguna,True,False,2.0,1.0,1.0,0.0,2.0,1.0,,,,,2018,local_gana
120459,"Francisco Chacon Gutierrez, Mexico",UTC,2018-11-05 00:00:00+00:00,1071.0,Estadio Jalisco,Guadalajara,2018,Apertura - 15,Atlas,Leon,,,0.0,0.0,0.0,0.0,0.0,0.0,,,,,2018,empate
120460,"Roberto Garcia Orozco, Mexico",UTC,2018-11-10 01:00:00+00:00,,Estadio Luis Pirata Fuente,Veracruz,2018,Apertura - 16,Veracruz,Club Queretaro,,,2.0,2.0,2.0,0.0,2.0,2.0,,,,,2018,empate
120461,"Diego Montano, Mexico",UTC,2018-11-10 03:00:00+00:00,1071.0,Estadio Jalisco,Guadalajara,2018,Apertura - 16,Atlas,Pachuca,,,0.0,0.0,0.0,0.0,0.0,0.0,,,,,2018,empate
120462,"Cesar Arturo Ramos Palazuelos, Mexico",UTC,2018-11-10 23:00:00+00:00,,Estadio Azul,Mexico City,2018,Apertura - 16,Cruz Azul,Lobos Buap,True,False,2.0,1.0,2.0,1.0,2.0,1.0,,,,,2018,local_gana
120464,"Oscar Mejia Garcia, Mexico",UTC,2018-11-11 01:00:00+00:00,,Estadio Universitario (UANL),Monterrey,2018,Apertura - 16,Tigres UANL,Puebla,True,False,6.0,1.0,4.0,1.0,6.0,1.0,,,,,2018,local_gana
120463,"Roberto Rios Jacome, Mexico",UTC,2018-11-11 01:00:00+00:00,,Estadio Leon,Leon,2018,Apertura - 16,Leon,Guadalajara Chivas,False,True,0.0,1.0,0.0,0.0,0.0,1.0,,,,,2018,visitante_gana
120466,"Jorge Isaac Rojas Castillo, Mexico",UTC,2018-11-11 03:00:00+00:00,1088.0,Estadio Caliente,Tijuana,2018,Apertura - 16,Club Tijuana,Monarcas,False,True,2.0,3.0,0.0,1.0,2.0,3.0,,,,,2018,visitante_gana
120465,"Jorge Antonio Perez Duran, Mexico",UTC,2018-11-11 03:00:00+00:00,20474.0,Estadio Victoria,Aguascalientes,2018,Apertura - 16,Necaxa,Monterrey,,,1.0,1.0,0.0,1.0,1.0,1.0,,,,,2018,empate
120467,"Fernando Guerrero Ramirez, Mexico",UTC,2018-11-11 18:00:00+00:00,,Estadio Nemesio Diez,Toluca,2018,Apertura - 16,Toluca,U.N.A.M. - Pumas,False,True,0.0,1.0,0.0,1.0,0.0,1.0,,,,,2018,visitante_gana
120468,"Luis Santander, Mexico",UTC,2018-11-12 00:00:00+00:00,,Estadio TSM Corona,Torreon,2018,Apertura - 16,Santos Laguna,Club America,,,1.0,1.0,0.0,0.0,1.0,1.0,,,,,2018,empate
120469,"Luis Santander, Mexico",UTC,2018-11-24 01:00:00+00:00,,Estadio Jose Maria Morelos y Pavon,Morelia,2018,Apertura - 17,Monarcas,Cruz Azul,False,True,0.0,2.0,0.0,0.0,0.0,2.0,,,,,2018,visitante_gana
120470,"Oscar Macias, Mexico",UTC,2018-11-24 03:00:00+00:00,1082.0,Estadio Cuauhtemoc,Puebla,2018,Apertura - 17,Puebla,Club Tijuana,,,0.0,0.0,0.0,0.0,0.0,0.0,,,,,2018,empate
120471,"Jorge Isaac Rojas Castillo, Mexico",UTC,2018-11-24 23:00:00+00:00,1084.0,Estadio La Corregidora,Santiago de Queretaro,2018,Apertura - 17,Club Queretaro,Necaxa,True,False,1.0,0.0,1.0,0.0,1.0,0.0,,,,,2018,local_gana
120473,"Diego Montano, Mexico",UTC,2018-11-25 01:00:00+00:00,,Estadio Azteca,Mexico City,2018,Apertura - 17,Club America,Veracruz,True,False,4.0,1.0,3.0,1.0,4.0,1.0,,,,,2018,local_gana
120472,"Fernando Guerrero Ramirez, Mexico",UTC,2018-11-25 01:00:00+00:00,,Estadio Miguel Hidalgo,Pachuca de Soto,2018,Apertura - 17,Pachuca,Leon,,,1.0,1.0,1.0,1.0,1.0,1.0,,,,,2018,empate
120474,"Cesar Arturo Ramos Palazuelos, Mexico",UTC,2018-11-25 03:00:00+00:00,,Estadio Akron,Guadalajara,2018,Apertura - 17,Guadalajara Chivas,Tigres UANL,False,True,0.0,1.0,0.0,0.0,0.0,1.0,,,,,2018,visitante_gana
120475,"Roberto Garcia Orozco, Mexico",UTC,2018-11-25 03:06:00+00:00,,Estadio BBVA Bancomer,Monterrey,2018,Apertura - 17,Monterrey,Atlas,True,False,3.0,1.0,1.0,0.0,3.0,1.0,,,,,2018,local_gana
120476,"Jorge Antonio Perez Duran, Mexico",UTC,2018-11-25 18:00:00+00:00,,Estadio Olimpico Universitario,Mexico City,2018,Apertura - 17,U.N.A.M. - Pumas,Santos Laguna,,,1.0,1.0,0.0,1.0,1.0,1.0,,,,,2018,empate
120477,"Francisco Chacon Gutierrez, Mexico",UTC,2018-11-25 22:00:00+00:00,1078.0,Estadio Universitario BUAP,Puebla,2018,Apertura - 17,Lobos Buap,Toluca,True,False,2.0,0.0,1.0,0.0,2.0,0.0,,,,,2018,local_gana
120164,"Diego Montano, Mexico",UTC,2018-11-29 01:00:00+00:00,1084.0,Estadio La Corregidora,Santiago de Queretaro,2018,Apertura - Quarter-finals,Club Queretaro,Cruz Azul,False,True,0.0,2.0,0.0,1.0,0.0,2.0,,,,,2018,visitante_gana
120166,"Luis Santander, Mexico",UTC,2018-11-29 03:06:00+00:00,,Estadio BBVA Bancomer,Monterrey,2018,Apertura - Quarter-finals,Monterrey,Santos Laguna,True,False,1.0,0.0,0.0,0.0,1.0,0.0,,,,,2018,local_gana
120168,"Marco Antonio Ortiz Nava, Mexico",UTC,2018-11-30 01:00:00+00:00,,Estadio Nemesio Diez,Toluca,2018,Apertura - Quarter-finals,Toluca,Club America,,,2.0,2.0,1.0,2.0,2.0,2.0,,,,,2018,empate
120170,"Oscar Macias, Mexico",UTC,2018-11-30 03:00:00+00:00,,Estadio Universitario (UANL),Monterrey,2018,Apertura - Quarter-finals,Tigres UANL,U.N.A.M. - Pumas,True,False,2.0,1.0,0.0,1.0,2.0,1.0,,,,,2018,local_gana
120165,"Jorge Antonio Perez Duran, Mexico",UTC,2018-12-02 01:00:00+00:00,,Estadio Azteca,Mexico City,2018,Apertura - Quarter-finals,Cruz Azul,Club Queretaro,,,1.0,1.0,1.0,0.0,1.0,1.0,,,,,2018,empate
120167,"Jorge Isaac Rojas Castillo, Mexico",UTC,2018-12-02 03:00:00+00:00,,Estadio TSM Corona,Torreon,2018,Apertura - Quarter-finals,Santos Laguna,Monterrey,False,True,0.0,2.0,0.0,0.0,0.0,2.0,,,,,2018,visitante_gana
120171,"Fernando Guerrero Ramirez, Mexico",UTC,2018-12-02 18:00:00+00:00,,Estadio Olimpico Universitario,Mexico City,2018,Apertura - Quarter-finals,U.N.A.M. - Pumas,Tigres UANL,True,False,3.0,1.0,0.0,0.0,3.0,1.0,,,,,2018,local_gana
120169,"Cesar Arturo Ramos Palazuelos, Mexico",UTC,2018-12-03 00:30:00+00:00,,Estadio Azteca,Mexico City,2018,Apertura - Quarter-finals,Club America,Toluca,True,False,3.0,2.0,2.0,0.0,3.0,2.0,,,,,2018,local_gana
120160,"Cesar Arturo Ramos Palazuelos, Mexico",UTC,2018-12-06 02:06:00+00:00,,Estadio BBVA Bancomer,Monterrey,2018,Apertura - Semi-finals,Monterrey,Cruz Azul,True,False,1.0,0.0,1.0,0.0,1.0,0.0,,,,,2018,local_gana
120162,"Luis Santander, Mexico",UTC,2018-12-07 02:45:00+00:00,,Estadio Olimpico Universitario,Mexico City,2018,Apertura - Semi-finals,U.N.A.M. - Pumas,Club America,,,1.0,1.0,0.0,1.0,1.0,1.0,,,,,2018,empate
120161,"Fernando Guerrero Ramirez, Mexico",UTC,2018-12-09 01:00:00+00:00,,Estadio Azteca,Mexico City,2018,Apertura - Semi-finals,Cruz Azul,Monterrey,True,False,1.0,0.0,0.0,0.0,1.0,0.0,,,,,2018,local_gana
120163,"Jorge Isaac Rojas Castillo, Mexico",UTC,2018-12-10 00:45:00+00:00,,Estadio Azteca,Mexico City,2018,Apertura - Semi-finals,Club America,U.N.A.M. - Pumas,True,False,6.0,1.0,3.0,1.0,6.0,1.0,,,,,2018,local_gana
120158,"Fernando Guerrero Ramirez, Mexico",UTC,2018-12-14 02:30:00+00:00,,Estadio Azteca,Mexico City,2018,Apertura - Finals,Club America,Cruz Azul,,,0.0,0.0,0.0,0.0,0.0,0.0,,,,,2018,empate
120159,"Cesar Arturo Ramos Palazuelos, Mexico",UTC,2018-12-17 00:30:00+00:00,,Estadio Azteca,Mexico City,2018,Apertura - Finals,Cruz Azul,Club America,False,True,0.0,2.0,0.0,0.0,0.0,2.0,,,,,2018,visitante_gana
120172,"Luis Santander, Mexico",UTC,2019-01-05 01:00:00+00:00,,Estadio Jose Maria Morelos y Pavon,Morelia,2018,Clausura - 1,Monarcas,Toluca,False,True,1.0,3.0,1.0,2.0,1.0,3.0,,,,,2019,visitante_gana
120173,"Edgar Ulises Rangel Araujo, Mexico",UTC,2019-01-05 03:00:00+00:00,1082.0,Estadio Cuauhtemoc,Puebla,2018,Clausura - 1,Puebla,Cruz Azul,,,1.0,1.0,1.0,1.0,1.0,1.0,,,,,2019,empate
120174,"Oscar Macias, Mexico",UTC,2019-01-05 23:00:00+00:00,1084.0,Estadio La Corregidora,Santiago de Queretaro,2018,Clausura - 1,Club Queretaro,Atlas,False,True,1.0,2.0,1.0,1.0,1.0,2.0,,,,,2019,visitante_gana
120175,"Jorge Isaac Rojas Castillo, Mexico",UTC,2019-01-05 23:06:00+00:00,,Estadio BBVA Bancomer,Monterrey,2018,Clausura - 1,Monterrey,Pachuca,True,False,5.0,0.0,1.0,0.0,5.0,0.0,,,,,2019,local_gana
120176,"Fernando Hernandez, Mexico",UTC,2019-01-06 01:06:00+00:00,,Estadio Leon,Leon,2018,Clausura - 1,Leon,Tigres UANL,,,2.0,2.0,1.0,1.0,2.0,2.0,,,,,2019,empate
120177,"Adonai Escobedo Gonzalez, Mexico",UTC,2019-01-06 03:00:00+00:00,,Estadio Akron,Guadalajara,2018,Clausura - 1,Guadalajara Chivas,Club Tijuana,True,False,2.0,0.0,0.0,0.0,2.0,0.0,,,,,2019,local_gana
120178,"Francisco Chacon Gutierrez, Mexico",UTC,2019-01-06 18:00:00+00:00,,Estadio Olimpico Universitario,Mexico City,2018,Clausura - 1,U.N.A.M. - Pumas,Veracruz,,,0.0,0.0,0.0,0.0,0.0,0.0,,,,,2019,empate
120179,"Mario Humberto Vargas Mata, Mexico",UTC,2019-01-06 22:00:00+00:00,1078.0,Estadio Universitario BUAP,Puebla,2018,Clausura - 1,Lobos Buap,Santos Laguna,True,False,2.0,0.0,0.0,0.0,2.0,0.0,,,,,2019,local_gana
120181,"Fernando Guerrero Ramirez, Mexico",UTC,2019-01-12 01:00:00+00:00,,Estadio Luis Pirata Fuente,Veracruz,2018,Clausura - 2,Veracruz,Lobos Buap,False,True,0.0,1.0,0.0,0.0,0.0,1.0,,,,,2019,visitante_gana
120182,"Jorge Antonio Perez Duran, Mexico",UTC,2019-01-12 03:00:00+00:00,1071.0,Estadio Jalisco,Guadalajara,2018,Clausura - 2,Atlas,Club America,False,True,1.0,2.0,0.0,0.0,1.0,2.0,,,,,2019,visitante_gana
120183,"Francisco Chacon Gutierrez, Mexico",UTC,2019-01-12 23:00:00+00:00,,Estadio BBVA Bancomer,Monterrey,2018,Clausura - 2,Monterrey,Leon,,,2.0,2.0,0.0,0.0,2.0,2.0,,,,,2019,empate
120184,"Jorge Isaac Rojas Castillo, Mexico",UTC,2019-01-13 01:00:00+00:00,,Estadio Azul,Mexico City,2018,Clausura - 2,Cruz Azul,Guadalajara Chivas,False,True,0.0,1.0,0.0,0.0,0.0,1.0,,,,,2019,visitante_gana
120185,"Fernando Hernandez, Mexico",UTC,2019-01-13 01:06:00+00:00,,Estadio Miguel Hidalgo,Pachuca de Soto,2018,Clausura - 2,Pachuca,Club Queretaro,True,False,3.0,0.0,0.0,0.0,3.0,0.0,,,,,2019,local_gana
120187,"Oscar Macias, Mexico",UTC,2019-01-13 03:00:00+00:00,1088.0,Estadio Caliente,Tijuana,2018,Clausura - 2,Club Tijuana,Tigres UANL,False,True,0.0,3.0,0.0,0.0,0.0,3.0,,,,,2019,visitante_gana
120186,"Luis Santander, Mexico",UTC,2019-01-13 03:00:00+00:00,20474.0,Estadio Victoria,Aguascalientes,2018,Clausura - 2,Necaxa,U.N.A.M. - Pumas,True,False,2.0,1.0,1.0,0.0,2.0,1.0,,,,,2019,local_gana
120188,"Diego Montano, Mexico",UTC,2019-01-13 18:00:00+00:00,,Estadio Nemesio Diez,Toluca,2018,Clausura - 2,Toluca,Puebla,True,False,2.0,0.0,1.0,0.0,2.0,0.0,,,,,2019,local_gana
120189,"Adonai Escobedo Gonzalez, Mexico",UTC,2019-01-14 00:00:00+00:00,,Estadio TSM Corona,Torreon,2018,Clausura - 2,Santos Laguna,Monarcas,True,False,1.0,0.0,0.0,0.0,1.0,0.0,,,,,2019,local_gana
120190,"Jorge Isaac Rojas Castillo, Mexico",UTC,2019-01-19 03:00:00+00:00,,Estadio Jose Maria Morelos y Pavon,Morelia,2018,Clausura - 3,Monarcas,Veracruz,True,False,2.0,0.0,0.0,0.0,2.0,0.0,,,,,2019,local_gana
120191,"Fernando Hernandez, Mexico",UTC,2019-01-19 03:00:00+00:00,1082.0,Estadio Cuauhtemoc,Puebla,2018,Clausura - 3,Puebla,Santos Laguna,,,1.0,1.0,1.0,1.0,1.0,1.0,,,,,2019,empate
120192,"Diego Montano, Mexico",UTC,2019-01-19 23:00:00+00:00,1084.0,Estadio La Corregidora,Santiago de Queretaro,2018,Clausura - 3,Club Queretaro,Monterrey,False,True,1.0,2.0,1.0,0.0,1.0,2.0,,,,,2019,visitante_gana
120193,"Oscar Macias, Mexico",UTC,2019-01-20 01:00:00+00:00,,Estadio Azteca,Mexico City,2018,Clausura - 3,Club America,Pachuca,True,False,3.0,0.0,1.0,0.0,3.0,0.0,,,,,2019,local_gana
120194,"Fernando Guerrero Ramirez, Mexico",UTC,2019-01-20 03:00:00+00:00,,Estadio Universitario (UANL),Monterrey,2018,Clausura - 3,Tigres UANL,Cruz Azul,False,True,0.0,1.0,0.0,1.0,0.0,1.0,,,,,2019,visitante_gana
120195,"Adonai Escobedo Gonzalez, Mexico",UTC,2019-01-20 18:00:00+00:00,,Estadio Olimpico Universitario,Mexico City,2018,Clausura - 3,U.N.A.M. - Pumas,Atlas,,,2.0,2.0,2.0,0.0,2.0,2.0,,,,,2019,empate
120196,"Oscar Mejia Garcia, Mexico",UTC,2019-01-20 22:00:00+00:00,1078.0,Estadio Universitario BUAP,Puebla,2018,Clausura - 3,Lobos Buap,Necaxa,False,True,2.0,3.0,2.0,1.0,2.0,3.0,,,,,2019,visitante_gana
120197,"Jorge Antonio Perez Duran, Mexico",UTC,2019-01-21 00:30:00+00:00,,Estadio Akron,Guadalajara,2018,Clausura - 3,Guadalajara Chivas,Toluca,True,False,1.0,0.0,0.0,0.0,1.0,0.0,,,,,2019,local_gana
120198,"Luis Santander, Mexico",UTC,2019-01-21 02:15:00+00:00,,Estadio Leon,Leon,2018,Clausura - 3,Leon,Club Tijuana,False,True,0.0,1.0,0.0,1.0,0.0,1.0,,,,,2019,visitante_gana
120199,"Oscar Macias, Mexico",UTC,2019-01-26 01:00:00+00:00,,Estadio Luis Pirata Fuente,Veracruz,2018,Clausura - 4,Veracruz,Puebla,False,True,0.0,1.0,0.0,1.0,0.0,1.0,,,,,2019,visitante_gana
120200,"Diego Montano, Mexico",UTC,2019-01-26 03:00:00+00:00,1071.0,Estadio Jalisco,Guadalajara,2018,Clausura - 4,Atlas,Lobos Buap,True,False,3.0,1.0,1.0,0.0,3.0,1.0,,,,,2019,local_gana
120202,"Fernando Guerrero Ramirez, Mexico",UTC,2019-01-26 23:00:00+00:00,,Estadio BBVA Bancomer,Monterrey,2018,Clausura - 4,Monterrey,Club America,True,False,3.0,2.0,1.0,1.0,3.0,2.0,,,,,2019,local_gana
120201,"Oscar Mejia Garcia, Mexico",UTC,2019-01-26 23:00:00+00:00,,Estadio Azteca,Mexico City,2018,Clausura - 4,Cruz Azul,Club Tijuana,True,False,1.0,0.0,1.0,0.0,1.0,0.0,,,,,2019,local_gana
120203,"Roberto Rios Jacome, Mexico",UTC,2019-01-27 01:00:00+00:00,,Estadio Miguel Hidalgo,Pachuca de Soto,2018,Clausura - 4,Pachuca,U.N.A.M. - Pumas,True,False,1.0,0.0,0.0,0.0,1.0,0.0,,,,,2019,local_gana
120204,"Alejandro Funk Villafane, Mexico",UTC,2019-01-27 03:00:00+00:00,20474.0,Estadio Victoria,Aguascalientes,2018,Clausura - 4,Necaxa,Monarcas,,,0.0,0.0,0.0,0.0,0.0,0.0,,,,,2019,empate
120205,"Jorge Isaac Rojas Castillo, Mexico",UTC,2019-01-27 18:00:00+00:00,,Estadio Nemesio Diez,Toluca,2018,Clausura - 4,Toluca,Tigres UANL,False,True,0.0,1.0,0.0,1.0,0.0,1.0,,,,,2019,visitante_gana
120206,"Eduardo Galvan Basulto, Mexico",UTC,2019-01-27 22:00:00+00:00,1084.0,Estadio La Corregidora,Santiago de Queretaro,2018,Clausura - 4,Club Queretaro,Leon,False,True,0.0,4.0,0.0,3.0,0.0,4.0,,,,,2019,visitante_gana
120207,"Luis Santander, Mexico",UTC,2019-01-28 00:06:00+00:00,,Estadio TSM Corona,Torreon,2018,Clausura - 4,Santos Laguna,Guadalajara Chivas,True,False,1.0,0.0,1.0,0.0,1.0,0.0,,,,,2019,local_gana
120208,"Francisco Chacon Gutierrez, Mexico",UTC,2019-02-02 01:00:00+00:00,,Estadio Jose Maria Morelos y Pavon,Morelia,2018,Clausura - 5,Monarcas,Atlas,False,True,1.0,2.0,0.0,0.0,1.0,2.0,,,,,2019,visitante_gana
120209,"Roberto Rios Jacome, Mexico",UTC,2019-02-02 03:00:00+00:00,1082.0,Estadio Cuauhtemoc,Puebla,2018,Clausura - 5,Puebla,Necaxa,False,True,1.0,4.0,1.0,2.0,1.0,4.0,,,,,2019,visitante_gana
120210,"Jorge Isaac Rojas Castillo, Mexico",UTC,2019-02-02 23:00:00+00:00,,Estadio Azteca,Mexico City,2018,Clausura - 5,Club America,Club Queretaro,True,False,2.0,0.0,1.0,0.0,2.0,0.0,,,,,2019,local_gana
120212,"Erick Yair Miranda Galindo, Mexico",UTC,2019-02-03 01:00:00+00:00,,Estadio Universitario (UANL),Monterrey,2018,Clausura - 5,Tigres UANL,Santos Laguna,True,False,2.0,1.0,1.0,1.0,2.0,1.0,,,,,2019,local_gana
120211,"Diego Montano, Mexico",UTC,2019-02-03 01:00:00+00:00,,Estadio Leon,Leon,2018,Clausura - 5,Leon,Cruz Azul,True,False,2.0,0.0,2.0,0.0,2.0,0.0,,,,,2019,local_gana
120213,"Adonai Escobedo Gonzalez, Mexico",UTC,2019-02-03 03:06:00+00:00,1088.0,Estadio Caliente,Tijuana,2018,Clausura - 5,Club Tijuana,Toluca,True,False,2.0,0.0,1.0,0.0,2.0,0.0,,,,,2019,local_gana
120214,"Oscar Macias, Mexico",UTC,2019-02-03 18:00:00+00:00,,Estadio Olimpico Universitario,Mexico City,2018,Clausura - 5,U.N.A.M. - Pumas,Monterrey,,,1.0,1.0,0.0,1.0,1.0,1.0,,,,,2019,empate
120215,"Alejandro Funk Villafane, Mexico",UTC,2019-02-03 22:00:00+00:00,1078.0,Estadio Universitario BUAP,Puebla,2018,Clausura - 5,Lobos Buap,Pachuca,,,1.0,1.0,0.0,0.0,1.0,1.0,,,,,2019,empate
120216,"Eduardo Galvan Basulto, Mexico",UTC,2019-02-05 00:36:00+00:00,,Estadio Akron,Guadalajara,2018,Clausura - 5,Guadalajara Chivas,Veracruz,,,0.0,0.0,0.0,0.0,0.0,0.0,,,,,2019,empate
120217,"Fernando Hernandez, Mexico",UTC,2019-02-09 01:00:00+00:00,,Estadio Luis Pirata Fuente,Veracruz,2018,Clausura - 6,Veracruz,Tigres UANL,False,True,0.0,2.0,0.0,0.0,0.0,2.0,,,,,2019,visitante_gana
120218,"Erick Yair Miranda Galindo, Mexico",UTC,2019-02-09 03:00:00+00:00,1071.0,Estadio Jalisco,Guadalajara,2018,Clausura - 6,Atlas,Puebla,False,True,1.0,2.0,1.0,1.0,1.0,2.0,,,,,2019,visitante_gana
120220,"Eduardo Galvan Basulto, Mexico",UTC,2019-02-09 23:00:00+00:00,,Estadio BBVA Bancomer,Monterrey,2018,Clausura - 6,Monterrey,Lobos Buap,True,False,4.0,0.0,2.0,0.0,4.0,0.0,,,,,2019,local_gana
120219,"Luis Santander, Mexico",UTC,2019-02-09 23:00:00+00:00,1084.0,Estadio La Corregidora,Santiago de Queretaro,2018,Clausura - 6,Club Queretaro,U.N.A.M. - Pumas,False,True,0.0,2.0,0.0,1.0,0.0,2.0,,,,,2019,visitante_gana
120221,"Oscar Mejia Garcia, Mexico",UTC,2019-02-10 01:00:00+00:00,,Estadio Azteca,Mexico City,2018,Clausura - 6,Club America,Leon,False,True,0.0,3.0,0.0,1.0,0.0,3.0,,,,,2019,visitante_gana
120222,"Jorge Antonio Perez Duran, Mexico",UTC,2019-02-10 01:00:00+00:00,,Estadio Miguel Hidalgo,Pachuca de Soto,2018,Clausura - 6,Pachuca,Monarcas,True,False,2.0,0.0,0.0,0.0,2.0,0.0,,,,,2019,local_gana
120223,"Cesar Arturo Ramos Palazuelos, Mexico",UTC,2019-02-10 03:00:00+00:00,20474.0,Estadio Victoria,Aguascalientes,2018,Clausura - 6,Necaxa,Guadalajara Chivas,,,3.0,3.0,0.0,1.0,3.0,3.0,,,,,2019,empate
120224,"Francisco Chacon Gutierrez, Mexico",UTC,2019-02-10 18:00:00+00:00,,Estadio Nemesio Diez,Toluca,2018,Clausura - 6,Toluca,Cruz Azul,,,1.0,1.0,0.0,1.0,1.0,1.0,,,,,2019,empate
120225,"Alejandro Funk Villafane, Mexico",UTC,2019-02-11 00:00:00+00:00,,Estadio TSM Corona,Torreon,2018,Clausura - 6,Santos Laguna,Club Tijuana,,,1.0,1.0,0.0,1.0,1.0,1.0,,,,,2019,empate
120226,"Roberto Rios Jacome, Mexico",UTC,2019-02-16 01:00:00+00:00,,Estadio Jose Maria Morelos y Pavon,Morelia,2018,Clausura - 7,Monarcas,Monterrey,False,True,2.0,3.0,1.0,1.0,2.0,3.0,,,,,2019,visitante_gana
120227,"Oscar Mejia Garcia, Mexico",UTC,2019-02-16 03:00:00+00:00,1082.0,Estadio Cuauhtemoc,Puebla,2018,Clausura - 7,Puebla,Pachuca,,,1.0,1.0,0.0,1.0,1.0,1.0,,,,,2019,empate
120228,"Diego Montano, Mexico",UTC,2019-02-16 03:06:00+00:00,1088.0,Estadio Caliente,Tijuana,2018,Clausura - 7,Club Tijuana,Veracruz,True,False,3.0,0.0,2.0,0.0,3.0,0.0,,,,,2019,local_gana
120229,"Eduardo Galvan Basulto, Mexico",UTC,2019-02-16 23:00:00+00:00,,Estadio Azteca,Mexico City,2018,Clausura - 7,Cruz Azul,Santos Laguna,False,True,1.0,2.0,1.0,1.0,1.0,2.0,,,,,2019,visitante_gana
120230,"Francisco Chacon Gutierrez, Mexico",UTC,2019-02-17 01:00:00+00:00,,Estadio Universitario (UANL),Monterrey,2018,Clausura - 7,Tigres UANL,Necaxa,True,False,3.0,2.0,1.0,0.0,3.0,2.0,,,,,2019,local_gana
120231,"Jose Penaloza, Mexico",UTC,2019-02-17 01:00:00+00:00,,Estadio Leon,Leon,2018,Clausura - 7,Leon,Toluca,True,False,3.0,0.0,0.0,0.0,3.0,0.0,,,,,2019,local_gana
120232,"Jorge Isaac Rojas Castillo, Mexico",UTC,2019-02-17 03:00:00+00:00,,Estadio Akron,Guadalajara,2018,Clausura - 7,Guadalajara Chivas,Atlas,True,False,3.0,0.0,2.0,0.0,3.0,0.0,,,,,2019,local_gana
120233,"Cesar Arturo Ramos Palazuelos, Mexico",UTC,2019-02-17 18:00:00+00:00,,Estadio Olimpico Universitario,Mexico City,2018,Clausura - 7,U.N.A.M. - Pumas,Club America,True,False,1.0,0.0,0.0,0.0,1.0,0.0,,,,,2019,local_gana
120234,"Jorge Antonio Perez Duran, Mexico",UTC,2019-02-17 22:00:00+00:00,1078.0,Estadio Universitario BUAP,Puebla,2018,Clausura - 7,Lobos Buap,Club Queretaro,True,False,3.0,1.0,1.0,1.0,3.0,1.0,,,,,2019,local_gana
120236,"Eduardo Galvan Basulto, Mexico",UTC,2019-02-23 03:00:00+00:00,1071.0,Estadio Jalisco,Guadalajara,2018,Clausura - 8,Atlas,Tigres UANL,False,True,0.0,1.0,0.0,0.0,0.0,1.0,,,,,2019,visitante_gana
120235,"Marco Antonio Ortiz Nava, Mexico",UTC,2019-02-23 03:00:00+00:00,,Estadio Luis Pirata Fuente,Veracruz,2018,Clausura - 8,Veracruz,Cruz Azul,,,1.0,1.0,1.0,0.0,1.0,1.0,,,,,2019,empate
120237,"Fernando Guerrero Ramirez, Mexico",UTC,2019-02-23 23:00:00+00:00,1084.0,Estadio La Corregidora,Santiago de Queretaro,2018,Clausura - 8,Club Queretaro,Monarcas,True,False,3.0,0.0,0.0,0.0,3.0,0.0,,,,,2019,local_gana
120238,"Jorge Antonio Perez Duran, Mexico",UTC,2019-02-24 01:00:00+00:00,,Estadio BBVA Bancomer,Monterrey,2018,Clausura - 8,Monterrey,Puebla,,,0.0,0.0,0.0,0.0,0.0,0.0,,,,,2019,empate
120239,"Diego Montano, Mexico",UTC,2019-02-24 01:00:00+00:00,,Estadio Azteca,Mexico City,2018,Clausura - 8,Club America,Lobos Buap,True,False,3.0,0.0,1.0,0.0,3.0,0.0,,,,,2019,local_gana
120240,"Jorge Isaac Rojas Castillo, Mexico",UTC,2019-02-24 03:00:00+00:00,20474.0,Estadio Victoria,Aguascalientes,2018,Clausura - 8,Necaxa,Club Tijuana,False,True,1.0,2.0,0.0,0.0,1.0,2.0,,,,,2019,visitante_gana
120241,"Fernando Hernandez, Mexico",UTC,2019-02-24 03:00:00+00:00,,Estadio Miguel Hidalgo,Pachuca de Soto,2018,Clausura - 8,Pachuca,Guadalajara Chivas,True,False,3.0,1.0,1.0,1.0,3.0,1.0,,,,,2019,local_gana
120242,"Francisco Chacon Gutierrez, Mexico",UTC,2019-02-24 18:00:00+00:00,,Estadio Olimpico Universitario,Mexico City,2018,Clausura - 8,U.N.A.M. - Pumas,Leon,False,True,1.0,3.0,0.0,2.0,1.0,3.0,,,,,2019,visitante_gana
120243,"Luis Santander, Mexico",UTC,2019-02-25 00:06:00+00:00,,Estadio TSM Corona,Torreon,2018,Clausura - 8,Santos Laguna,Toluca,True,False,4.0,0.0,3.0,0.0,4.0,0.0,,,,,2019,local_gana
120245,"Jorge Antonio Perez Duran, Mexico",UTC,2019-03-02 03:00:00+00:00,1088.0,Estadio Caliente,Tijuana,2018,Clausura - 9,Club Tijuana,Atlas,True,False,3.0,1.0,2.0,0.0,3.0,1.0,,,,,2019,local_gana
120244,"Fernando Hernandez, Mexico",UTC,2019-03-02 03:00:00+00:00,,Estadio Jose Maria Morelos y Pavon,Morelia,2018,Clausura - 9,Monarcas,Club America,,,2.0,2.0,1.0,0.0,2.0,2.0,,,,,2019,empate
120246,"Diego Montano, Mexico",UTC,2019-03-02 23:00:00+00:00,,Estadio Azteca,Mexico City,2018,Clausura - 9,Cruz Azul,Necaxa,True,False,2.0,1.0,0.0,1.0,2.0,1.0,,,,,2019,local_gana
120248,"Marco Antonio Ortiz Nava, Mexico",UTC,2019-03-03 01:00:00+00:00,,Estadio Universitario (UANL),Monterrey,2018,Clausura - 9,Tigres UANL,Pachuca,True,False,3.0,0.0,3.0,0.0,3.0,0.0,,,,,2019,local_gana
120247,"Cesar Arturo Ramos Palazuelos, Mexico",UTC,2019-03-03 01:00:00+00:00,,Estadio Leon,Leon,2018,Clausura - 9,Leon,Santos Laguna,True,False,3.0,0.0,0.0,0.0,3.0,0.0,,,,,2019,local_gana
120249,"Adonai Escobedo Gonzalez, Mexico",UTC,2019-03-03 03:00:00+00:00,,Estadio Akron,Guadalajara,2018,Clausura - 9,Guadalajara Chivas,Monterrey,False,True,0.0,2.0,0.0,1.0,0.0,2.0,,,,,2019,visitante_gana
120250,"Fernando Guerrero Ramirez, Mexico",UTC,2019-03-03 18:00:00+00:00,,Estadio Nemesio Diez,Toluca,2018,Clausura - 9,Toluca,Veracruz,True,False,3.0,1.0,1.0,1.0,3.0,1.0,,,,,2019,local_gana
120251,"Jorge Isaac Rojas Castillo, Mexico",UTC,2019-03-03 22:00:00+00:00,1078.0,Estadio Universitario BUAP,Puebla,2018,Clausura - 9,Lobos Buap,U.N.A.M. - Pumas,True,False,2.0,1.0,1.0,0.0,2.0,1.0,,,,,2019,local_gana
120252,"Eduardo Galvan Basulto, Mexico",UTC,2019-03-05 02:00:00+00:00,1082.0,Estadio Cuauhtemoc,Puebla,2018,Clausura - 9,Puebla,Club Queretaro,True,False,1.0,0.0,1.0,0.0,1.0,0.0,,,,,2019,local_gana
120180,"Marco Antonio Ortiz Nava, Mexico",UTC,2019-03-06 02:50:00+00:00,,Estadio Azteca,Mexico City,2018,Clausura - 1,Club America,Necaxa,False,True,1.0,3.0,1.0,0.0,1.0,3.0,,,,,2019,visitante_gana
120253,"Jorge Isaac Rojas Castillo, Mexico",UTC,2019-03-09 01:00:00+00:00,,Estadio Luis Pirata Fuente,Veracruz,2018,Clausura - 10,Veracruz,Santos Laguna,,,2.0,2.0,1.0,1.0,2.0,2.0,,,,,2019,empate
120254,"Luis Santander, Mexico",UTC,2019-03-09 03:00:00+00:00,1071.0,Estadio Jalisco,Guadalajara,2018,Clausura - 10,Atlas,Cruz Azul,False,True,0.0,2.0,0.0,1.0,0.0,2.0,,,,,2019,visitante_gana
120255,"Fernando Guerrero Ramirez, Mexico",UTC,2019-03-09 23:00:00+00:00,,Estadio Miguel Hidalgo,Pachuca de Soto,2018,Clausura - 10,Pachuca,Club Tijuana,True,False,4.0,0.0,2.0,0.0,4.0,0.0,,,,,2019,local_gana
120257,"Cesar Arturo Ramos Palazuelos, Mexico",UTC,2019-03-10 01:00:00+00:00,,Estadio BBVA Bancomer,Monterrey,2018,Clausura - 10,Monterrey,Tigres UANL,,,1.0,1.0,1.0,0.0,1.0,1.0,,,,,2019,empate
120256,"Adonai Escobedo Gonzalez, Mexico",UTC,2019-03-10 01:00:00+00:00,,Estadio Azteca,Mexico City,2018,Clausura - 10,Club America,Puebla,True,False,1.0,0.0,0.0,0.0,1.0,0.0,,,,,2019,local_gana
120258,"Eduardo Galvan Basulto, Mexico",UTC,2019-03-10 03:00:00+00:00,20474.0,Estadio Victoria,Aguascalientes,2018,Clausura - 10,Necaxa,Toluca,,,1.0,1.0,0.0,0.0,1.0,1.0,,,,,2019,empate
120259,"Diego Montano, Mexico",UTC,2019-03-10 03:00:00+00:00,1084.0,Estadio La Corregidora,Santiago de Queretaro,2018,Clausura - 10,Club Queretaro,Guadalajara Chivas,,,0.0,0.0,0.0,0.0,0.0,0.0,,,,,2019,empate
120260,"Jorge Antonio Perez Duran, Mexico",UTC,2019-03-10 18:00:00+00:00,,Estadio Olimpico Universitario,Mexico City,2018,Clausura - 10,U.N.A.M. - Pumas,Monarcas,,,2.0,2.0,0.0,1.0,2.0,2.0,,,,,2019,empate
120261,"Marco Antonio Ortiz Nava, Mexico",UTC,2019-03-10 22:00:00+00:00,1078.0,Estadio Universitario BUAP,Puebla,2018,Clausura - 10,Lobos Buap,Leon,False,True,0.0,1.0,0.0,1.0,0.0,1.0,,,,,2019,visitante_gana
120262,"Roberto Rios Jacome, Mexico",UTC,2019-03-16 01:00:00+00:00,,Estadio Jose Maria Morelos y Pavon,Morelia,2018,Clausura - 11,Monarcas,Lobos Buap,,,1.0,1.0,1.0,1.0,1.0,1.0,,,,,2019,empate
120263,"Marco Antonio Ortiz Nava, Mexico",UTC,2019-03-16 03:00:00+00:00,1082.0,Estadio Cuauhtemoc,Puebla,2018,Clausura - 11,Puebla,U.N.A.M. - Pumas,True,False,1.0,0.0,0.0,0.0,1.0,0.0,,,,,2019,local_gana
120264,"Adonai Escobedo Gonzalez, Mexico",UTC,2019-03-16 23:00:00+00:00,,Estadio Azteca,Mexico City,2018,Clausura - 11,Cruz Azul,Pachuca,True,False,4.0,1.0,2.0,0.0,4.0,1.0,,,,,2019,local_gana
120265,"Jorge Isaac Rojas Castillo, Mexico",UTC,2019-03-17 01:00:00+00:00,,Estadio Akron,Guadalajara,2018,Clausura - 11,Guadalajara Chivas,Club America,False,True,0.0,2.0,0.0,1.0,0.0,2.0,,,,,2019,visitante_gana
120266,"Fernando Hernandez, Mexico",UTC,2019-03-17 03:00:00+00:00,,Estadio Universitario (UANL),Monterrey,2018,Clausura - 11,Tigres UANL,Club Queretaro,True,False,4.0,1.0,2.0,0.0,4.0,1.0,,,,,2019,local_gana
120267,"Diego Montano, Mexico",UTC,2019-03-17 03:06:00+00:00,1088.0,Estadio Caliente,Tijuana,2018,Clausura - 11,Club Tijuana,Monterrey,True,False,1.0,0.0,0.0,0.0,1.0,0.0,,,,,2019,local_gana
120268,"Cesar Arturo Ramos Palazuelos, Mexico",UTC,2019-03-17 18:00:00+00:00,,Estadio Nemesio Diez,Toluca,2018,Clausura - 11,Toluca,Atlas,True,False,2.0,0.0,1.0,0.0,2.0,0.0,,,,,2019,local_gana
120269,"Fernando Guerrero Ramirez, Mexico",UTC,2019-03-18 00:06:00+00:00,,Estadio TSM Corona,Torreon,2018,Clausura - 11,Santos Laguna,Necaxa,False,True,1.0,2.0,0.0,1.0,1.0,2.0,,,,,2019,visitante_gana
120270,"Eduardo Galvan Basulto, Mexico",UTC,2019-03-18 02:00:00+00:00,,Estadio Leon,Leon,2018,Clausura - 11,Leon,Veracruz,True,False,2.0,0.0,2.0,0.0,2.0,0.0,,,,,2019,local_gana
120271,"Oscar Macias, Mexico",UTC,2019-03-30 01:00:00+00:00,,Estadio Jose Maria Morelos y Pavon,Morelia,2018,Clausura - 12,Monarcas,Leon,False,True,2.0,3.0,2.0,0.0,2.0,3.0,,,,,2019,visitante_gana
120272,"Fernando Hernandez, Mexico",UTC,2019-03-30 03:00:00+00:00,1071.0,Estadio Jalisco,Guadalajara,2018,Clausura - 12,Atlas,Santos Laguna,True,False,1.0,0.0,0.0,0.0,1.0,0.0,,,,,2019,local_gana
120273,"Marco Antonio Ortiz Nava, Mexico",UTC,2019-03-30 22:00:00+00:00,1084.0,Estadio La Corregidora,Santiago de Queretaro,2018,Clausura - 12,Club Queretaro,Club Tijuana,True,False,1.0,0.0,0.0,0.0,1.0,0.0,,,,,2019,local_gana
120275,"Jorge Antonio Perez Duran, Mexico",UTC,2019-03-31 01:00:00+00:00,,Estadio Azteca,Mexico City,2018,Clausura - 12,Club America,Tigres UANL,True,False,3.0,0.0,1.0,0.0,3.0,0.0,,,,,2019,local_gana
120274,"Jorge Isaac Rojas Castillo, Mexico",UTC,2019-03-31 01:00:00+00:00,,Estadio Miguel Hidalgo,Pachuca de Soto,2018,Clausura - 12,Pachuca,Toluca,True,False,3.0,2.0,2.0,1.0,3.0,2.0,,,,,2019,local_gana
120276,"Eduardo Galvan Basulto, Mexico",UTC,2019-03-31 03:00:00+00:00,,Estadio BBVA Bancomer,Monterrey,2018,Clausura - 12,Monterrey,Cruz Azul,,,2.0,2.0,1.0,0.0,2.0,2.0,,,,,2019,empate
120277,"Luis Santander, Mexico",UTC,2019-03-31 03:00:00+00:00,20474.0,Estadio Victoria,Aguascalientes,2018,Clausura - 12,Necaxa,Veracruz,True,False,2.0,0.0,1.0,0.0,2.0,0.0,,,,,2019,local_gana
120278,"Fernando Guerrero Ramirez, Mexico",UTC,2019-03-31 18:00:00+00:00,,Estadio Olimpico Universitario,Mexico City,2018,Clausura - 12,U.N.A.M. - Pumas,Guadalajara Chivas,True,False,2.0,1.0,2.0,1.0,2.0,1.0,,,,,2019,local_gana
120279,"Cesar Arturo Ramos Palazuelos, Mexico",UTC,2019-03-31 22:00:00+00:00,1078.0,Estadio Universitario BUAP,Puebla,2018,Clausura - 12,Lobos Buap,Puebla,False,True,0.0,4.0,0.0,3.0,0.0,4.0,,,,,2019,visitante_gana
120280,"Adonai Escobedo Gonzalez, Mexico",UTC,2019-04-06 01:00:00+00:00,,Estadio Luis Pirata Fuente,Veracruz,2018,Clausura - 13,Veracruz,Atlas,False,True,0.0,1.0,0.0,0.0,0.0,1.0,,,,,2019,visitante_gana
120281,"Fernando Guerrero Ramirez, Mexico",UTC,2019-04-06 03:00:00+00:00,1082.0,Estadio Cuauhtemoc,Puebla,2018,Clausura - 13,Puebla,Monarcas,,,1.0,1.0,0.0,1.0,1.0,1.0,,,,,2019,empate
120282,"Alejandro Funk Villafane, Mexico",UTC,2019-04-06 23:06:00+00:00,,Estadio Azteca,Mexico City,2018,Clausura - 13,Cruz Azul,Club Queretaro,True,False,3.0,0.0,1.0,0.0,3.0,0.0,,,,,2019,local_gana
120283,"Cesar Arturo Ramos Palazuelos, Mexico",UTC,2019-04-07 01:00:00+00:00,,Estadio Universitario (UANL),Monterrey,2018,Clausura - 13,Tigres UANL,U.N.A.M. - Pumas,True,False,2.0,0.0,1.0,0.0,2.0,0.0,,,,,2019,local_gana
120284,"Jorge Antonio Perez Duran, Mexico",UTC,2019-04-07 01:00:00+00:00,,Estadio Leon,Leon,2018,Clausura - 13,Leon,Necaxa,True,False,2.0,1.0,2.0,0.0,2.0,1.0,,,,,2019,local_gana
120285,"Oscar Macias, Mexico",UTC,2019-04-07 03:00:00+00:00,,Estadio Akron,Guadalajara,2018,Clausura - 13,Guadalajara Chivas,Lobos Buap,False,True,0.0,1.0,0.0,0.0,0.0,1.0,,,,,2019,visitante_gana
120286,"Fernando Hernandez, Mexico",UTC,2019-04-07 03:06:00+00:00,1088.0,Estadio Caliente,Tijuana,2018,Clausura - 13,Club Tijuana,Club America,True,False,3.0,2.0,1.0,2.0,3.0,2.0,,,,,2019,local_gana
120287,"Marco Antonio Ortiz Nava, Mexico",UTC,2019-04-07 17:00:00+00:00,,Estadio Nemesio Diez,Toluca,2018,Clausura - 13,Toluca,Monterrey,True,False,5.0,1.0,1.0,0.0,5.0,1.0,,,,,2019,local_gana
120288,"Oscar Mejia Garcia, Mexico",UTC,2019-04-07 23:06:00+00:00,,Estadio TSM Corona,Torreon,2018,Clausura - 13,Santos Laguna,Pachuca,,,0.0,0.0,0.0,0.0,0.0,0.0,,,,,2019,empate
120290,"Oscar Mejia Garcia, Mexico",UTC,2019-04-13 02:00:00+00:00,1071.0,Estadio Jalisco,Guadalajara,2018,Clausura - 14,Atlas,Necaxa,False,True,1.0,2.0,0.0,1.0,1.0,2.0,,,,,2019,visitante_gana
120289,"Diego Montano, Mexico",UTC,2019-04-13 02:00:00+00:00,1082.0,Estadio Cuauhtemoc,Puebla,2018,Clausura - 14,Puebla,Leon,False,True,0.0,3.0,0.0,2.0,0.0,3.0,,,,,2019,visitante_gana
120291,"Fernando Guerrero Ramirez, Mexico",UTC,2019-04-13 22:00:00+00:00,1084.0,Estadio La Corregidora,Santiago de Queretaro,2018,Clausura - 14,Club Queretaro,Toluca,,,0.0,0.0,0.0,0.0,0.0,0.0,,,,,2019,empate
120292,"Francisco Chacon Gutierrez, Mexico",UTC,2019-04-14 00:00:00+00:00,,Estadio Miguel Hidalgo,Pachuca de Soto,2018,Clausura - 14,Pachuca,Veracruz,True,False,9.0,2.0,6.0,1.0,9.0,2.0,,,,,2019,local_gana
120293,"Cesar Arturo Ramos Palazuelos, Mexico",UTC,2019-04-14 02:00:00+00:00,,Estadio Jose Maria Morelos y Pavon,Morelia,2018,Clausura - 14,Monarcas,Guadalajara Chivas,True,False,1.0,0.0,1.0,0.0,1.0,0.0,,,,,2019,local_gana
120294,"Jorge Isaac Rojas Castillo, Mexico",UTC,2019-04-14 17:00:00+00:00,,Estadio Olimpico Universitario,Mexico City,2018,Clausura - 14,U.N.A.M. - Pumas,Club Tijuana,True,False,1.0,0.0,0.0,0.0,1.0,0.0,,,,,2019,local_gana
120295,"Adonai Escobedo Gonzalez, Mexico",UTC,2019-04-14 21:00:00+00:00,1078.0,Estadio Universitario BUAP,Puebla,2018,Clausura - 14,Lobos Buap,Tigres UANL,False,True,0.0,3.0,0.0,0.0,0.0,3.0,,,,,2019,visitante_gana
120296,"Marco Antonio Ortiz Nava, Mexico",UTC,2019-04-14 23:00:00+00:00,,Estadio Azteca,Mexico City,2018,Clausura - 14,Club America,Cruz Azul,,,0.0,0.0,0.0,0.0,0.0,0.0,,,,,2019,empate
120297,"Luis Santander, Mexico",UTC,2019-04-15 01:30:00+00:00,,Estadio BBVA Bancomer,Monterrey,2018,Clausura - 14,Monterrey,Santos Laguna,True,False,4.0,0.0,1.0,0.0,4.0,0.0,,,,,2019,local_gana
120298,"Jorge Isaac Rojas Castillo, Mexico",UTC,2019-04-20 01:00:00+00:00,,Estadio Luis Pirata Fuente,Veracruz,2018,Clausura - 15,Veracruz,Monterrey,False,True,0.0,1.0,0.0,0.0,0.0,1.0,,,,,2019,visitante_gana
120299,"Eduardo Galvan Basulto, Mexico",UTC,2019-04-20 02:06:00+00:00,1088.0,Estadio Caliente,Tijuana,2018,Clausura - 15,Club Tijuana,Lobos Buap,False,True,1.0,2.0,1.0,1.0,1.0,2.0,,,,,2019,visitante_gana
120300,"Marco Antonio Ortiz Nava, Mexico",UTC,2019-04-20 22:00:00+00:00,20474.0,Estadio Victoria,Aguascalientes,2018,Clausura - 15,Necaxa,Pachuca,,,2.0,2.0,1.0,1.0,2.0,2.0,,,,,2019,empate
120301,"Fernando Guerrero Ramirez, Mexico",UTC,2019-04-20 22:06:00+00:00,,Estadio Leon,Leon,2018,Clausura - 15,Leon,Atlas,True,False,5.0,2.0,1.0,0.0,5.0,2.0,,,,,2019,local_gana
120303,"Oscar Mejia Garcia, Mexico",UTC,2019-04-21 00:00:00+00:00,,Estadio Universitario (UANL),Monterrey,2018,Clausura - 15,Tigres UANL,Monarcas,,,3.0,3.0,0.0,2.0,3.0,3.0,,,,,2019,empate
120302,"Jorge Antonio Perez Duran, Mexico",UTC,2019-04-21 00:00:00+00:00,,Estadio Azteca,Mexico City,2018,Clausura - 15,Cruz Azul,U.N.A.M. - Pumas,True,False,2.0,1.0,1.0,0.0,2.0,1.0,,,,,2019,local_gana
120304,"Adonai Escobedo Gonzalez, Mexico",UTC,2019-04-21 02:00:00+00:00,,Estadio Akron,Guadalajara,2018,Clausura - 15,Guadalajara Chivas,Puebla,False,True,1.0,3.0,1.0,2.0,1.0,3.0,,,,,2019,visitante_gana
120305,"Luis Santander, Mexico",UTC,2019-04-21 17:00:00+00:00,,Estadio Nemesio Diez,Toluca,2018,Clausura - 15,Toluca,Club America,True,False,3.0,2.0,1.0,1.0,3.0,2.0,,,,,2019,local_gana
120306,"Francisco Chacon Gutierrez, Mexico",UTC,2019-04-21 23:06:00+00:00,,Estadio TSM Corona,Torreon,2018,Clausura - 15,Santos Laguna,Club Queretaro,True,False,2.0,1.0,2.0,0.0,2.0,1.0,,,,,2019,local_gana
120307,"Francisco Chacon Gutierrez, Mexico",UTC,2019-04-27 00:00:00+00:00,1082.0,Estadio Cuauhtemoc,Puebla,2018,Clausura - 16,Puebla,Tigres UANL,,,1.0,1.0,0.0,1.0,1.0,1.0,,,,,2019,empate
120308,"Oscar Macias, Mexico",UTC,2019-04-27 02:00:00+00:00,,Estadio Jose Maria Morelos y Pavon,Morelia,2018,Clausura - 16,Monarcas,Club Tijuana,False,True,1.0,4.0,1.0,1.0,1.0,4.0,,,,,2019,visitante_gana
120309,"Roberto Rios Jacome, Mexico",UTC,2019-04-27 22:00:00+00:00,,Estadio Miguel Hidalgo,Pachuca de Soto,2018,Clausura - 16,Pachuca,Atlas,True,False,1.0,0.0,0.0,0.0,1.0,0.0,,,,,2019,local_gana
120311,"Jonathan Hernandez Juarez, Mexico",UTC,2019-04-28 00:00:00+00:00,,Estadio BBVA Bancomer,Monterrey,2018,Clausura - 16,Monterrey,Necaxa,,,2.0,2.0,2.0,1.0,2.0,2.0,,,,,2019,empate
120310,"Jorge Isaac Rojas Castillo, Mexico",UTC,2019-04-28 00:00:00+00:00,,Estadio Azteca,Mexico City,2018,Clausura - 16,Club America,Santos Laguna,True,False,1.0,0.0,1.0,0.0,1.0,0.0,,,,,2019,local_gana
120312,"Alejandro Funk Villafane, Mexico",UTC,2019-04-28 02:00:00+00:00,,Estadio Akron,Guadalajara,2018,Clausura - 16,Guadalajara Chivas,Leon,True,False,2.0,1.0,0.0,0.0,2.0,1.0,,,,,2019,local_gana
120313,"Oscar Mejia Garcia, Mexico",UTC,2019-04-28 17:00:00+00:00,,Estadio Olimpico Universitario,Mexico City,2018,Clausura - 16,U.N.A.M. - Pumas,Toluca,,,2.0,2.0,1.0,0.0,2.0,2.0,,,,,2019,empate
120314,"Fernando Hernandez, Mexico",UTC,2019-04-28 21:00:00+00:00,1078.0,Estadio Universitario BUAP,Puebla,2018,Clausura - 16,Lobos Buap,Cruz Azul,False,True,1.0,4.0,1.0,2.0,1.0,4.0,,,,,2019,visitante_gana
120315,"Jose Penaloza, Mexico",UTC,2019-04-28 23:00:00+00:00,1084.0,Estadio La Corregidora,Santiago de Queretaro,2018,Clausura - 16,Club Queretaro,Veracruz,True,False,2.0,1.0,1.0,0.0,2.0,1.0,,,,,2019,local_gana
120316,"Eduardo Galvan Basulto, Mexico",UTC,2019-05-04 02:00:00+00:00,,Estadio Luis Pirata Fuente,Veracruz,2018,Clausura - 17,Veracruz,Club America,False,True,0.0,2.0,0.0,1.0,0.0,2.0,,,,,2019,visitante_gana
120317,"Roberto Garcia Orozco, Mexico",UTC,2019-05-04 22:00:00+00:00,,Estadio Azteca,Mexico City,2018,Clausura - 17,Cruz Azul,Monarcas,,,1.0,1.0,0.0,1.0,1.0,1.0,,,,,2019,empate
120319,"Jorge Antonio Perez Duran, Mexico",UTC,2019-05-05 00:00:00+00:00,,Estadio Universitario (UANL),Monterrey,2018,Clausura - 17,Tigres UANL,Guadalajara Chivas,True,False,2.0,1.0,1.0,0.0,2.0,1.0,,,,,2019,local_gana
120318,"Cesar Arturo Ramos Palazuelos, Mexico",UTC,2019-05-05 00:00:00+00:00,,Estadio Leon,Leon,2018,Clausura - 17,Leon,Pachuca,True,False,2.0,1.0,1.0,0.0,2.0,1.0,,,,,2019,local_gana
120320,"Luis Santander, Mexico",UTC,2019-05-05 02:00:00+00:00,20474.0,Estadio Victoria,Aguascalientes,2018,Clausura - 17,Necaxa,Club Queretaro,True,False,1.0,0.0,0.0,0.0,1.0,0.0,,,,,2019,local_gana
120321,"Jorge Isaac Rojas Castillo, Mexico",UTC,2019-05-05 02:06:00+00:00,1088.0,Estadio Caliente,Tijuana,2018,Clausura - 17,Club Tijuana,Puebla,True,False,4.0,0.0,0.0,0.0,4.0,0.0,,,,,2019,local_gana
120322,"Oscar Macias, Mexico",UTC,2019-05-05 17:00:00+00:00,,Estadio Nemesio Diez,Toluca,2018,Clausura - 17,Toluca,Lobos Buap,True,False,4.0,0.0,1.0,0.0,4.0,0.0,,,,,2019,local_gana
120323,"Francisco Chacon Gutierrez, Mexico",UTC,2019-05-05 21:00:00+00:00,1071.0,Estadio Jalisco,Guadalajara,2018,Clausura - 17,Atlas,Monterrey,True,False,2.0,0.0,1.0,0.0,2.0,0.0,,,,,2019,local_gana
120324,"Jose Penaloza, Mexico",UTC,2019-05-05 23:06:00+00:00,,Estadio TSM Corona,Torreon,2018,Clausura - 17,Santos Laguna,U.N.A.M. - Pumas,True,False,5.0,2.0,3.0,1.0,5.0,2.0,,,,,2019,local_gana
125283,"Eduardo Galvan Basulto, Mexico",UTC,2019-05-09 00:00:00+00:00,,Estadio Miguel Hidalgo,Pachuca de Soto,2018,Clausura - Quarter-finals,Pachuca,Tigres UANL,,,1.0,1.0,1.0,1.0,1.0,1.0,,,,,2019,empate
125285,"Luis Santander, Mexico",UTC,2019-05-09 02:06:00+00:00,1088.0,Estadio Caliente,Tijuana,2018,Clausura - Quarter-finals,Club Tijuana,Leon,False,True,1.0,3.0,0.0,1.0,1.0,3.0,,,,,2019,visitante_gana
125287,"Diego Montano, Mexico",UTC,2019-05-10 00:00:00+00:00,20474.0,Estadio Victoria,Aguascalientes,2018,Clausura - Quarter-finals,Necaxa,Monterrey,True,False,1.0,0.0,1.0,0.0,1.0,0.0,,,,,2019,local_gana
125289,"Jorge Isaac Rojas Castillo, Mexico",UTC,2019-05-10 02:05:00+00:00,,Estadio Azteca,Mexico City,2018,Clausura - Quarter-finals,Club America,Cruz Azul,True,False,3.0,1.0,2.0,1.0,3.0,1.0,,,,,2019,local_gana
125284,"Jorge Antonio Perez Duran, Mexico",UTC,2019-05-12 00:00:00+00:00,,Estadio Universitario (UANL),Monterrey,2018,Clausura - Quarter-finals,Tigres UANL,Pachuca,,,1.0,1.0,0.0,0.0,1.0,1.0,,,,,2019,empate
125286,"Francisco Chacon Gutierrez, Mexico",UTC,2019-05-12 02:06:00+00:00,,Estadio Leon,Leon,2018,Clausura - Quarter-finals,Leon,Club Tijuana,True,False,2.0,1.0,2.0,1.0,2.0,1.0,,,,,2019,local_gana
125290,"Fernando Guerrero Ramirez, Mexico",UTC,2019-05-12 23:10:00+00:00,,Estadio Azteca,Mexico City,2018,Clausura - Quarter-finals,Cruz Azul,Club America,True,False,1.0,0.0,0.0,0.0,1.0,0.0,,,,,2019,local_gana
125288,"Cesar Arturo Ramos Palazuelos, Mexico",UTC,2019-05-13 01:00:00+00:00,,Estadio BBVA Bancomer,Monterrey,2018,Clausura - Quarter-finals,Monterrey,Necaxa,True,False,1.0,0.0,1.0,0.0,1.0,0.0,,,,,2019,local_gana
127808,"Jorge Isaac Rojas Castillo, Mexico",UTC,2019-05-16 02:06:00+00:00,,Estadio BBVA Bancomer,Monterrey,2018,Clausura - Semi-finals,Monterrey,Tigres UANL,True,False,1.0,0.0,1.0,0.0,1.0,0.0,,,,,2019,local_gana
127805,"Jorge Antonio Perez Duran, Mexico",UTC,2019-05-17 01:30:00+00:00,1084.0,Estadio La Corregidora,Santiago de Queretaro,2018,Clausura - Semi-finals,Club America,Leon,False,True,0.0,1.0,0.0,0.0,0.0,1.0,,,,,2019,visitante_gana
127807,"Marco Antonio Ortiz Nava, Mexico",UTC,2019-05-19 00:00:00+00:00,,Estadio Universitario (UANL),Monterrey,2018,Clausura - Semi-finals,Tigres UANL,Monterrey,True,False,1.0,0.0,1.0,0.0,1.0,0.0,,,,,2019,local_gana
127806,"Cesar Arturo Ramos Palazuelos, Mexico",UTC,2019-05-20 01:06:00+00:00,,Estadio Leon,Leon,2018,Clausura - Semi-finals,Leon,Club America,False,True,0.0,1.0,0.0,1.0,0.0,1.0,,,,,2019,visitante_gana
143243,"Marco Antonio Ortiz Nava, Mexico",UTC,2019-05-24 01:45:00+00:00,,Estadio Universitario (UANL),Monterrey,2018,Clausura - Finals,Tigres UANL,Leon,True,False,1.0,0.0,1.0,0.0,1.0,0.0,,,,,2019,local_gana
143244,"Cesar Arturo Ramos Palazuelos, Mexico",UTC,2019-05-27 01:06:00+00:00,,Estadio Leon,Leon,2018,Clausura - Finals,Leon,Tigres UANL,,,0.0,0.0,0.0,0.0,0.0,0.0,,,,,2019,empate
143760,,UTC,2016-07-16 02:00:00+00:00,1088.0,Estadio Caliente,Tijuana,2016,Apertura - 1,Club Tijuana,Monarcas,True,False,2.0,0.0,1.0,0.0,2.0,0.0,,,,,2016,local_gana
143761,,UTC,2016-07-16 22:00:00+00:00,1084.0,Estadio La Corregidora,Santiago de Queretaro,2016,Apertura - 1,Club Queretaro,Veracruz,True,False,2.0,0.0,0.0,0.0,2.0,0.0,,,,,2016,local_gana
143762,,UTC,2016-07-17 00:00:00+00:00,,Estadio BBVA Bancomer,Monterrey,2016,Apertura - 1,Monterrey,Puebla,,,1.0,1.0,1.0,0.0,1.0,1.0,,,,,2016,empate
143763,,UTC,2016-07-17 00:00:00+00:00,1071.0,Estadio Jalisco,Guadalajara,2016,Apertura - 1,Atlas,Toluca,,,1.0,1.0,0.0,0.0,1.0,1.0,,,,,2016,empate
143764,,UTC,2016-07-17 00:06:00+00:00,,Estadio Miguel Hidalgo,Pachuca de Soto,2016,Apertura - 1,Pachuca,Leon,True,False,5.0,1.0,2.0,1.0,5.0,1.0,,,,,2016,local_gana
143766,,UTC,2016-07-17 02:00:00+00:00,,Estadio Azteca,Mexico City,2016,Apertura - 1,Club America,Jaguares de Chiapas,True,False,2.0,0.0,0.0,0.0,2.0,0.0,,,,,2016,local_gana
143765,,UTC,2016-07-17 02:00:00+00:00,20474.0,Estadio Victoria,Aguascalientes,2016,Apertura - 1,Necaxa,Cruz Azul,,,0.0,0.0,0.0,0.0,0.0,0.0,,,,,2016,empate
143767,,UTC,2016-07-17 17:00:00+00:00,,Estadio Olimpico Universitario,Mexico City,2016,Apertura - 1,U.N.A.M. - Pumas,Guadalajara Chivas,True,False,1.0,0.0,0.0,0.0,1.0,0.0,,,,,2016,local_gana
143768,,UTC,2016-07-17 23:00:00+00:00,,Estadio TSM Corona,Torreon,2016,Apertura - 1,Santos Laguna,Tigres UANL,,,0.0,0.0,0.0,0.0,0.0,0.0,,,,,2016,empate
143769,"Cesar Arturo Ramos Palazuelos, Mexico",UTC,2016-07-23 02:00:00+00:00,,Estadio Luis Pirata Fuente,Veracruz,2016,Apertura - 2,Veracruz,Santos Laguna,True,False,2.0,0.0,1.0,0.0,2.0,0.0,,,,,2016,local_gana
143770,,UTC,2016-07-23 22:00:00+00:00,1965.0,Estadio Victor Manuel Reyna,Tuxtla Gutierrez,2016,Apertura - 2,Jaguares de Chiapas,Pachuca,False,True,0.0,2.0,0.0,0.0,0.0,2.0,,,,,2016,visitante_gana
143771,,UTC,2016-07-23 22:00:00+00:00,,Estadio Azul,Mexico City,2016,Apertura - 2,Cruz Azul,U.N.A.M. - Pumas,,,0.0,0.0,0.0,0.0,0.0,0.0,,,,,2016,empate
143772,"Luis Santander, Mexico",UTC,2016-07-24 00:00:00+00:00,,Estadio Universitario (UANL),Monterrey,2016,Apertura - 2,Tigres UANL,Atlas,,,0.0,0.0,0.0,0.0,0.0,0.0,,,,,2016,empate
143773,"Fernando Guerrero Ramirez, Mexico",UTC,2016-07-24 00:00:00+00:00,,Estadio Jose Maria Morelos y Pavon,Morelia,2016,Apertura - 2,Monarcas,Club Queretaro,,,2.0,2.0,1.0,0.0,2.0,2.0,,,,,2016,empate
143774,"Eduardo Galvan Basulto, Mexico",UTC,2016-07-24 00:06:00+00:00,,Estadio Leon,Leon,2016,Apertura - 2,Leon,Necaxa,,,0.0,0.0,0.0,0.0,0.0,0.0,,,,,2016,empate
143775,,UTC,2016-07-24 02:00:00+00:00,,Estadio Akron,Guadalajara,2016,Apertura - 2,Guadalajara Chivas,Monterrey,True,False,1.0,0.0,0.0,0.0,1.0,0.0,,,,,2016,local_gana
143776,,UTC,2016-07-24 02:00:00+00:00,,Estadio Azteca,Mexico City,2016,Apertura - 2,Club America,Toluca,True,False,3.0,1.0,1.0,1.0,3.0,1.0,,,,,2016,local_gana
143777,"Miguel Angel Chacon Viveros, Mexico",UTC,2016-07-24 23:00:00+00:00,1082.0,Estadio Cuauhtemoc,Puebla,2016,Apertura - 2,Puebla,Club Tijuana,True,False,3.0,2.0,3.0,1.0,3.0,2.0,,,,,2016,local_gana
143778,"Jose Penaloza, Mexico",UTC,2016-07-30 02:00:00+00:00,1088.0,Estadio Caliente,Tijuana,2016,Apertura - 3,Club Tijuana,Guadalajara Chivas,True,False,4.0,0.0,3.0,0.0,4.0,0.0,,,,,2016,local_gana
143779,,UTC,2016-07-30 22:00:00+00:00,1084.0,Estadio La Corregidora,Santiago de Queretaro,2016,Apertura - 3,Club Queretaro,Puebla,True,False,2.0,1.0,2.0,0.0,2.0,1.0,,,,,2016,local_gana
143780,,UTC,2016-07-31 00:00:00+00:00,,Estadio BBVA Bancomer,Monterrey,2016,Apertura - 3,Monterrey,Cruz Azul,,,1.0,1.0,1.0,1.0,1.0,1.0,,,,,2016,empate
143781,,UTC,2016-07-31 00:00:00+00:00,1071.0,Estadio Jalisco,Guadalajara,2016,Apertura - 3,Atlas,Veracruz,True,False,1.0,0.0,0.0,0.0,1.0,0.0,,,,,2016,local_gana
143782,"Oscar Mejia Garcia, Mexico",UTC,2016-07-31 00:06:00+00:00,,Estadio Miguel Hidalgo,Pachuca de Soto,2016,Apertura - 3,Pachuca,Necaxa,True,False,1.0,0.0,1.0,0.0,1.0,0.0,,,,,2016,local_gana
143783,,UTC,2016-07-31 02:00:00+00:00,,Estadio Azteca,Mexico City,2016,Apertura - 3,Club America,Tigres UANL,False,True,0.0,3.0,0.0,1.0,0.0,3.0,,,,,2016,visitante_gana
143784,"Erick Yair Miranda Galindo, Mexico",UTC,2016-07-31 17:00:00+00:00,,Estadio Olimpico Universitario,Mexico City,2016,Apertura - 3,U.N.A.M. - Pumas,Leon,True,False,1.0,0.0,0.0,0.0,1.0,0.0,,,,,2016,local_gana
143785,,UTC,2016-07-31 22:00:00+00:00,1965.0,Estadio Victor Manuel Reyna,Tuxtla Gutierrez,2016,Apertura - 3,Jaguares de Chiapas,Toluca,True,False,1.0,0.0,1.0,0.0,1.0,0.0,,,,,2016,local_gana
143786,"Roberto Garcia Orozco, Mexico",UTC,2016-07-31 23:00:00+00:00,,Estadio TSM Corona,Torreon,2016,Apertura - 3,Santos Laguna,Monarcas,False,True,2.0,4.0,1.0,2.0,2.0,4.0,,,,,2016,visitante_gana
143787,,UTC,2016-08-06 22:00:00+00:00,,Estadio Azul,Mexico City,2016,Apertura - 4,Cruz Azul,Club Tijuana,False,True,1.0,2.0,0.0,1.0,1.0,2.0,,,,,2016,visitante_gana
143789,,UTC,2016-08-07 00:00:00+00:00,,Estadio Universitario (UANL),Monterrey,2016,Apertura - 4,Tigres UANL,Jaguares de Chiapas,True,False,1.0,0.0,0.0,0.0,1.0,0.0,,,,,2016,local_gana
143788,,UTC,2016-08-07 00:00:00+00:00,,Estadio Jose Maria Morelos y Pavon,Morelia,2016,Apertura - 4,Monarcas,Atlas,True,False,3.0,2.0,2.0,0.0,3.0,2.0,,,,,2016,local_gana
143790,"Fernando Hernandez, Mexico",UTC,2016-08-07 00:06:00+00:00,,Estadio Leon,Leon,2016,Apertura - 4,Leon,Monterrey,False,True,0.0,3.0,0.0,1.0,0.0,3.0,,,,,2016,visitante_gana
143793,,UTC,2016-08-07 02:00:00+00:00,,Estadio Akron,Guadalajara,2016,Apertura - 4,Guadalajara Chivas,Club Queretaro,,,0.0,0.0,0.0,0.0,0.0,0.0,,,,,2016,empate
143792,"Jose Penaloza, Mexico",UTC,2016-08-07 02:00:00+00:00,20474.0,Estadio Victoria,Aguascalientes,2016,Apertura - 4,Necaxa,U.N.A.M. - Pumas,,,2.0,2.0,1.0,1.0,2.0,2.0,,,,,2016,empate
143791,,UTC,2016-08-07 02:00:00+00:00,,Estadio Luis Pirata Fuente,Veracruz,2016,Apertura - 4,Veracruz,Club America,False,True,2.0,4.0,2.0,1.0,2.0,4.0,,,,,2016,visitante_gana
143794,"Adonai Escobedo Gonzalez, Mexico",UTC,2016-08-07 17:45:00+00:00,,Estadio Alberto Chivo Cordoba,Toluca,2016,Apertura - 4,Toluca,Pachuca,True,False,2.0,0.0,1.0,0.0,2.0,0.0,,,,,2016,local_gana
143795,"Marco Antonio Ortiz Nava, Mexico",UTC,2016-08-07 23:00:00+00:00,1082.0,Estadio Cuauhtemoc,Puebla,2016,Apertura - 4,Puebla,Santos Laguna,,,0.0,0.0,0.0,0.0,0.0,0.0,,,,,2016,empate
143796,"Marco Antonio Ortiz Nava, Mexico",UTC,2016-08-13 02:00:00+00:00,1088.0,Estadio Caliente,Tijuana,2016,Apertura - 5,Club Tijuana,Leon,True,False,2.0,0.0,1.0,0.0,2.0,0.0,,,,,2016,local_gana
143797,"Roberto Rios Jacome, Mexico",UTC,2016-08-13 22:00:00+00:00,1084.0,Estadio La Corregidora,Santiago de Queretaro,2016,Apertura - 5,Club Queretaro,Cruz Azul,,,0.0,0.0,0.0,0.0,0.0,0.0,,,,,2016,empate
143798,,UTC,2016-08-14 00:00:00+00:00,,Estadio BBVA Bancomer,Monterrey,2016,Apertura - 5,Monterrey,Necaxa,True,False,2.0,1.0,1.0,0.0,2.0,1.0,,,,,2016,local_gana
143799,"Jorge Isaac Rojas Castillo, Mexico",UTC,2016-08-14 00:00:00+00:00,1071.0,Estadio Jalisco,Guadalajara,2016,Apertura - 5,Atlas,Puebla,True,False,3.0,2.0,2.0,1.0,3.0,2.0,,,,,2016,local_gana
143800,"Oscar Macias, Mexico",UTC,2016-08-14 00:06:00+00:00,,Estadio Miguel Hidalgo,Pachuca de Soto,2016,Apertura - 5,Pachuca,U.N.A.M. - Pumas,True,False,3.0,0.0,1.0,0.0,3.0,0.0,,,,,2016,local_gana
143801,"Luis Santander, Mexico",UTC,2016-08-14 02:00:00+00:00,,Estadio Azteca,Mexico City,2016,Apertura - 5,Club America,Monarcas,,,1.0,1.0,0.0,0.0,1.0,1.0,,,,,2016,empate
143802,"Roberto Garcia Orozco, Mexico",UTC,2016-08-14 17:00:00+00:00,,Estadio Alberto Chivo Cordoba,Toluca,2016,Apertura - 5,Toluca,Tigres UANL,,,0.0,0.0,0.0,0.0,0.0,0.0,,,,,2016,empate
143803,"Jose Penaloza, Mexico",UTC,2016-08-14 22:00:00+00:00,1965.0,Estadio Victor Manuel Reyna,Tuxtla Gutierrez,2016,Apertura - 5,Jaguares de Chiapas,Veracruz,,,1.0,1.0,0.0,1.0,1.0,1.0,,,,,2016,empate
143804,"Fernando Guerrero Ramirez, Mexico",UTC,2016-08-14 23:00:00+00:00,,Estadio TSM Corona,Torreon,2016,Apertura - 5,Santos Laguna,Guadalajara Chivas,False,True,0.0,1.0,0.0,1.0,0.0,1.0,,,,,2016,visitante_gana
143805,"Jorge Isaac Rojas Castillo, Mexico",UTC,2016-08-20 02:00:00+00:00,,Estadio Luis Pirata Fuente,Veracruz,2016,Apertura - 6,Veracruz,Toluca,,,2.0,2.0,1.0,0.0,2.0,2.0,,,,,2016,empate
143806,"Cesar Arturo Ramos Palazuelos, Mexico",UTC,2016-08-20 22:00:00+00:00,,Estadio Azul,Mexico City,2016,Apertura - 6,Cruz Azul,Santos Laguna,True,False,3.0,1.0,0.0,0.0,3.0,1.0,,,,,2016,local_gana
143807,"Fernando Hernandez, Mexico",UTC,2016-08-21 00:00:00+00:00,,Estadio Universitario (UANL),Monterrey,2016,Apertura - 6,Tigres UANL,Pachuca,True,False,4.0,2.0,2.0,1.0,4.0,2.0,,,,,2016,local_gana
143808,"Oscar Macias, Mexico",UTC,2016-08-21 00:00:00+00:00,,Estadio Jose Maria Morelos y Pavon,Morelia,2016,Apertura - 6,Monarcas,Jaguares de Chiapas,True,False,3.0,2.0,1.0,1.0,3.0,2.0,,,,,2016,local_gana
143809,"Paul Enrique Delgadillo Haro, Mexico",UTC,2016-08-21 00:06:00+00:00,,Estadio Leon,Leon,2016,Apertura - 6,Leon,Club Queretaro,True,False,2.0,1.0,1.0,1.0,2.0,1.0,,,,,2016,local_gana
143810,"Erick Yair Miranda Galindo, Mexico",UTC,2016-08-21 02:00:00+00:00,20474.0,Estadio Victoria,Aguascalientes,2016,Apertura - 6,Necaxa,Club Tijuana,,,1.0,1.0,1.0,0.0,1.0,1.0,,,,,2016,empate
143811,"Roberto Garcia Orozco, Mexico",UTC,2016-08-21 02:06:00+00:00,,Estadio Akron,Guadalajara,2016,Apertura - 6,Guadalajara Chivas,Atlas,,,2.0,2.0,1.0,1.0,2.0,2.0,,,,,2016,empate
143812,"Luis Santander, Mexico",UTC,2016-08-21 17:00:00+00:00,,Estadio Olimpico Universitario,Mexico City,2016,Apertura - 6,U.N.A.M. - Pumas,Monterrey,True,False,5.0,3.0,4.0,1.0,5.0,3.0,,,,,2016,local_gana
143813,"Fernando Guerrero Ramirez, Mexico",UTC,2016-08-21 23:00:00+00:00,1082.0,Estadio Cuauhtemoc,Puebla,2016,Apertura - 6,Puebla,Club America,,,2.0,2.0,1.0,1.0,2.0,2.0,,,,,2016,empate
143814,"Roberto Garcia Orozco, Mexico",UTC,2016-08-27 02:00:00+00:00,1088.0,Estadio Caliente,Tijuana,2016,Apertura - 7,Club Tijuana,U.N.A.M. - Pumas,True,False,1.0,0.0,1.0,0.0,1.0,0.0,,,,,2016,local_gana
143815,"Cesar Arturo Ramos Palazuelos, Mexico",UTC,2016-08-27 22:00:00+00:00,1084.0,Estadio La Corregidora,Santiago de Queretaro,2016,Apertura - 7,Club Queretaro,Necaxa,False,True,1.0,2.0,0.0,1.0,1.0,2.0,,,,,2016,visitante_gana
143817,"Luis Santander, Mexico",UTC,2016-08-28 00:00:00+00:00,,Estadio Universitario (UANL),Monterrey,2016,Apertura - 7,Tigres UANL,Veracruz,,,1.0,1.0,0.0,0.0,1.0,1.0,,,,,2016,empate
143816,"Fernando Guerrero Ramirez, Mexico",UTC,2016-08-28 00:00:00+00:00,1071.0,Estadio Jalisco,Guadalajara,2016,Apertura - 7,Atlas,Cruz Azul,,,1.0,1.0,1.0,0.0,1.0,1.0,,,,,2016,empate
143818,"Jose Penaloza, Mexico",UTC,2016-08-28 00:06:00+00:00,,Estadio Miguel Hidalgo,Pachuca de Soto,2016,Apertura - 7,Pachuca,Monterrey,,,1.0,1.0,1.0,0.0,1.0,1.0,,,,,2016,empate
143819,"Marco Antonio Ortiz Nava, Mexico",UTC,2016-08-28 02:00:00+00:00,,Estadio Azteca,Mexico City,2016,Apertura - 7,Club America,Guadalajara Chivas,False,True,0.0,3.0,0.0,2.0,0.0,3.0,,,,,2016,visitante_gana
143820,"Paul Enrique Delgadillo Haro, Mexico",UTC,2016-08-28 17:00:00+00:00,,Estadio Alberto Chivo Cordoba,Toluca,2016,Apertura - 7,Toluca,Monarcas,,,2.0,2.0,1.0,1.0,2.0,2.0,,,,,2016,empate
143821,"Erick Yair Miranda Galindo, Mexico",UTC,2016-08-28 22:00:00+00:00,1965.0,Estadio Victor Manuel Reyna,Tuxtla Gutierrez,2016,Apertura - 7,Jaguares de Chiapas,Puebla,False,True,0.0,3.0,0.0,1.0,0.0,3.0,,,,,2016,visitante_gana
143822,"Francisco Chacon Gutierrez, Mexico",UTC,2016-08-28 23:00:00+00:00,,Estadio TSM Corona,Torreon,2016,Apertura - 7,Santos Laguna,Leon,True,False,1.0,0.0,0.0,0.0,1.0,0.0,,,,,2016,local_gana
143823,"Roberto Garcia Orozco, Mexico",UTC,2016-09-10 02:00:00+00:00,,Estadio Luis Pirata Fuente,Veracruz,2016,Apertura - 8,Veracruz,Pachuca,True,False,1.0,0.0,0.0,0.0,1.0,0.0,,,,,2016,local_gana
143824,"Fernando Hernandez, Mexico",UTC,2016-09-10 22:00:00+00:00,,Estadio Azul,Mexico City,2016,Apertura - 8,Cruz Azul,Club America,False,True,3.0,4.0,3.0,0.0,3.0,4.0,,,,,2016,visitante_gana
143826,"Fernando Guerrero Ramirez, Mexico",UTC,2016-09-11 00:00:00+00:00,,Estadio BBVA Bancomer,Monterrey,2016,Apertura - 8,Monterrey,Club Tijuana,,,0.0,0.0,0.0,0.0,0.0,0.0,,,,,2016,empate
143825,"Jorge Isaac Rojas Castillo, Mexico",UTC,2016-09-11 00:00:00+00:00,,Estadio Jose Maria Morelos y Pavon,Morelia,2016,Apertura - 8,Monarcas,Tigres UANL,False,True,0.0,2.0,0.0,2.0,0.0,2.0,,,,,2016,visitante_gana
143827,"Oscar Macias, Mexico",UTC,2016-09-11 00:06:00+00:00,,Estadio Leon,Leon,2016,Apertura - 8,Leon,Atlas,True,False,4.0,1.0,3.0,1.0,4.0,1.0,,,,,2016,local_gana
143828,"Paul Enrique Delgadillo Haro, Mexico",UTC,2016-09-11 02:00:00+00:00,20474.0,Estadio Victoria,Aguascalientes,2016,Apertura - 8,Necaxa,Santos Laguna,True,False,2.0,1.0,2.0,1.0,2.0,1.0,,,,,2016,local_gana
143829,"Cesar Arturo Ramos Palazuelos, Mexico",UTC,2016-09-11 02:06:00+00:00,,Estadio Akron,Guadalajara,2016,Apertura - 8,Guadalajara Chivas,Jaguares de Chiapas,True,False,2.0,0.0,2.0,0.0,2.0,0.0,,,,,2016,local_gana
143830,"Erick Yair Miranda Galindo, Mexico",UTC,2016-09-11 17:00:00+00:00,,Estadio Olimpico Universitario,Mexico City,2016,Apertura - 8,U.N.A.M. - Pumas,Club Queretaro,True,False,4.0,1.0,1.0,1.0,4.0,1.0,,,,,2016,local_gana
143831,"Marco Antonio Ortiz Nava, Mexico",UTC,2016-09-11 23:00:00+00:00,1082.0,Estadio Cuauhtemoc,Puebla,2016,Apertura - 8,Puebla,Toluca,False,True,0.0,2.0,0.0,1.0,0.0,2.0,,,,,2016,visitante_gana
143832,"Jose Penaloza, Mexico",UTC,2016-09-17 02:00:00+00:00,,Estadio Luis Pirata Fuente,Veracruz,2016,Apertura - 9,Veracruz,Monarcas,False,True,1.0,3.0,0.0,2.0,1.0,3.0,,,,,2016,visitante_gana
143833,"Erick Yair Miranda Galindo, Mexico",UTC,2016-09-17 21:00:00+00:00,,Estadio Nemesio Diez,Toluca,2016,Apertura - 9,Toluca,Guadalajara Chivas,True,False,2.0,1.0,2.0,0.0,2.0,1.0,,,,,2016,local_gana
143834,"Eduardo Galvan Basulto, Mexico",UTC,2016-09-17 22:00:00+00:00,1084.0,Estadio La Corregidora,Santiago de Queretaro,2016,Apertura - 9,Club Queretaro,Monterrey,True,False,1.0,0.0,0.0,0.0,1.0,0.0,,,,,2016,local_gana
143835,"Paul Enrique Delgadillo Haro, Mexico",UTC,2016-09-18 00:00:00+00:00,,Estadio Universitario (UANL),Monterrey,2016,Apertura - 9,Tigres UANL,Puebla,True,False,2.0,1.0,1.0,0.0,2.0,1.0,,,,,2016,local_gana
143836,"Miguel Angel Flores Rodriguez, Mexico",UTC,2016-09-18 00:00:00+00:00,1071.0,Estadio Jalisco,Guadalajara,2016,Apertura - 9,Atlas,Necaxa,,,0.0,0.0,0.0,0.0,0.0,0.0,,,,,2016,empate
143837,"Luis Santander, Mexico",UTC,2016-09-18 00:00:00+00:00,1965.0,Estadio Victor Manuel Reyna,Tuxtla Gutierrez,2016,Apertura - 9,Jaguares de Chiapas,Cruz Azul,False,True,0.0,3.0,0.0,1.0,0.0,3.0,,,,,2016,visitante_gana
143838,"Jorge Isaac Rojas Castillo, Mexico",UTC,2016-09-18 00:06:00+00:00,,Estadio Miguel Hidalgo,Pachuca de Soto,2016,Apertura - 9,Pachuca,Club Tijuana,,,2.0,2.0,1.0,1.0,2.0,2.0,,,,,2016,empate
143839,"Jorge Antonio Perez Duran, Mexico",UTC,2016-09-18 02:00:00+00:00,,Estadio Azteca,Mexico City,2016,Apertura - 9,Club America,Leon,False,True,0.0,2.0,0.0,1.0,0.0,2.0,,,,,2016,visitante_gana
143840,"Oscar Macias, Mexico",UTC,2016-09-18 23:00:00+00:00,,Estadio TSM Corona,Torreon,2016,Apertura - 9,Santos Laguna,U.N.A.M. - Pumas,True,False,3.0,1.0,1.0,0.0,3.0,1.0,,,,,2016,local_gana
143843,,UTC,2016-09-21 00:00:00+00:00,,Estadio Akron,Guadalajara,2016,Apertura - 10,Guadalajara Chivas,Tigres UANL,False,True,0.0,1.0,0.0,0.0,0.0,1.0,,,,,2016,visitante_gana
143841,"Cesar Arturo Ramos Palazuelos, Mexico",UTC,2016-09-21 00:00:00+00:00,,Estadio Jose Maria Morelos y Pavon,Morelia,2016,Apertura - 10,Monarcas,Pachuca,False,True,1.0,5.0,1.0,2.0,1.0,5.0,,,,,2016,visitante_gana
143842,"Diego Montano, Mexico",UTC,2016-09-21 00:00:00+00:00,,Estadio Azul,Mexico City,2016,Apertura - 10,Cruz Azul,Toluca,False,True,0.0,1.0,0.0,1.0,0.0,1.0,,,,,2016,visitante_gana
143844,,UTC,2016-09-21 01:00:00+00:00,1082.0,Estadio Cuauhtemoc,Puebla,2016,Apertura - 10,Puebla,Veracruz,True,False,3.0,2.0,2.0,2.0,3.0,2.0,,,,,2016,local_gana
143845,"Miguel Angel Chacon Viveros, Mexico",UTC,2016-09-21 02:00:00+00:00,20474.0,Estadio Victoria,Aguascalientes,2016,Apertura - 10,Necaxa,Club America,,,1.0,1.0,1.0,1.0,1.0,1.0,,,,,2016,empate
143846,"Oscar Mejia Garcia, Mexico",UTC,2016-09-22 00:30:00+00:00,,Estadio Leon,Leon,2016,Apertura - 10,Leon,Jaguares de Chiapas,,,0.0,0.0,0.0,0.0,0.0,0.0,,,,,2016,empate
143847,"Fernando Hernandez, Mexico",UTC,2016-09-22 02:00:00+00:00,,Estadio Olimpico Universitario,Mexico City,2016,Apertura - 10,U.N.A.M. - Pumas,Atlas,True,False,2.0,0.0,0.0,0.0,2.0,0.0,,,,,2016,local_gana
143848,"Marco Antonio Ortiz Nava, Mexico",UTC,2016-09-22 02:30:00+00:00,,Estadio BBVA Bancomer,Monterrey,2016,Apertura - 10,Monterrey,Santos Laguna,True,False,5.0,2.0,3.0,1.0,5.0,2.0,,,,,2016,local_gana
143849,"Adonai Escobedo Gonzalez, Mexico",UTC,2016-09-22 03:00:00+00:00,1088.0,Estadio Caliente,Tijuana,2016,Apertura - 10,Club Tijuana,Club Queretaro,True,False,2.0,1.0,2.0,0.0,2.0,1.0,,,,,2016,local_gana
143850,"Oscar Macias, Mexico",UTC,2016-09-24 02:00:00+00:00,,Estadio Luis Pirata Fuente,Veracruz,2016,Apertura - 11,Veracruz,Guadalajara Chivas,False,True,0.0,1.0,0.0,0.0,0.0,1.0,,,,,2016,visitante_gana
143851,"Jose Penaloza, Mexico",UTC,2016-09-24 22:00:00+00:00,1965.0,Estadio Victor Manuel Reyna,Tuxtla Gutierrez,2016,Apertura - 11,Jaguares de Chiapas,Necaxa,,,2.0,2.0,1.0,2.0,2.0,2.0,,,,,2016,empate
143852,"Jorge Antonio Perez Duran, Mexico",UTC,2016-09-25 00:00:00+00:00,,Estadio Universitario (UANL),Monterrey,2016,Apertura - 11,Tigres UANL,Cruz Azul,,,0.0,0.0,0.0,0.0,0.0,0.0,,,,,2016,empate
143854,"Erick Yair Miranda Galindo, Mexico",UTC,2016-09-25 00:00:00+00:00,1071.0,Estadio Jalisco,Guadalajara,2016,Apertura - 11,Atlas,Monterrey,True,False,3.0,1.0,2.0,0.0,3.0,1.0,,,,,2016,local_gana
143853,"Fernando Guerrero Ramirez, Mexico",UTC,2016-09-25 00:00:00+00:00,,Estadio Jose Maria Morelos y Pavon,Morelia,2016,Apertura - 11,Monarcas,Puebla,False,True,2.0,3.0,1.0,0.0,2.0,3.0,,,,,2016,visitante_gana
143855,,UTC,2016-09-25 00:06:00+00:00,,Estadio Miguel Hidalgo,Pachuca de Soto,2016,Apertura - 11,Pachuca,Club Queretaro,True,False,2.0,0.0,1.0,0.0,2.0,0.0,,,,,2016,local_gana
143856,"Roberto Garcia Orozco, Mexico",UTC,2016-09-25 02:00:00+00:00,,Estadio Azteca,Mexico City,2016,Apertura - 11,Club America,U.N.A.M. - Pumas,True,False,2.0,1.0,2.0,1.0,2.0,1.0,,,,,2016,local_gana
143857,"Paul Enrique Delgadillo Haro, Mexico",UTC,2016-09-25 17:00:00+00:00,,Estadio Nemesio Diez,Toluca,2016,Apertura - 11,Toluca,Leon,,,1.0,1.0,1.0,1.0,1.0,1.0,,,,,2016,empate
143858,"Luis Santander, Mexico",UTC,2016-09-25 23:00:00+00:00,,Estadio TSM Corona,Torreon,2016,Apertura - 11,Santos Laguna,Club Tijuana,False,True,1.0,2.0,1.0,1.0,1.0,2.0,,,,,2016,visitante_gana
143859,"Marco Antonio Ortiz Nava, Mexico",UTC,2016-10-01 02:00:00+00:00,1088.0,Estadio Caliente,Tijuana,2016,Apertura - 12,Club Tijuana,Atlas,True,False,1.0,0.0,1.0,0.0,1.0,0.0,,,,,2016,local_gana
143860,"Jose Penaloza, Mexico",UTC,2016-10-01 22:00:00+00:00,1084.0,Estadio La Corregidora,Santiago de Queretaro,2016,Apertura - 12,Club Queretaro,Santos Laguna,,,1.0,1.0,0.0,1.0,1.0,1.0,,,,,2016,empate
143861,"Cesar Arturo Ramos Palazuelos, Mexico",UTC,2016-10-01 22:00:00+00:00,,Estadio Azul,Mexico City,2016,Apertura - 12,Cruz Azul,Veracruz,True,False,5.0,3.0,2.0,2.0,5.0,3.0,,,,,2016,local_gana
143862,"Paul Enrique Delgadillo Haro, Mexico",UTC,2016-10-02 00:00:00+00:00,,Estadio BBVA Bancomer,Monterrey,2016,Apertura - 12,Monterrey,Club America,,,1.0,1.0,1.0,1.0,1.0,1.0,,,,,2016,empate
143863,"Oscar Macias, Mexico",UTC,2016-10-02 00:06:00+00:00,,Estadio Leon,Leon,2016,Apertura - 12,Leon,Tigres UANL,True,False,3.0,2.0,3.0,1.0,3.0,2.0,,,,,2016,local_gana
143864,"Roberto Garcia Orozco, Mexico",UTC,2016-10-02 02:00:00+00:00,20474.0,Estadio Victoria,Aguascalientes,2016,Apertura - 12,Necaxa,Toluca,True,False,3.0,1.0,3.0,1.0,3.0,1.0,,,,,2016,local_gana
143865,"Jorge Isaac Rojas Castillo, Mexico",UTC,2016-10-02 02:06:00+00:00,,Estadio Akron,Guadalajara,2016,Apertura - 12,Guadalajara Chivas,Monarcas,True,False,2.0,1.0,1.0,0.0,2.0,1.0,,,,,2016,local_gana
143866,"Erick Yair Miranda Galindo, Mexico",UTC,2016-10-02 17:00:00+00:00,,Estadio Olimpico Universitario,Mexico City,2016,Apertura - 12,U.N.A.M. - Pumas,Jaguares de Chiapas,True,False,1.0,0.0,0.0,0.0,1.0,0.0,,,,,2016,local_gana
143867,"Luis Santander, Mexico",UTC,2016-10-02 23:00:00+00:00,1082.0,Estadio Cuauhtemoc,Puebla,2016,Apertura - 12,Puebla,Pachuca,,,1.0,1.0,0.0,0.0,1.0,1.0,,,,,2016,empate
143868,"Jorge Isaac Rojas Castillo, Mexico",UTC,2016-10-15 02:00:00+00:00,,Estadio Luis Pirata Fuente,Veracruz,2016,Apertura - 13,Veracruz,Leon,False,True,2.0,3.0,1.0,1.0,2.0,3.0,,,,,2016,visitante_gana
143869,"Fernando Hernandez, Mexico",UTC,2016-10-15 22:00:00+00:00,1965.0,Estadio Victor Manuel Reyna,Tuxtla Gutierrez,2016,Apertura - 13,Jaguares de Chiapas,Monterrey,False,True,1.0,4.0,1.0,2.0,1.0,4.0,,,,,2016,visitante_gana
143870,"Erick Yair Miranda Galindo, Mexico",UTC,2016-10-16 00:00:00+00:00,,Estadio Universitario (UANL),Monterrey,2016,Apertura - 13,Tigres UANL,Necaxa,False,True,0.0,2.0,0.0,0.0,0.0,2.0,,,,,2016,visitante_gana
143871,"Cesar Arturo Ramos Palazuelos, Mexico",UTC,2016-10-16 00:00:00+00:00,1071.0,Estadio Jalisco,Guadalajara,2016,Apertura - 13,Atlas,Club Queretaro,True,False,2.0,1.0,0.0,0.0,2.0,1.0,,,,,2016,local_gana
143872,"Luis Santander, Mexico",UTC,2016-10-16 00:00:00+00:00,,Estadio Jose Maria Morelos y Pavon,Morelia,2016,Apertura - 13,Monarcas,Cruz Azul,,,1.0,1.0,0.0,0.0,1.0,1.0,,,,,2016,empate
143873,"Roberto Garcia Orozco, Mexico",UTC,2016-10-16 00:06:00+00:00,,Estadio Miguel Hidalgo,Pachuca de Soto,2016,Apertura - 13,Pachuca,Santos Laguna,True,False,3.0,0.0,1.0,0.0,3.0,0.0,,,,,2016,local_gana
143874,"Jose Penaloza, Mexico",UTC,2016-10-16 02:00:00+00:00,,Estadio Azteca,Mexico City,2016,Apertura - 13,Club America,Club Tijuana,True,False,1.0,0.0,0.0,0.0,1.0,0.0,,,,,2016,local_gana
143875,"Marco Antonio Ortiz Nava, Mexico",UTC,2016-10-16 17:00:00+00:00,,Estadio Nemesio Diez,Toluca,2016,Apertura - 13,Toluca,U.N.A.M. - Pumas,True,False,2.0,1.0,0.0,1.0,2.0,1.0,,,,,2016,local_gana
143876,"Paul Enrique Delgadillo Haro, Mexico",UTC,2016-10-16 23:00:00+00:00,1082.0,Estadio Cuauhtemoc,Puebla,2016,Apertura - 13,Puebla,Guadalajara Chivas,False,True,0.0,2.0,0.0,1.0,0.0,2.0,,,,,2016,visitante_gana
143877,"Francisco Chacon Gutierrez, Mexico",UTC,2016-10-22 02:00:00+00:00,1088.0,Estadio Caliente,Tijuana,2016,Apertura - 14,Club Tijuana,Jaguares de Chiapas,True,False,2.0,0.0,1.0,0.0,2.0,0.0,,,,,2016,local_gana
143878,"Eduardo Galvan Basulto, Mexico",UTC,2016-10-22 22:00:00+00:00,,Estadio Azul,Mexico City,2016,Apertura - 14,Cruz Azul,Puebla,False,True,1.0,2.0,1.0,1.0,1.0,2.0,,,,,2016,visitante_gana
143880,"Luis Santander, Mexico",UTC,2016-10-23 00:00:00+00:00,,Estadio BBVA Bancomer,Monterrey,2016,Apertura - 14,Monterrey,Toluca,,,1.0,1.0,1.0,1.0,1.0,1.0,,,,,2016,empate
143879,"Jorge Isaac Rojas Castillo, Mexico",UTC,2016-10-23 00:00:00+00:00,1084.0,Estadio La Corregidora,Santiago de Queretaro,2016,Apertura - 14,Club Queretaro,Club America,,,1.0,1.0,0.0,0.0,1.0,1.0,,,,,2016,empate
143882,"Paul Enrique Delgadillo Haro, Mexico",UTC,2016-10-23 02:00:00+00:00,20474.0,Estadio Victoria,Aguascalientes,2016,Apertura - 14,Necaxa,Veracruz,True,False,3.0,2.0,2.0,0.0,3.0,2.0,,,,,2016,local_gana
143881,"Jose Penaloza, Mexico",UTC,2016-10-23 02:00:00+00:00,,Estadio Leon,Leon,2016,Apertura - 14,Leon,Monarcas,True,False,3.0,1.0,1.0,0.0,3.0,1.0,,,,,2016,local_gana
143883,"Jorge Antonio Perez Duran, Mexico",UTC,2016-10-23 17:00:00+00:00,,Estadio Olimpico Universitario,Mexico City,2016,Apertura - 14,U.N.A.M. - Pumas,Tigres UANL,False,True,1.0,3.0,1.0,1.0,1.0,3.0,,,,,2016,visitante_gana
143884,"Oscar Macias, Mexico",UTC,2016-10-23 23:00:00+00:00,,Estadio TSM Corona,Torreon,2016,Apertura - 14,Santos Laguna,Atlas,,,2.0,2.0,1.0,1.0,2.0,2.0,,,,,2016,empate
143885,"Erick Yair Miranda Galindo, Mexico",UTC,2016-10-24 01:00:00+00:00,,Estadio Akron,Guadalajara,2016,Apertura - 14,Guadalajara Chivas,Pachuca,False,True,1.0,2.0,1.0,1.0,1.0,2.0,,,,,2016,visitante_gana
143886,"Jose Penaloza, Mexico",UTC,2016-10-29 02:00:00+00:00,,Estadio Luis Pirata Fuente,Veracruz,2016,Apertura - 15,Veracruz,U.N.A.M. - Pumas,False,True,1.0,4.0,0.0,1.0,1.0,4.0,,,,,2016,visitante_gana
143887,"Diego Montano, Mexico",UTC,2016-10-29 23:00:00+00:00,1965.0,Estadio Victor Manuel Reyna,Tuxtla Gutierrez,2016,Apertura - 15,Jaguares de Chiapas,Club Queretaro,False,True,1.0,2.0,1.0,1.0,1.0,2.0,,,,,2016,visitante_gana
143888,"Fernando Guerrero Ramirez, Mexico",UTC,2016-10-30 01:00:00+00:00,,Estadio Universitario (UANL),Monterrey,2016,Apertura - 15,Tigres UANL,Monterrey,,,1.0,1.0,1.0,0.0,1.0,1.0,,,,,2016,empate
143889,"Marco Antonio Ortiz Nava, Mexico",UTC,2016-10-30 01:00:00+00:00,,Estadio Jose Maria Morelos y Pavon,Morelia,2016,Apertura - 15,Monarcas,Necaxa,True,False,2.0,1.0,0.0,0.0,2.0,1.0,,,,,2016,local_gana
143890,"Jorge Isaac Rojas Castillo, Mexico",UTC,2016-10-30 01:06:00+00:00,,Estadio Miguel Hidalgo,Pachuca de Soto,2016,Apertura - 15,Pachuca,Atlas,True,False,3.0,2.0,1.0,2.0,3.0,2.0,,,,,2016,local_gana
143891,"Jorge Antonio Perez Duran, Mexico",UTC,2016-10-30 02:00:00+00:00,,Estadio Azteca,Mexico City,2016,Apertura - 15,Club America,Santos Laguna,True,False,3.0,1.0,2.0,1.0,3.0,1.0,,,,,2016,local_gana
143892,"Roberto Garcia Orozco, Mexico",UTC,2016-10-30 02:06:00+00:00,,Estadio Akron,Guadalajara,2016,Apertura - 15,Guadalajara Chivas,Cruz Azul,True,False,3.0,2.0,1.0,1.0,3.0,2.0,,,,,2016,local_gana
143893,"Oscar Macias, Mexico",UTC,2016-10-30 18:00:00+00:00,,Estadio Nemesio Diez,Toluca,2016,Apertura - 15,Toluca,Club Tijuana,False,True,0.0,1.0,0.0,0.0,0.0,1.0,,,,,2016,visitante_gana
143894,"Fernando Hernandez, Mexico",UTC,2016-10-31 00:00:00+00:00,1082.0,Estadio Cuauhtemoc,Puebla,2016,Apertura - 15,Puebla,Leon,,,2.0,2.0,0.0,2.0,2.0,2.0,,,,,2016,empate
143895,"Cesar Arturo Ramos Palazuelos, Mexico",UTC,2016-11-05 03:00:00+00:00,1088.0,Estadio Caliente,Tijuana,2016,Apertura - 16,Club Tijuana,Tigres UANL,False,True,0.0,1.0,0.0,1.0,0.0,1.0,,,,,2016,visitante_gana
143897,"Fernando Hernandez, Mexico",UTC,2016-11-05 23:00:00+00:00,1084.0,Estadio La Corregidora,Santiago de Queretaro,2016,Apertura - 16,Club Queretaro,Toluca,False,True,2.0,3.0,0.0,2.0,2.0,3.0,,,,,2016,visitante_gana
143896,"Paul Enrique Delgadillo Haro, Mexico",UTC,2016-11-05 23:00:00+00:00,,Estadio Azul,Mexico City,2016,Apertura - 16,Cruz Azul,Pachuca,True,False,2.0,1.0,1.0,1.0,2.0,1.0,,,,,2016,local_gana
143898,"Erick Yair Miranda Galindo, Mexico",UTC,2016-11-06 01:00:00+00:00,,Estadio BBVA Bancomer,Monterrey,2016,Apertura - 16,Monterrey,Veracruz,True,False,4.0,0.0,1.0,0.0,4.0,0.0,,,,,2016,local_gana
143899,"Roberto Garcia Orozco, Mexico",UTC,2016-11-06 01:00:00+00:00,1071.0,Estadio Jalisco,Guadalajara,2016,Apertura - 16,Atlas,Club America,,,1.0,1.0,1.0,0.0,1.0,1.0,,,,,2016,empate
143900,"Marco Antonio Ortiz Nava, Mexico",UTC,2016-11-06 01:06:00+00:00,,Estadio Leon,Leon,2016,Apertura - 16,Leon,Guadalajara Chivas,,,1.0,1.0,0.0,1.0,1.0,1.0,,,,,2016,empate
143901,"Luis Santander, Mexico",UTC,2016-11-06 03:00:00+00:00,20474.0,Estadio Victoria,Aguascalientes,2016,Apertura - 16,Necaxa,Puebla,True,False,3.0,1.0,1.0,0.0,3.0,1.0,,,,,2016,local_gana
143902,"Jorge Isaac Rojas Castillo, Mexico",UTC,2016-11-06 18:00:00+00:00,,Estadio Olimpico Universitario,Mexico City,2016,Apertura - 16,U.N.A.M. - Pumas,Monarcas,,,1.0,1.0,0.0,1.0,1.0,1.0,,,,,2016,empate
143903,"Miguel Angel Chacon Viveros, Mexico",UTC,2016-11-07 00:00:00+00:00,,Estadio TSM Corona,Torreon,2016,Apertura - 16,Santos Laguna,Jaguares de Chiapas,True,False,2.0,0.0,0.0,0.0,2.0,0.0,,,,,2016,local_gana
143904,"Diego Montano, Mexico",UTC,2016-11-19 03:00:00+00:00,,Estadio Luis Pirata Fuente,Veracruz,2016,Apertura - 17,Veracruz,Club Tijuana,True,False,2.0,1.0,1.0,1.0,2.0,1.0,,,,,2016,local_gana
143905,"Adonai Escobedo Gonzalez, Mexico",UTC,2016-11-19 23:00:00+00:00,1965.0,Estadio Victor Manuel Reyna,Tuxtla Gutierrez,2016,Apertura - 17,Jaguares de Chiapas,Atlas,True,False,1.0,0.0,1.0,0.0,1.0,0.0,,,,,2016,local_gana
143906,"Jorge Antonio Perez Duran, Mexico",UTC,2016-11-19 23:00:00+00:00,,Estadio Azul,Mexico City,2016,Apertura - 17,Cruz Azul,Leon,False,True,2.0,3.0,0.0,2.0,2.0,3.0,,,,,2016,visitante_gana
143907,"Jose Penaloza, Mexico",UTC,2016-11-20 01:00:00+00:00,,Estadio Universitario (UANL),Monterrey,2016,Apertura - 17,Tigres UANL,Club Queretaro,False,True,1.0,2.0,0.0,1.0,1.0,2.0,,,,,2016,visitante_gana
143908,"Eduardo Galvan Basulto, Mexico",UTC,2016-11-20 01:00:00+00:00,,Estadio Jose Maria Morelos y Pavon,Morelia,2016,Apertura - 17,Monarcas,Monterrey,False,True,1.0,2.0,0.0,1.0,1.0,2.0,,,,,2016,visitante_gana
143909,"Oscar Macias, Mexico",UTC,2016-11-20 01:06:00+00:00,,Estadio Miguel Hidalgo,Pachuca de Soto,2016,Apertura - 17,Pachuca,Club America,,,3.0,3.0,2.0,1.0,3.0,3.0,,,,,2016,empate
143910,"Fernando Guerrero Ramirez, Mexico",UTC,2016-11-20 03:00:00+00:00,,Estadio Akron,Guadalajara,2016,Apertura - 17,Guadalajara Chivas,Necaxa,,,1.0,1.0,1.0,1.0,1.0,1.0,,,,,2016,empate
143911,"Roberto Garcia Orozco, Mexico",UTC,2016-11-20 18:00:00+00:00,,Estadio Alberto Chivo Cordoba,Toluca,2016,Apertura - 17,Toluca,Santos Laguna,False,True,1.0,2.0,0.0,1.0,1.0,2.0,,,,,2016,visitante_gana
143912,"Miguel Angel Flores Rodriguez, Mexico",UTC,2016-11-21 00:00:00+00:00,1082.0,Estadio Cuauhtemoc,Puebla,2016,Apertura - 17,Puebla,U.N.A.M. - Pumas,False,True,0.0,3.0,0.0,0.0,0.0,3.0,,,,,2016,visitante_gana
143599,"Oscar Macias, Mexico",UTC,2016-11-24 01:30:00+00:00,,Estadio Leon,Leon,2016,Apertura - Quarter-finals,Leon,Club Tijuana,True,False,3.0,0.0,2.0,0.0,3.0,0.0,,,,,2016,local_gana
143601,"Jorge Isaac Rojas Castillo, Mexico",UTC,2016-11-24 03:30:00+00:00,,Estadio Olimpico Universitario,Mexico City,2016,Apertura - Quarter-finals,U.N.A.M. - Pumas,Tigres UANL,,,2.0,2.0,1.0,1.0,2.0,2.0,,,,,2016,empate
143603,"Erick Yair Miranda Galindo, Mexico",UTC,2016-11-25 01:30:00+00:00,20474.0,Estadio Victoria,Aguascalientes,2016,Apertura - Quarter-finals,Necaxa,Pachuca,True,False,2.0,1.0,1.0,0.0,2.0,1.0,,,,,2016,local_gana
143605,"Paul Enrique Delgadillo Haro, Mexico",UTC,2016-11-25 03:30:00+00:00,,Estadio Azteca,Mexico City,2016,Apertura - Quarter-finals,Club America,Guadalajara Chivas,,,1.0,1.0,1.0,1.0,1.0,1.0,,,,,2016,empate
143602,"Fernando Guerrero Ramirez, Mexico",UTC,2016-11-27 01:00:00+00:00,,Estadio Universitario (UANL),Monterrey,2016,Apertura - Quarter-finals,Tigres UANL,U.N.A.M. - Pumas,True,False,5.0,0.0,2.0,0.0,5.0,0.0,,,,,2016,local_gana
143600,"Luis Santander, Mexico",UTC,2016-11-27 03:00:00+00:00,1088.0,Estadio Caliente,Tijuana,2016,Apertura - Quarter-finals,Club Tijuana,Leon,True,False,3.0,2.0,3.0,0.0,3.0,2.0,,,,,2016,local_gana
143606,"Roberto Garcia Orozco, Mexico",UTC,2016-11-28 00:06:00+00:00,,Estadio Akron,Guadalajara,2016,Apertura - Quarter-finals,Guadalajara Chivas,Club America,False,True,0.0,1.0,0.0,0.0,0.0,1.0,,,,,2016,visitante_gana
143604,"Cesar Arturo Ramos Palazuelos, Mexico",UTC,2016-11-28 02:06:00+00:00,,Estadio Miguel Hidalgo,Pachuca de Soto,2016,Apertura - Quarter-finals,Pachuca,Necaxa,,,0.0,0.0,0.0,0.0,0.0,0.0,,,,,2016,empate
143595,"Paul Enrique Delgadillo Haro, Mexico",UTC,2016-12-01 02:36:00+00:00,,Estadio Leon,Leon,2016,Apertura - Semi-finals,Leon,Tigres UANL,False,True,0.0,1.0,0.0,0.0,0.0,1.0,,,,,2016,visitante_gana
143597,"Jorge Isaac Rojas Castillo, Mexico",UTC,2016-12-02 03:00:00+00:00,20474.0,Estadio Victoria,Aguascalientes,2016,Apertura - Semi-finals,Necaxa,Club America,,,1.0,1.0,0.0,0.0,1.0,1.0,,,,,2016,empate
143596,"Cesar Arturo Ramos Palazuelos, Mexico",UTC,2016-12-04 01:00:00+00:00,,Estadio Universitario (UANL),Monterrey,2016,Apertura - Semi-finals,Tigres UANL,Leon,True,False,2.0,1.0,1.0,1.0,2.0,1.0,,,,,2016,local_gana
143598,"Fernando Guerrero Ramirez, Mexico",UTC,2016-12-05 02:00:00+00:00,,Estadio Azteca,Mexico City,2016,Apertura - Semi-finals,Club America,Necaxa,True,False,2.0,0.0,0.0,0.0,2.0,0.0,,,,,2016,local_gana
143593,"Paul Enrique Delgadillo Haro, Mexico",UTC,2016-12-23 03:00:00+00:00,,Estadio Azteca,Mexico City,2016,Apertura - Finals,Club America,Tigres UANL,,,1.0,1.0,0.0,1.0,1.0,1.0,,,,,2016,empate
143594,"Jorge Isaac Rojas Castillo, Mexico",UTC,2016-12-26 00:30:00+00:00,,Estadio Universitario (UANL),Monterrey,2016,Apertura - Finals,Tigres UANL,Club America,True,False,1.0,1.0,0.0,0.0,0.0,0.0,1.0,1.0,3.0,0.0,2016,empate
143607,"Eduardo Galvan Basulto, Mexico",UTC,2017-01-07 03:00:00+00:00,,Estadio Luis Pirata Fuente,Veracruz,2016,Clausura - 1,Veracruz,Club Queretaro,True,False,1.0,0.0,0.0,0.0,1.0,0.0,,,,,2017,local_gana
143608,"Uriel Olvera Rios, Mexico",UTC,2017-01-07 23:00:00+00:00,,Estadio Azul,Mexico City,2016,Clausura - 1,Cruz Azul,Necaxa,True,False,1.0,0.0,1.0,0.0,1.0,0.0,,,,,2017,local_gana
143609,"Oscar Mejia Garcia, Mexico",UTC,2017-01-08 01:00:00+00:00,,Estadio Universitario (UANL),Monterrey,2016,Clausura - 1,Tigres UANL,Santos Laguna,,,0.0,0.0,0.0,0.0,0.0,0.0,,,,,2017,empate
143610,"Marco Antonio Ortiz Nava, Mexico",UTC,2017-01-08 01:05:00+00:00,,Estadio Jose Maria Morelos y Pavon,Morelia,2016,Clausura - 1,Monarcas,Club Tijuana,True,False,2.0,0.0,1.0,0.0,2.0,0.0,,,,,2017,local_gana
143611,"Alejandro Funk Villafane, Mexico",UTC,2017-01-08 01:06:00+00:00,,Estadio Leon,Leon,2016,Clausura - 1,Leon,Pachuca,False,True,2.0,4.0,2.0,2.0,2.0,4.0,,,,,2017,visitante_gana
143612,"Fernando Hernandez, Mexico",UTC,2017-01-08 03:06:00+00:00,,Estadio Akron,Guadalajara,2016,Clausura - 1,Guadalajara Chivas,U.N.A.M. - Pumas,True,False,2.0,1.0,2.0,0.0,2.0,1.0,,,,,2017,local_gana
143613,"Adonai Escobedo Gonzalez, Mexico",UTC,2017-01-08 18:00:00+00:00,,Estadio Nemesio Diez,Toluca,2016,Clausura - 1,Toluca,Atlas,True,False,4.0,1.0,1.0,1.0,4.0,1.0,,,,,2017,local_gana
143614,"Adalid Maganda Villalva, Mexico",UTC,2017-01-09 00:00:00+00:00,1082.0,Estadio Cuauhtemoc,Puebla,2016,Clausura - 1,Puebla,Monterrey,False,True,2.0,3.0,2.0,1.0,2.0,3.0,,,,,2017,visitante_gana
143616,"Jorge Antonio Perez Duran, Mexico",UTC,2017-01-14 03:00:00+00:00,1088.0,Estadio Caliente,Tijuana,2016,Clausura - 2,Club Tijuana,Puebla,True,False,6.0,2.0,2.0,1.0,6.0,2.0,,,,,2017,local_gana
143617,"Miguel Angel Flores Rodriguez, Mexico",UTC,2017-01-14 23:00:00+00:00,1084.0,Estadio La Corregidora,Santiago de Queretaro,2016,Clausura - 2,Club Queretaro,Monarcas,,,0.0,0.0,0.0,0.0,0.0,0.0,,,,,2017,empate
143619,"Erick Yair Miranda Galindo, Mexico",UTC,2017-01-15 01:00:00+00:00,,Estadio BBVA Bancomer,Monterrey,2016,Clausura - 2,Monterrey,Guadalajara Chivas,,,2.0,2.0,0.0,2.0,2.0,2.0,,,,,2017,empate
143618,"Diego Montano, Mexico",UTC,2017-01-15 01:00:00+00:00,1071.0,Estadio Jalisco,Guadalajara,2016,Clausura - 2,Atlas,Tigres UANL,True,False,2.0,0.0,1.0,0.0,2.0,0.0,,,,,2017,local_gana
143620,"Roberto Rios Jacome, Mexico",UTC,2017-01-15 01:06:00+00:00,,Estadio Miguel Hidalgo,Pachuca de Soto,2016,Clausura - 2,Pachuca,Jaguares de Chiapas,True,False,1.0,0.0,1.0,0.0,1.0,0.0,,,,,2017,local_gana
143621,"Jose Penaloza, Mexico",UTC,2017-01-15 03:00:00+00:00,20474.0,Estadio Victoria,Aguascalientes,2016,Clausura - 2,Necaxa,Leon,False,True,0.0,1.0,0.0,0.0,0.0,1.0,,,,,2017,visitante_gana
143622,"Oscar Macias, Mexico",UTC,2017-01-15 18:00:00+00:00,,Estadio Olimpico Universitario,Mexico City,2016,Clausura - 2,U.N.A.M. - Pumas,Cruz Azul,True,False,1.0,0.0,0.0,0.0,1.0,0.0,,,,,2017,local_gana
143623,"Cesar Arturo Ramos Palazuelos, Mexico",UTC,2017-01-15 22:00:00+00:00,,Estadio Nemesio Diez,Toluca,2016,Clausura - 2,Toluca,Club America,True,False,2.0,1.0,2.0,1.0,2.0,1.0,,,,,2017,local_gana
143624,"Luis Santander, Mexico",UTC,2017-01-16 00:00:00+00:00,,Estadio TSM Corona,Torreon,2016,Clausura - 2,Santos Laguna,Veracruz,True,False,2.0,1.0,1.0,1.0,2.0,1.0,,,,,2017,local_gana
143625,"Marco Antonio Ortiz Nava, Mexico",UTC,2017-01-21 03:00:00+00:00,,Estadio Luis Pirata Fuente,Veracruz,2016,Clausura - 3,Veracruz,Atlas,True,False,1.0,0.0,1.0,0.0,1.0,0.0,,,,,2017,local_gana
143626,"Fernando Hernandez, Mexico",UTC,2017-01-21 23:00:00+00:00,,Estadio Azul,Mexico City,2016,Clausura - 3,Cruz Azul,Monterrey,,,2.0,2.0,0.0,2.0,2.0,2.0,,,,,2017,empate
143627,"Luis Santander, Mexico",UTC,2017-01-22 01:00:00+00:00,,Estadio Universitario (UANL),Monterrey,2016,Clausura - 3,Tigres UANL,Club America,True,False,4.0,2.0,2.0,1.0,4.0,2.0,,,,,2017,local_gana
143628,"Cesar Arturo Ramos Palazuelos, Mexico",UTC,2017-01-22 01:00:00+00:00,,Estadio Jose Maria Morelos y Pavon,Morelia,2016,Clausura - 3,Monarcas,Santos Laguna,,,1.0,1.0,0.0,1.0,1.0,1.0,,,,,2017,empate
143629,"Jorge Isaac Rojas Castillo, Mexico",UTC,2017-01-22 01:06:00+00:00,,Estadio Leon,Leon,2016,Clausura - 3,Leon,U.N.A.M. - Pumas,False,True,0.0,1.0,0.0,0.0,0.0,1.0,,,,,2017,visitante_gana
143630,"Leon Vicente Barajas Anzures, Mexico",UTC,2017-01-22 03:00:00+00:00,20474.0,Estadio Victoria,Aguascalientes,2016,Clausura - 3,Necaxa,Pachuca,True,False,1.0,0.0,0.0,0.0,1.0,0.0,,,,,2017,local_gana
143631,"Jonathan Hernandez Juarez, Mexico",UTC,2017-01-22 03:06:00+00:00,,Estadio Akron,Guadalajara,2016,Clausura - 3,Guadalajara Chivas,Club Tijuana,False,True,0.0,1.0,0.0,0.0,0.0,1.0,,,,,2017,visitante_gana
143632,"Eduardo Galvan Basulto, Mexico",UTC,2017-01-22 18:00:00+00:00,,Estadio Nemesio Diez,Toluca,2016,Clausura - 3,Toluca,Jaguares de Chiapas,False,True,0.0,1.0,0.0,0.0,0.0,1.0,,,,,2017,visitante_gana
143633,"Paul Enrique Delgadillo Haro, Mexico",UTC,2017-01-23 00:00:00+00:00,1082.0,Estadio Cuauhtemoc,Puebla,2016,Clausura - 3,Puebla,Club Queretaro,,,0.0,0.0,0.0,0.0,0.0,0.0,,,,,2017,empate
143634,"Paul Enrique Delgadillo Haro, Mexico",UTC,2017-01-28 03:00:00+00:00,1088.0,Estadio Caliente,Tijuana,2016,Clausura - 4,Club Tijuana,Cruz Azul,True,False,1.0,0.0,0.0,0.0,1.0,0.0,,,,,2017,local_gana
143635,"Diego Montano, Mexico",UTC,2017-01-28 23:00:00+00:00,1084.0,Estadio La Corregidora,Santiago de Queretaro,2016,Clausura - 4,Club Queretaro,Guadalajara Chivas,False,True,0.0,1.0,0.0,1.0,0.0,1.0,,,,,2017,visitante_gana
143637,"Jorge Antonio Perez Duran, Mexico",UTC,2017-01-29 01:00:00+00:00,,Estadio BBVA Bancomer,Monterrey,2016,Clausura - 4,Monterrey,Leon,,,0.0,0.0,0.0,0.0,0.0,0.0,,,,,2017,empate
143636,"Luis Santander, Mexico",UTC,2017-01-29 01:00:00+00:00,1071.0,Estadio Jalisco,Guadalajara,2016,Clausura - 4,Atlas,Monarcas,True,False,3.0,1.0,1.0,1.0,3.0,1.0,,,,,2017,local_gana
143638,"Oscar Mejia Garcia, Mexico",UTC,2017-01-29 01:06:00+00:00,,Estadio Miguel Hidalgo,Pachuca de Soto,2016,Clausura - 4,Pachuca,Toluca,,,0.0,0.0,0.0,0.0,0.0,0.0,,,,,2017,empate
143639,"Erick Yair Miranda Galindo, Mexico",UTC,2017-01-29 03:00:00+00:00,,Estadio Azteca,Mexico City,2016,Clausura - 4,Club America,Veracruz,True,False,1.0,0.0,0.0,0.0,1.0,0.0,,,,,2017,local_gana
143640,"Roberto Rios Jacome, Mexico",UTC,2017-01-29 18:00:00+00:00,,Estadio Olimpico Universitario,Mexico City,2016,Clausura - 4,U.N.A.M. - Pumas,Necaxa,True,False,3.0,1.0,0.0,1.0,3.0,1.0,,,,,2017,local_gana
143641,"Marco Antonio Ortiz Nava, Mexico",UTC,2017-01-29 23:00:00+00:00,1965.0,Estadio Victor Manuel Reyna,Tuxtla Gutierrez,2016,Clausura - 4,Jaguares de Chiapas,Tigres UANL,True,False,1.0,0.0,1.0,0.0,1.0,0.0,,,,,2017,local_gana
143642,"Fernando Guerrero Ramirez, Mexico",UTC,2017-01-30 00:00:00+00:00,,Estadio TSM Corona,Torreon,2016,Clausura - 4,Santos Laguna,Puebla,True,False,2.0,0.0,1.0,0.0,2.0,0.0,,,,,2017,local_gana
143643,"Jose Penaloza, Mexico",UTC,2017-02-04 01:30:00+00:00,1082.0,Estadio Cuauhtemoc,Puebla,2016,Clausura - 5,Puebla,Atlas,,,1.0,1.0,0.0,0.0,1.0,1.0,,,,,2017,empate
143644,"Paul Enrique Delgadillo Haro, Mexico",UTC,2017-02-04 03:30:00+00:00,,Estadio Luis Pirata Fuente,Veracruz,2016,Clausura - 5,Veracruz,Jaguares de Chiapas,True,False,2.0,0.0,1.0,0.0,2.0,0.0,,,,,2017,local_gana
143645,"Leon Vicente Barajas Anzures, Mexico",UTC,2017-02-04 23:00:00+00:00,,Estadio Azul,Mexico City,2016,Clausura - 5,Cruz Azul,Club Queretaro,,,1.0,1.0,0.0,0.0,1.0,1.0,,,,,2017,empate
143647,"Jorge Antonio Perez Duran, Mexico",UTC,2017-02-05 01:00:00+00:00,,Estadio Universitario (UANL),Monterrey,2016,Clausura - 5,Tigres UANL,Toluca,False,True,0.0,1.0,0.0,0.0,0.0,1.0,,,,,2017,visitante_gana
143646,"Marco Antonio Ortiz Nava, Mexico",UTC,2017-02-05 01:00:00+00:00,,Estadio Jose Maria Morelos y Pavon,Morelia,2016,Clausura - 5,Monarcas,Club America,False,True,0.0,2.0,0.0,0.0,0.0,2.0,,,,,2017,visitante_gana
143648,"Oscar Macias, Mexico",UTC,2017-02-05 01:06:00+00:00,,Estadio Leon,Leon,2016,Clausura - 5,Leon,Club Tijuana,False,True,2.0,4.0,1.0,2.0,2.0,4.0,,,,,2017,visitante_gana
143649,"Fernando Guerrero Ramirez, Mexico",UTC,2017-02-05 03:00:00+00:00,20474.0,Estadio Victoria,Aguascalientes,2016,Clausura - 5,Necaxa,Monterrey,,,1.0,1.0,0.0,1.0,1.0,1.0,,,,,2017,empate
143650,"Adonai Escobedo Gonzalez, Mexico",UTC,2017-02-05 18:00:00+00:00,,Estadio Olimpico Universitario,Mexico City,2016,Clausura - 5,U.N.A.M. - Pumas,Pachuca,,,1.0,1.0,1.0,0.0,1.0,1.0,,,,,2017,empate
143651,"Fernando Hernandez, Mexico",UTC,2017-02-05 22:00:00+00:00,,Estadio Akron,Guadalajara,2016,Clausura - 5,Guadalajara Chivas,Santos Laguna,,,1.0,1.0,0.0,0.0,1.0,1.0,,,,,2017,empate
143615,"Diego Montano, Mexico",UTC,2017-02-08 02:00:00+00:00,1965.0,Estadio Victor Manuel Reyna,Tuxtla Gutierrez,2016,Clausura - 1,Jaguares de Chiapas,Club America,True,False,2.0,0.0,0.0,0.0,2.0,0.0,,,,,2017,local_gana
143652,"Jorge Isaac Rojas Castillo, Mexico",UTC,2017-02-11 03:00:00+00:00,1088.0,Estadio Caliente,Tijuana,2016,Clausura - 6,Club Tijuana,Necaxa,False,True,1.0,2.0,0.0,0.0,1.0,2.0,,,,,2017,visitante_gana
143653,"Jonathan Hernandez Juarez, Mexico",UTC,2017-02-11 23:00:00+00:00,1084.0,Estadio La Corregidora,Santiago de Queretaro,2016,Clausura - 6,Club Queretaro,Leon,True,False,2.0,1.0,1.0,1.0,2.0,1.0,,,,,2017,local_gana
143655,"Jose Penaloza, Mexico",UTC,2017-02-12 01:00:00+00:00,,Estadio BBVA Bancomer,Monterrey,2016,Clausura - 6,Monterrey,U.N.A.M. - Pumas,True,False,2.0,0.0,0.0,0.0,2.0,0.0,,,,,2017,local_gana
143654,"Cesar Arturo Ramos Palazuelos, Mexico",UTC,2017-02-12 01:00:00+00:00,1071.0,Estadio Jalisco,Guadalajara,2016,Clausura - 6,Atlas,Guadalajara Chivas,False,True,1.0,2.0,0.0,2.0,1.0,2.0,,,,,2017,visitante_gana
143656,"Erick Yair Miranda Galindo, Mexico",UTC,2017-02-12 01:06:00+00:00,,Estadio Miguel Hidalgo,Pachuca de Soto,2016,Clausura - 6,Pachuca,Tigres UANL,True,False,1.0,0.0,1.0,0.0,1.0,0.0,,,,,2017,local_gana
143657,"Eduardo Galvan Basulto, Mexico",UTC,2017-02-12 03:00:00+00:00,,Estadio Azteca,Mexico City,2016,Clausura - 6,Club America,Puebla,,,0.0,0.0,0.0,0.0,0.0,0.0,,,,,2017,empate
143658,"Luis Santander, Mexico",UTC,2017-02-12 18:00:00+00:00,,Estadio Nemesio Diez,Toluca,2016,Clausura - 6,Toluca,Veracruz,True,False,1.0,0.0,1.0,0.0,1.0,0.0,,,,,2017,local_gana
143659,"Oscar Macias, Mexico",UTC,2017-02-12 23:00:00+00:00,1965.0,Estadio Victor Manuel Reyna,Tuxtla Gutierrez,2016,Clausura - 6,Jaguares de Chiapas,Monarcas,False,True,1.0,2.0,1.0,2.0,1.0,2.0,,,,,2017,visitante_gana
143660,"Marco Antonio Ortiz Nava, Mexico",UTC,2017-02-13 00:00:00+00:00,,Estadio TSM Corona,Torreon,2016,Clausura - 6,Santos Laguna,Cruz Azul,,,2.0,2.0,1.0,1.0,2.0,2.0,,,,,2017,empate
143661,"Oscar Macias, Mexico",UTC,2017-02-18 03:00:00+00:00,,Estadio Luis Pirata Fuente,Veracruz,2016,Clausura - 7,Veracruz,Tigres UANL,False,True,0.0,3.0,0.0,0.0,0.0,3.0,,,,,2017,visitante_gana
143662,"Adonai Escobedo Gonzalez, Mexico",UTC,2017-02-18 23:00:00+00:00,,Estadio Azul,Mexico City,2016,Clausura - 7,Cruz Azul,Atlas,False,True,0.0,1.0,0.0,1.0,0.0,1.0,,,,,2017,visitante_gana
143663,"Diego Montano, Mexico",UTC,2017-02-19 01:00:00+00:00,,Estadio BBVA Bancomer,Monterrey,2016,Clausura - 7,Monterrey,Pachuca,True,False,1.0,0.0,1.0,0.0,1.0,0.0,,,,,2017,local_gana
143664,"Cesar Arturo Ramos Palazuelos, Mexico",UTC,2017-02-19 01:00:00+00:00,,Estadio Jose Maria Morelos y Pavon,Morelia,2016,Clausura - 7,Monarcas,Toluca,False,True,1.0,2.0,0.0,1.0,1.0,2.0,,,,,2017,visitante_gana
143665,"Roberto Rios Jacome, Mexico",UTC,2017-02-19 01:06:00+00:00,,Estadio Leon,Leon,2016,Clausura - 7,Leon,Santos Laguna,,,2.0,2.0,1.0,2.0,2.0,2.0,,,,,2017,empate
143666,"Jorge Antonio Perez Duran, Mexico",UTC,2017-02-19 03:00:00+00:00,20474.0,Estadio Victoria,Aguascalientes,2016,Clausura - 7,Necaxa,Club Queretaro,False,True,1.0,4.0,1.0,2.0,1.0,4.0,,,,,2017,visitante_gana
143667,"Luis Santander, Mexico",UTC,2017-02-19 03:06:00+00:00,,Estadio Akron,Guadalajara,2016,Clausura - 7,Guadalajara Chivas,Club America,True,False,1.0,0.0,1.0,0.0,1.0,0.0,,,,,2017,local_gana
143668,"Marco Antonio Ortiz Nava, Mexico",UTC,2017-02-19 18:00:00+00:00,,Estadio Olimpico Universitario,Mexico City,2016,Clausura - 7,U.N.A.M. - Pumas,Club Tijuana,,,3.0,3.0,0.0,1.0,3.0,3.0,,,,,2017,empate
143669,"Fernando Hernandez, Mexico",UTC,2017-02-19 22:00:00+00:00,1082.0,Estadio Cuauhtemoc,Puebla,2016,Clausura - 7,Puebla,Jaguares de Chiapas,True,False,3.0,0.0,1.0,0.0,3.0,0.0,,,,,2017,local_gana
143670,"Jorge Antonio Perez Duran, Mexico",UTC,2017-02-25 03:00:00+00:00,1088.0,Estadio Caliente,Tijuana,2016,Clausura - 8,Club Tijuana,Monterrey,True,False,2.0,0.0,1.0,0.0,2.0,0.0,,,,,2017,local_gana
143671,"Eduardo Galvan Basulto, Mexico",UTC,2017-02-25 23:00:00+00:00,1084.0,Estadio La Corregidora,Santiago de Queretaro,2016,Clausura - 8,Club Queretaro,U.N.A.M. - Pumas,True,False,4.0,3.0,2.0,1.0,4.0,3.0,,,,,2017,local_gana
143672,"Jose Penaloza, Mexico",UTC,2017-02-26 01:00:00+00:00,,Estadio Universitario (UANL),Monterrey,2016,Clausura - 8,Tigres UANL,Monarcas,,,1.0,1.0,0.0,1.0,1.0,1.0,,,,,2017,empate
143673,"Fernando Hernandez, Mexico",UTC,2017-02-26 01:00:00+00:00,1071.0,Estadio Jalisco,Guadalajara,2016,Clausura - 8,Atlas,Leon,True,False,2.0,0.0,0.0,0.0,2.0,0.0,,,,,2017,local_gana
143674,"Jorge Isaac Rojas Castillo, Mexico",UTC,2017-02-26 01:06:00+00:00,,Estadio Miguel Hidalgo,Pachuca de Soto,2016,Clausura - 8,Pachuca,Veracruz,True,False,1.0,0.0,0.0,0.0,1.0,0.0,,,,,2017,local_gana
143675,"Cesar Arturo Ramos Palazuelos, Mexico",UTC,2017-02-26 03:00:00+00:00,,Estadio Azteca,Mexico City,2016,Clausura - 8,Club America,Cruz Azul,True,False,2.0,0.0,1.0,0.0,2.0,0.0,,,,,2017,local_gana
143676,"Oscar Macias, Mexico",UTC,2017-02-26 18:00:00+00:00,,Estadio Nemesio Diez,Toluca,2016,Clausura - 8,Toluca,Puebla,False,True,1.0,3.0,0.0,2.0,1.0,3.0,,,,,2017,visitante_gana
143677,"Marco Antonio Ortiz Nava, Mexico",UTC,2017-02-26 23:00:00+00:00,1965.0,Estadio Victor Manuel Reyna,Tuxtla Gutierrez,2016,Clausura - 8,Jaguares de Chiapas,Guadalajara Chivas,True,False,4.0,3.0,0.0,2.0,4.0,3.0,,,,,2017,local_gana
143678,"Luis Santander, Mexico",UTC,2017-02-27 00:00:00+00:00,,Estadio TSM Corona,Torreon,2016,Clausura - 8,Santos Laguna,Necaxa,,,2.0,2.0,1.0,1.0,2.0,2.0,,,,,2017,empate
143679,"Cesar Arturo Ramos Palazuelos, Mexico",UTC,2017-03-04 03:00:00+00:00,1088.0,Estadio Caliente,Tijuana,2016,Clausura - 9,Club Tijuana,Pachuca,False,True,2.0,3.0,1.0,0.0,2.0,3.0,,,,,2017,visitante_gana
143680,"Luis Santander, Mexico",UTC,2017-03-04 23:00:00+00:00,,Estadio Azul,Mexico City,2016,Clausura - 9,Cruz Azul,Jaguares de Chiapas,True,False,2.0,0.0,0.0,0.0,2.0,0.0,,,,,2017,local_gana
143682,"Leon Vicente Barajas Anzures, Mexico",UTC,2017-03-05 01:00:00+00:00,,Estadio BBVA Bancomer,Monterrey,2016,Clausura - 9,Monterrey,Club Queretaro,True,False,4.0,1.0,1.0,1.0,4.0,1.0,,,,,2017,local_gana
143681,"Marco Antonio Ortiz Nava, Mexico",UTC,2017-03-05 01:00:00+00:00,,Estadio Jose Maria Morelos y Pavon,Morelia,2016,Clausura - 9,Monarcas,Veracruz,True,False,1.0,0.0,0.0,0.0,1.0,0.0,,,,,2017,local_gana
143683,"Jose Penaloza, Mexico",UTC,2017-03-05 01:06:00+00:00,,Estadio Leon,Leon,2016,Clausura - 9,Leon,Club America,,,1.0,1.0,1.0,0.0,1.0,1.0,,,,,2017,empate
143684,"Diego Montano, Mexico",UTC,2017-03-05 03:00:00+00:00,20474.0,Estadio Victoria,Aguascalientes,2016,Clausura - 9,Necaxa,Atlas,,,1.0,1.0,0.0,0.0,1.0,1.0,,,,,2017,empate
143685,"Fernando Hernandez, Mexico",UTC,2017-03-05 03:06:00+00:00,,Estadio Akron,Guadalajara,2016,Clausura - 9,Guadalajara Chivas,Toluca,True,False,2.0,0.0,1.0,0.0,2.0,0.0,,,,,2017,local_gana
143686,"Jorge Isaac Rojas Castillo, Mexico",UTC,2017-03-05 18:00:00+00:00,,Estadio Olimpico Universitario,Mexico City,2016,Clausura - 9,U.N.A.M. - Pumas,Santos Laguna,True,False,2.0,1.0,0.0,0.0,2.0,1.0,,,,,2017,local_gana
143687,"Miguel Angel Flores Rodriguez, Mexico",UTC,2017-03-05 18:00:00+00:00,1082.0,Estadio Cuauhtemoc,Puebla,2016,Clausura - 9,Puebla,Tigres UANL,False,True,0.0,2.0,0.0,1.0,0.0,2.0,,,,,2017,visitante_gana
143697,"Erick Yair Miranda Galindo, Mexico",UTC,2017-03-18 03:00:00+00:00,1088.0,Estadio Caliente,Tijuana,2016,Clausura - 11,Club Tijuana,Santos Laguna,,,1.0,1.0,0.0,1.0,1.0,1.0,,,,,2017,empate
143699,"Diego Montano, Mexico",UTC,2017-03-18 23:00:00+00:00,1084.0,Estadio La Corregidora,Santiago de Queretaro,2016,Clausura - 11,Club Queretaro,Pachuca,True,False,3.0,0.0,2.0,0.0,3.0,0.0,,,,,2017,local_gana
143698,"Fernando Hernandez, Mexico",UTC,2017-03-18 23:00:00+00:00,,Estadio Azul,Mexico City,2016,Clausura - 11,Cruz Azul,Tigres UANL,,,0.0,0.0,0.0,0.0,0.0,0.0,,,,,2017,empate
143700,"Jorge Isaac Rojas Castillo, Mexico",UTC,2017-03-19 01:00:00+00:00,,Estadio BBVA Bancomer,Monterrey,2016,Clausura - 11,Monterrey,Atlas,True,False,2.0,0.0,1.0,0.0,2.0,0.0,,,,,2017,local_gana
143701,"Luis Santander, Mexico",UTC,2017-03-19 01:06:00+00:00,,Estadio Leon,Leon,2016,Clausura - 11,Leon,Toluca,False,True,2.0,3.0,1.0,1.0,2.0,3.0,,,,,2017,visitante_gana
143702,"Jose Penaloza, Mexico",UTC,2017-03-19 03:00:00+00:00,20474.0,Estadio Victoria,Aguascalientes,2016,Clausura - 11,Necaxa,Jaguares de Chiapas,,,2.0,2.0,1.0,0.0,2.0,2.0,,,,,2017,empate
143703,"Oscar Macias, Mexico",UTC,2017-03-19 03:06:00+00:00,,Estadio Akron,Guadalajara,2016,Clausura - 11,Guadalajara Chivas,Veracruz,True,False,2.0,0.0,0.0,0.0,2.0,0.0,,,,,2017,local_gana
143704,"Marco Antonio Ortiz Nava, Mexico",UTC,2017-03-19 18:00:00+00:00,,Estadio Olimpico Universitario,Mexico City,2016,Clausura - 11,U.N.A.M. - Pumas,Club America,False,True,2.0,3.0,0.0,2.0,2.0,3.0,,,,,2017,visitante_gana
143705,"Jorge Antonio Perez Duran, Mexico",UTC,2017-03-20 00:00:00+00:00,1082.0,Estadio Cuauhtemoc,Puebla,2016,Clausura - 11,Puebla,Monarcas,False,True,0.0,1.0,0.0,0.0,0.0,1.0,,,,,2017,visitante_gana
143706,"Jose Penaloza, Mexico",UTC,2017-04-01 03:00:00+00:00,,Estadio Luis Pirata Fuente,Veracruz,2016,Clausura - 12,Veracruz,Cruz Azul,True,False,3.0,1.0,0.0,1.0,3.0,1.0,,,,,2017,local_gana
143707,"Miguel Angel Chacon Viveros, Mexico",UTC,2017-04-01 23:00:00+00:00,1965.0,Estadio Victor Manuel Reyna,Tuxtla Gutierrez,2016,Clausura - 12,Jaguares de Chiapas,U.N.A.M. - Pumas,False,True,0.0,3.0,0.0,1.0,0.0,3.0,,,,,2017,visitante_gana
143709,"Roberto Rios Jacome, Mexico",UTC,2017-04-02 01:00:00+00:00,,Estadio Universitario (UANL),Monterrey,2016,Clausura - 12,Tigres UANL,Leon,False,True,0.0,1.0,0.0,0.0,0.0,1.0,,,,,2017,visitante_gana
143708,"Adonai Escobedo Gonzalez, Mexico",UTC,2017-04-02 01:00:00+00:00,1071.0,Estadio Jalisco,Guadalajara,2016,Clausura - 12,Atlas,Club Tijuana,,,3.0,3.0,2.0,2.0,3.0,3.0,,,,,2017,empate
143710,"Jorge Isaac Rojas Castillo, Mexico",UTC,2017-04-02 01:00:00+00:00,,Estadio Jose Maria Morelos y Pavon,Morelia,2016,Clausura - 12,Monarcas,Guadalajara Chivas,,,0.0,0.0,0.0,0.0,0.0,0.0,,,,,2017,empate
143711,"Oscar Macias, Mexico",UTC,2017-04-02 01:06:00+00:00,,Estadio Miguel Hidalgo,Pachuca de Soto,2016,Clausura - 12,Pachuca,Puebla,,,0.0,0.0,0.0,0.0,0.0,0.0,,,,,2017,empate
143712,"Diego Montano, Mexico",UTC,2017-04-02 03:00:00+00:00,,Estadio Azteca,Mexico City,2016,Clausura - 12,Club America,Monterrey,True,False,1.0,0.0,0.0,0.0,1.0,0.0,,,,,2017,local_gana
143713,"Eduardo Galvan Basulto, Mexico",UTC,2017-04-02 17:00:00+00:00,,Estadio Nemesio Diez,Toluca,2016,Clausura - 12,Toluca,Necaxa,True,False,2.0,0.0,0.0,0.0,2.0,0.0,,,,,2017,local_gana
143714,"Fernando Hernandez, Mexico",UTC,2017-04-02 23:00:00+00:00,,Estadio TSM Corona,Torreon,2016,Clausura - 12,Santos Laguna,Club Queretaro,True,False,1.0,0.0,0.0,0.0,1.0,0.0,,,,,2017,local_gana
143715,"Luis Santander, Mexico",UTC,2017-04-08 02:00:00+00:00,1088.0,Estadio Caliente,Tijuana,2016,Clausura - 13,Club Tijuana,Club America,,,0.0,0.0,0.0,0.0,0.0,0.0,,,,,2017,empate
143717,"Leon Vicente Barajas Anzures, Mexico",UTC,2017-04-08 22:00:00+00:00,1084.0,Estadio La Corregidora,Santiago de Queretaro,2016,Clausura - 13,Club Queretaro,Atlas,False,True,1.0,4.0,0.0,2.0,1.0,4.0,,,,,2017,visitante_gana
143716,"Erick Yair Miranda Galindo, Mexico",UTC,2017-04-08 22:00:00+00:00,,Estadio Azul,Mexico City,2016,Clausura - 13,Cruz Azul,Monarcas,,,1.0,1.0,1.0,0.0,1.0,1.0,,,,,2017,empate
143718,"Miguel Angel Flores Rodriguez, Mexico",UTC,2017-04-09 00:00:00+00:00,,Estadio BBVA Bancomer,Monterrey,2016,Clausura - 13,Monterrey,Jaguares de Chiapas,True,False,4.0,1.0,2.0,0.0,4.0,1.0,,,,,2017,local_gana
143719,"Fernando Hernandez, Mexico",UTC,2017-04-09 00:06:00+00:00,,Estadio Leon,Leon,2016,Clausura - 13,Leon,Veracruz,True,False,4.0,0.0,0.0,0.0,4.0,0.0,,,,,2017,local_gana
143720,"Diego Montano, Mexico",UTC,2017-04-09 02:00:00+00:00,20474.0,Estadio Victoria,Aguascalientes,2016,Clausura - 13,Necaxa,Tigres UANL,,,1.0,1.0,1.0,1.0,1.0,1.0,,,,,2017,empate
143721,"Miguel Angel Chacon Viveros, Mexico",UTC,2017-04-09 02:06:00+00:00,,Estadio Akron,Guadalajara,2016,Clausura - 13,Guadalajara Chivas,Puebla,True,False,3.0,2.0,0.0,2.0,3.0,2.0,,,,,2017,local_gana
143722,"Jorge Antonio Perez Duran, Mexico",UTC,2017-04-09 17:00:00+00:00,,Estadio Olimpico Universitario,Mexico City,2016,Clausura - 13,U.N.A.M. - Pumas,Toluca,False,True,0.0,1.0,0.0,1.0,0.0,1.0,,,,,2017,visitante_gana
143723,"Adonai Escobedo Gonzalez, Mexico",UTC,2017-04-09 23:00:00+00:00,,Estadio TSM Corona,Torreon,2016,Clausura - 13,Santos Laguna,Pachuca,True,False,1.0,0.0,1.0,0.0,1.0,0.0,,,,,2017,local_gana
143688,"Erick Yair Miranda Galindo, Mexico",UTC,2017-04-12 00:00:00+00:00,1965.0,Estadio Victor Manuel Reyna,Tuxtla Gutierrez,2016,Clausura - 10,Jaguares de Chiapas,Leon,,,0.0,0.0,0.0,0.0,0.0,0.0,,,,,2017,empate
143690,"Eduardo Galvan Basulto, Mexico",UTC,2017-04-12 02:00:00+00:00,,Estadio Universitario (UANL),Monterrey,2016,Clausura - 10,Tigres UANL,Guadalajara Chivas,True,False,3.0,0.0,1.0,0.0,3.0,0.0,,,,,2017,local_gana
143689,"Luis Santander, Mexico",UTC,2017-04-12 02:00:00+00:00,,Estadio Luis Pirata Fuente,Veracruz,2016,Clausura - 10,Veracruz,Puebla,True,False,3.0,2.0,2.0,0.0,3.0,2.0,,,,,2017,local_gana
143691,"Miguel Angel Flores Rodriguez, Mexico",UTC,2017-04-13 00:00:00+00:00,1084.0,Estadio La Corregidora,Santiago de Queretaro,2016,Clausura - 10,Club Queretaro,Club Tijuana,False,True,0.0,1.0,0.0,0.0,0.0,1.0,,,,,2017,visitante_gana
143692,"Oscar Macias, Mexico",UTC,2017-04-13 00:30:00+00:00,,Estadio TSM Corona,Torreon,2016,Clausura - 10,Santos Laguna,Monterrey,,,2.0,2.0,2.0,1.0,2.0,2.0,,,,,2017,empate
143693,"Adonai Escobedo Gonzalez, Mexico",UTC,2017-04-13 02:00:00+00:00,,Estadio Azteca,Mexico City,2016,Clausura - 10,Club America,Necaxa,True,False,1.0,0.0,0.0,0.0,1.0,0.0,,,,,2017,local_gana
143694,"Fernando Hernandez, Mexico",UTC,2017-04-13 02:06:00+00:00,,Estadio Miguel Hidalgo,Pachuca de Soto,2016,Clausura - 10,Pachuca,Monarcas,,,0.0,0.0,0.0,0.0,0.0,0.0,,,,,2017,empate
143695,"Roberto Rios Jacome, Mexico",UTC,2017-04-13 02:30:00+00:00,1071.0,Estadio Jalisco,Guadalajara,2016,Clausura - 10,Atlas,U.N.A.M. - Pumas,,,1.0,1.0,1.0,1.0,1.0,1.0,,,,,2017,empate
143696,"Cesar Arturo Ramos Palazuelos, Mexico",UTC,2017-04-14 02:00:00+00:00,,Estadio Nemesio Diez,Toluca,2016,Clausura - 10,Toluca,Cruz Azul,False,True,0.0,2.0,0.0,0.0,0.0,2.0,,,,,2017,visitante_gana
143724,"Fernando Hernandez, Mexico",UTC,2017-04-15 22:00:00+00:00,1965.0,Estadio Victor Manuel Reyna,Tuxtla Gutierrez,2016,Clausura - 14,Jaguares de Chiapas,Club Tijuana,False,True,1.0,2.0,1.0,0.0,1.0,2.0,,,,,2017,visitante_gana
143727,"Luis Santander, Mexico",UTC,2017-04-16 00:00:00+00:00,,Estadio Universitario (UANL),Monterrey,2016,Clausura - 14,Tigres UANL,U.N.A.M. - Pumas,True,False,4.0,0.0,1.0,0.0,4.0,0.0,,,,,2017,local_gana
143728,"Eduardo Galvan Basulto, Mexico",UTC,2017-04-16 00:00:00+00:00,1071.0,Estadio Jalisco,Guadalajara,2016,Clausura - 14,Atlas,Santos Laguna,,,1.0,1.0,0.0,1.0,1.0,1.0,,,,,2017,empate
143726,"Paul Enrique Delgadillo Haro, Mexico",UTC,2017-04-16 00:00:00+00:00,,Estadio Jose Maria Morelos y Pavon,Morelia,2016,Clausura - 14,Monarcas,Leon,False,True,1.0,2.0,0.0,1.0,1.0,2.0,,,,,2017,visitante_gana
143725,"Roberto Garcia Orozco, Mexico",UTC,2017-04-16 00:00:00+00:00,,Estadio Luis Pirata Fuente,Veracruz,2016,Clausura - 14,Veracruz,Necaxa,False,True,0.0,1.0,0.0,0.0,0.0,1.0,,,,,2017,visitante_gana
143729,"Jorge Antonio Perez Duran, Mexico",UTC,2017-04-16 00:06:00+00:00,,Estadio Miguel Hidalgo,Pachuca de Soto,2016,Clausura - 14,Pachuca,Guadalajara Chivas,,,0.0,0.0,0.0,0.0,0.0,0.0,,,,,2017,empate
143730,"Cesar Arturo Ramos Palazuelos, Mexico",UTC,2017-04-16 02:00:00+00:00,,Estadio Azteca,Mexico City,2016,Clausura - 14,Club America,Club Queretaro,True,False,1.0,0.0,1.0,0.0,1.0,0.0,,,,,2017,local_gana
143731,"Erick Yair Miranda Galindo, Mexico",UTC,2017-04-16 17:00:00+00:00,,Estadio Nemesio Diez,Toluca,2016,Clausura - 14,Toluca,Monterrey,,,1.0,1.0,1.0,1.0,1.0,1.0,,,,,2017,empate
143732,"Marco Antonio Ortiz Nava, Mexico",UTC,2017-04-16 23:00:00+00:00,1082.0,Estadio Cuauhtemoc,Puebla,2016,Clausura - 14,Puebla,Cruz Azul,True,False,2.0,1.0,0.0,1.0,2.0,1.0,,,,,2017,local_gana
143733,"Roberto Rios Jacome, Mexico",UTC,2017-04-22 02:00:00+00:00,1088.0,Estadio Caliente,Tijuana,2016,Clausura - 15,Club Tijuana,Toluca,True,False,2.0,0.0,0.0,0.0,2.0,0.0,,,,,2017,local_gana
143734,"Marco Antonio Ortiz Nava, Mexico",UTC,2017-04-22 22:00:00+00:00,1084.0,Estadio La Corregidora,Santiago de Queretaro,2016,Clausura - 15,Club Queretaro,Jaguares de Chiapas,,,2.0,2.0,1.0,0.0,2.0,2.0,,,,,2017,empate
143735,"Adonai Escobedo Gonzalez, Mexico",UTC,2017-04-22 22:00:00+00:00,,Estadio Azul,Mexico City,2016,Clausura - 15,Cruz Azul,Guadalajara Chivas,True,False,2.0,1.0,1.0,0.0,2.0,1.0,,,,,2017,local_gana
143736,"Roberto Garcia Orozco, Mexico",UTC,2017-04-23 00:00:00+00:00,,Estadio BBVA Bancomer,Monterrey,2016,Clausura - 15,Monterrey,Tigres UANL,True,False,1.0,0.0,0.0,0.0,1.0,0.0,,,,,2017,local_gana
143737,"Miguel Angel Chacon Viveros, Mexico",UTC,2017-04-23 00:00:00+00:00,1071.0,Estadio Jalisco,Guadalajara,2016,Clausura - 15,Atlas,Pachuca,True,False,1.0,0.0,1.0,0.0,1.0,0.0,,,,,2017,local_gana
143738,"Diego Montano, Mexico",UTC,2017-04-23 00:06:00+00:00,,Estadio Leon,Leon,2016,Clausura - 15,Leon,Puebla,True,False,1.0,0.0,1.0,0.0,1.0,0.0,,,,,2017,local_gana
143739,"Jorge Antonio Perez Duran, Mexico",UTC,2017-04-23 02:00:00+00:00,20474.0,Estadio Victoria,Aguascalientes,2016,Clausura - 15,Necaxa,Monarcas,True,False,2.0,1.0,1.0,1.0,2.0,1.0,,,,,2017,local_gana
143740,"Cesar Arturo Ramos Palazuelos, Mexico",UTC,2017-04-23 17:00:00+00:00,,Estadio Olimpico Universitario,Mexico City,2016,Clausura - 15,U.N.A.M. - Pumas,Veracruz,False,True,0.0,2.0,0.0,1.0,0.0,2.0,,,,,2017,visitante_gana
143741,"Erick Yair Miranda Galindo, Mexico",UTC,2017-04-24 00:00:00+00:00,,Estadio TSM Corona,Torreon,2016,Clausura - 15,Santos Laguna,Club America,True,False,2.0,1.0,0.0,0.0,2.0,1.0,,,,,2017,local_gana
143742,"Marco Antonio Ortiz Nava, Mexico",UTC,2017-04-29 01:30:00+00:00,,Estadio Luis Pirata Fuente,Veracruz,2016,Clausura - 16,Veracruz,Monterrey,True,False,1.0,0.0,1.0,0.0,1.0,0.0,,,,,2017,local_gana
143743,"Cesar Arturo Ramos Palazuelos, Mexico",UTC,2017-04-29 22:00:00+00:00,1965.0,Estadio Victor Manuel Reyna,Tuxtla Gutierrez,2016,Clausura - 16,Jaguares de Chiapas,Santos Laguna,,,2.0,2.0,1.0,0.0,2.0,2.0,,,,,2017,empate
143744,"Jorge Antonio Perez Duran, Mexico",UTC,2017-04-30 00:00:00+00:00,,Estadio Universitario (UANL),Monterrey,2016,Clausura - 16,Tigres UANL,Club Tijuana,True,False,3.0,0.0,3.0,0.0,3.0,0.0,,,,,2017,local_gana
143745,"Oscar Macias, Mexico",UTC,2017-04-30 00:00:00+00:00,,Estadio Jose Maria Morelos y Pavon,Morelia,2016,Clausura - 16,Monarcas,U.N.A.M. - Pumas,True,False,4.0,0.0,1.0,0.0,4.0,0.0,,,,,2017,local_gana
143747,"Miguel Angel Flores Rodriguez, Mexico",UTC,2017-04-30 00:06:00+00:00,,Estadio Akron,Guadalajara,2016,Clausura - 16,Guadalajara Chivas,Leon,,,1.0,1.0,0.0,0.0,1.0,1.0,,,,,2017,empate
143746,"Eduardo Galvan Basulto, Mexico",UTC,2017-04-30 00:06:00+00:00,,Estadio Miguel Hidalgo,Pachuca de Soto,2016,Clausura - 16,Pachuca,Cruz Azul,,,2.0,2.0,0.0,0.0,2.0,2.0,,,,,2017,empate
143748,"Fernando Hernandez, Mexico",UTC,2017-04-30 02:00:00+00:00,,Estadio Azteca,Mexico City,2016,Clausura - 16,Club America,Atlas,False,True,1.0,2.0,0.0,2.0,1.0,2.0,,,,,2017,visitante_gana
143749,"Miguel Angel Chacon Viveros, Mexico",UTC,2017-04-30 17:00:00+00:00,,Estadio Nemesio Diez,Toluca,2016,Clausura - 16,Toluca,Club Queretaro,False,True,1.0,2.0,1.0,0.0,1.0,2.0,,,,,2017,visitante_gana
143750,"Paul Enrique Delgadillo Haro, Mexico",UTC,2017-04-30 23:00:00+00:00,1082.0,Estadio Cuauhtemoc,Puebla,2016,Clausura - 16,Puebla,Necaxa,False,True,0.0,1.0,0.0,0.0,0.0,1.0,,,,,2017,visitante_gana
143751,"Erick Yair Miranda Galindo, Mexico",UTC,2017-05-06 22:00:00+00:00,1084.0,Estadio La Corregidora,Santiago de Queretaro,2016,Clausura - 17,Club Queretaro,Tigres UANL,False,True,1.0,5.0,0.0,2.0,1.0,5.0,,,,,2017,visitante_gana
143752,"Jorge Antonio Perez Duran, Mexico",UTC,2017-05-07 00:06:00+00:00,,Estadio Leon,Leon,2016,Clausura - 17,Leon,Cruz Azul,False,True,1.0,2.0,1.0,1.0,1.0,2.0,,,,,2017,visitante_gana
143753,"Paul Enrique Delgadillo Haro, Mexico",UTC,2017-05-07 02:00:00+00:00,1088.0,Estadio Caliente,Tijuana,2016,Clausura - 17,Club Tijuana,Veracruz,True,False,1.0,0.0,0.0,0.0,1.0,0.0,,,,,2017,local_gana
143754,"Jorge Isaac Rojas Castillo, Mexico",UTC,2017-05-07 02:00:00+00:00,,Estadio BBVA Bancomer,Monterrey,2016,Clausura - 17,Monterrey,Monarcas,False,True,1.0,2.0,0.0,1.0,1.0,2.0,,,,,2017,visitante_gana
143755,"Roberto Garcia Orozco, Mexico",UTC,2017-05-07 02:00:00+00:00,1071.0,Estadio Jalisco,Guadalajara,2016,Clausura - 17,Atlas,Jaguares de Chiapas,False,True,0.0,1.0,0.0,1.0,0.0,1.0,,,,,2017,visitante_gana
143756,"Oscar Macias, Mexico",UTC,2017-05-07 02:00:00+00:00,,Estadio Azteca,Mexico City,2016,Clausura - 17,Club America,Pachuca,False,True,2.0,3.0,0.0,2.0,2.0,3.0,,,,,2017,visitante_gana
143757,"Cesar Arturo Ramos Palazuelos, Mexico",UTC,2017-05-07 02:00:00+00:00,20474.0,Estadio Victoria,Aguascalientes,2016,Clausura - 17,Necaxa,Guadalajara Chivas,,,0.0,0.0,0.0,0.0,0.0,0.0,,,,,2017,empate
143758,"Fernando Hernandez, Mexico",UTC,2017-05-07 17:00:00+00:00,,Estadio Olimpico Universitario,Mexico City,2016,Clausura - 17,U.N.A.M. - Pumas,Puebla,False,True,0.0,1.0,0.0,0.0,0.0,1.0,,,,,2017,visitante_gana
143759,"Jose Penaloza, Mexico",UTC,2017-05-07 23:00:00+00:00,,Estadio TSM Corona,Torreon,2016,Clausura - 17,Santos Laguna,Toluca,,,2.0,2.0,0.0,2.0,2.0,2.0,,,,,2017,empate
143585,"Cesar Arturo Ramos Palazuelos, Mexico",UTC,2017-05-11 00:30:00+00:00,,Estadio Universitario (UANL),Monterrey,2016,Clausura - Quarter-finals,Tigres UANL,Monterrey,True,False,4.0,1.0,2.0,0.0,4.0,1.0,,,,,2017,local_gana
143587,"Paul Enrique Delgadillo Haro, Mexico",UTC,2017-05-11 02:30:00+00:00,,Estadio TSM Corona,Torreon,2016,Clausura - Quarter-finals,Santos Laguna,Toluca,False,True,1.0,4.0,0.0,1.0,1.0,4.0,,,,,2017,visitante_gana
143589,"Erick Yair Miranda Galindo, Mexico",UTC,2017-05-12 00:30:00+00:00,,Estadio Jose Maria Morelos y Pavon,Morelia,2016,Clausura - Quarter-finals,Monarcas,Club Tijuana,True,False,1.0,0.0,1.0,0.0,1.0,0.0,,,,,2017,local_gana
143591,"Jorge Antonio Perez Duran, Mexico",UTC,2017-05-12 02:30:00+00:00,1071.0,Estadio Jalisco,Guadalajara,2016,Clausura - Quarter-finals,Atlas,Guadalajara Chivas,True,False,1.0,0.0,1.0,0.0,1.0,0.0,,,,,2017,local_gana
143586,"Fernando Hernandez, Mexico",UTC,2017-05-14 00:00:00+00:00,,Estadio BBVA Bancomer,Monterrey,2016,Clausura - Quarter-finals,Monterrey,Tigres UANL,False,True,0.0,2.0,0.0,1.0,0.0,2.0,,,,,2017,visitante_gana
143588,"Marco Antonio Ortiz Nava, Mexico",UTC,2017-05-14 02:00:00+00:00,,Estadio Nemesio Diez,Toluca,2016,Clausura - Quarter-finals,Toluca,Santos Laguna,False,True,1.0,3.0,1.0,2.0,1.0,3.0,,,,,2017,visitante_gana
143592,"Luis Santander, Mexico",UTC,2017-05-14 23:00:00+00:00,,Estadio Akron,Guadalajara,2016,Clausura - Quarter-finals,Guadalajara Chivas,Atlas,True,False,1.0,0.0,1.0,0.0,1.0,0.0,,,,,2017,local_gana
143590,"Oscar Macias, Mexico",UTC,2017-05-15 01:00:00+00:00,1088.0,Estadio Caliente,Tijuana,2016,Clausura - Quarter-finals,Club Tijuana,Monarcas,True,False,2.0,0.0,1.0,0.0,2.0,0.0,,,,,2017,local_gana
143581,"Oscar Macias, Mexico",UTC,2017-05-19 00:30:00+00:00,,Estadio Nemesio Diez,Toluca,2016,Clausura - Semi-finals,Toluca,Guadalajara Chivas,,,1.0,1.0,0.0,0.0,1.0,1.0,,,,,2017,empate
143583,"Marco Antonio Ortiz Nava, Mexico",UTC,2017-05-19 02:30:00+00:00,,Estadio Universitario (UANL),Monterrey,2016,Clausura - Semi-finals,Tigres UANL,Club Tijuana,True,False,2.0,0.0,2.0,0.0,2.0,0.0,,,,,2017,local_gana
143582,"Luis Santander, Mexico",UTC,2017-05-21 23:06:00+00:00,,Estadio Akron,Guadalajara,2016,Clausura - Semi-finals,Guadalajara Chivas,Toluca,,,1.0,1.0,1.0,0.0,1.0,1.0,,,,,2017,empate
143584,"Jorge Antonio Perez Duran, Mexico",UTC,2017-05-22 01:00:00+00:00,1088.0,Estadio Caliente,Tijuana,2016,Clausura - Semi-finals,Club Tijuana,Tigres UANL,False,True,0.0,2.0,0.0,0.0,0.0,2.0,,,,,2017,visitante_gana
143579,"Oscar Macias, Mexico",UTC,2017-05-26 02:00:00+00:00,,Estadio Universitario (UANL),Monterrey,2016,Clausura - Finals,Tigres UANL,Guadalajara Chivas,,,2.0,2.0,0.0,2.0,2.0,2.0,,,,,2017,empate
143580,"Luis Santander, Mexico",UTC,2017-05-28 23:06:00+00:00,,Estadio Akron,Guadalajara,2016,Clausura - Finals,Guadalajara Chivas,Tigres UANL,True,False,2.0,1.0,1.0,0.0,2.0,1.0,,,,,2017,local_gana
