player_id,date,market_value_in_eur,current_club_name,current_club_id,player_club_domestic_competition_id,year
29559,2005-06-14,300000,CF América,3631,MEX1,2005
20506,2006-06-11,600000,Atlas Guadalajara,8590,MEX1,2006
30677,2007-10-04,3000000,Racing Club,4035,MEX1,2007
51046,2007-11-19,2000000,UNAM Pumas,2407,MEX1,2007
29559,2007-12-17,3500000,CF América,3631,MEX1,2007
29559,2008-01-11,4750000,CF América,3631,MEX1,2008
37934,2008-01-25,2850000,Club Necaxa,1146,MEX1,2008
53180,2008-01-25,2000000,CD Cruz Azul,3711,MEX1,2008
67917,2008-02-05,150000,Grêmio Foot-Ball Porto Alegrense,7055,MEX1,2008
30677,2008-03-31,3750000,CA River Plate,4035,MEX1,2008
67917,2008-06-04,1300000,Grêmio Foot-Ball Porto Alegrense,7055,MEX1,2008
67917,2008-06-21,1600000,Grêmio Foot-Ball Porto Alegrense,7055,MEX1,2008
67917,2008-08-08,2000000,Grêmio Foot-Ball Porto Alegrense,7055,MEX1,2008
67917,2008-10-10,3000000,Grêmio Foot-Ball Porto Alegrense,7055,MEX1,2008
29559,2008-12-02,5000000,CF América,3631,MEX1,2008
37934,2008-12-02,4000000,Club Necaxa,1146,MEX1,2008
63333,2008-12-02,500000,CD Cruz Azul,3711,MEX1,2008
71401,2008-12-02,100000,CF Pachuca,4035,MEX1,2008
67917,2008-12-12,4700000,Grêmio Foot-Ball Porto Alegrense,7055,MEX1,2008
30677,2008-12-20,3000000,CA River Plate,4035,MEX1,2008
67917,2008-12-20,4000000,Grêmio Foot-Ball Porto Alegrense,7055,MEX1,2008
51046,2009-01-08,3500000,AZ Alkmaar,2407,MEX1,2009
67917,2009-02-26,4000000,Spartak Moscow,7055,MEX1,2009
102699,2009-03-15,100000,Unknown,7055,MEX1,2009
105899,2009-03-30,25000,Club Atlético Lanús II,7055,MEX1,2009
30677,2009-05-14,2800000,CA River Plate,4035,MEX1,2009
29559,2009-06-08,6000000,CF América,3631,MEX1,2009
55666,2009-06-09,1750000,Santos Laguna,1403,MEX1,2009
63333,2009-06-09,800000,CD Cruz Azul,3711,MEX1,2009
102699,2009-06-09,200000,Unknown,7055,MEX1,2009
29559,2009-06-15,8000000,CF América,3631,MEX1,2009
30677,2009-10-06,2500000,CA River Plate,4035,MEX1,2009
105899,2009-10-06,25000,Club Atlético Lanús II,7055,MEX1,2009
53180,2009-12-17,2200000,CD Cruz Azul,3711,MEX1,2009
55666,2009-12-17,2250000,Santos Laguna,1403,MEX1,2009
71401,2009-12-17,300000,CF Pachuca,4035,MEX1,2009
51046,2010-01-17,4000000,AZ Alkmaar,2407,MEX1,2010
30677,2010-01-21,2200000,CA River Plate,4035,MEX1,2010
105899,2010-04-02,50000,Club Atlético Lanús,7055,MEX1,2010
67917,2010-04-15,3000000,Clube de Regatas Vasco da Gama,7055,MEX1,2010
30677,2010-04-20,1800000,CA River Plate,4035,MEX1,2010
105899,2010-04-20,700000,Club Atlético Lanús,7055,MEX1,2010
53180,2010-05-17,1500000,CD Cruz Azul,3711,MEX1,2010
63333,2010-05-17,600000,CF América,3631,MEX1,2010
67917,2010-06-06,2500000,Clube de Regatas Vasco da Gama,7055,MEX1,2010
55666,2010-06-21,2500000,Santos Laguna,1403,MEX1,2010
143045,2010-06-21,250000,Tigres UANL,7055,MEX1,2010
51046,2010-08-04,4500000,AZ Alkmaar,2407,MEX1,2010
63333,2010-11-03,500000,Club Necaxa,1146,MEX1,2010
30677,2010-11-16,1000000,Estudiantes Tecos,4035,MEX1,2010
71401,2010-11-23,300000,CF Pachuca,4035,MEX1,2010
53180,2010-11-28,1250000,CD Cruz Azul,3711,MEX1,2010
64134,2010-11-28,350000,CD Cruz Azul,3711,MEX1,2010
111082,2010-11-28,500000,CD Cruz Azul,3711,MEX1,2010
143045,2010-11-28,400000,Tigres UANL,7055,MEX1,2010
29559,2010-12-14,8000000,CF América,3631,MEX1,2010
55666,2010-12-14,4000000,Santos Laguna,1403,MEX1,2010
105899,2011-01-01,2000000,Club Atlético Lanús,7055,MEX1,2011
53180,2011-05-30,1000000,CD Cruz Azul,3711,MEX1,2011
55666,2011-05-30,4000000,Santos Laguna,1403,MEX1,2011
64134,2011-05-30,700000,CD Cruz Azul,3711,MEX1,2011
111082,2011-05-30,750000,CD Cruz Azul,3711,MEX1,2011
29559,2011-06-30,8000000,CF América,3631,MEX1,2011
105899,2011-06-30,1700000,Club Atlético Lanús,7055,MEX1,2011
131090,2011-06-30,800000,CF América,3631,MEX1,2011
143045,2011-06-30,850000,Tigres UANL,7055,MEX1,2011
67917,2011-07-21,2500000,Spartak Moscow,7055,MEX1,2011
51046,2011-07-29,4500000,RCD Espanyol Barcelona,2407,MEX1,2011
30677,2011-08-12,1000000,Levante UD,4035,MEX1,2011
85324,2011-08-22,400000,Real Murcia CF,4035,MEX1,2011
42457,2011-11-28,1900000,Club Tijuana,13353,MEX1,2011
71401,2011-12-02,300000,CF Pachuca,4035,MEX1,2011
122043,2011-12-02,750000,CF Pachuca,4035,MEX1,2011
129031,2011-12-02,200000,CF América,3631,MEX1,2011
131090,2011-12-02,1000000,CF América,3631,MEX1,2011
53180,2011-12-08,1500000,CD Cruz Azul,3711,MEX1,2011
64134,2011-12-08,900000,CD Cruz Azul,3711,MEX1,2011
111082,2011-12-08,1500000,CD Cruz Azul,3711,MEX1,2011
125165,2011-12-08,600000,CF Monterrey,2407,MEX1,2011
67917,2011-12-09,3800000,Spartak Moscow,7055,MEX1,2011
55666,2011-12-15,2800000,Santos Laguna,1403,MEX1,2011
143045,2011-12-15,1000000,Tigres UANL,7055,MEX1,2011
105899,2011-12-23,3000000,Club Atlético Lanús,7055,MEX1,2011
51046,2012-02-03,6000000,RCD Espanyol Barcelona,2407,MEX1,2012
30677,2012-02-05,800000,Levante UD,4035,MEX1,2012
85324,2012-04-30,300000,Real Murcia CF,4035,MEX1,2012
125165,2012-05-30,600000,CF Monterrey,2407,MEX1,2012
143045,2012-05-30,1500000,Tigres UANL,7055,MEX1,2012
53180,2012-06-01,1500000,CD Cruz Azul,3711,MEX1,2012
64134,2012-06-01,1500000,CD Cruz Azul,3711,MEX1,2012
111082,2012-06-01,1500000,CD Cruz Azul,3711,MEX1,2012
129031,2012-06-01,200000,CF América,3631,MEX1,2012
131090,2012-06-01,1400000,CF América,3631,MEX1,2012
206040,2012-06-01,600000,CF América,3631,MEX1,2012
55666,2012-06-02,2800000,Santos Laguna,1403,MEX1,2012
63333,2012-06-02,500000,CF Pachuca,4035,MEX1,2012
71401,2012-06-02,1000000,CF Pachuca,4035,MEX1,2012
122043,2012-06-02,1000000,CF Pachuca,4035,MEX1,2012
131840,2012-06-09,300000,Club Tijuana,13353,MEX1,2012
67917,2012-07-04,5200000,Spartak Moscow,7055,MEX1,2012
30677,2012-08-01,1000000,Celta de Vigo,4035,MEX1,2012
85324,2012-08-01,600000,Atlético de Madrid,4035,MEX1,2012
51046,2012-08-08,7000000,RCD Espanyol Barcelona,2407,MEX1,2012
185012,2012-09-02,200000,Atlas Guadalajara,8590,MEX1,2012
234227,2012-09-02,300000,Atlas Guadalajara,8590,MEX1,2012
181781,2012-10-24,800000,Juventus Primavera,40188,MEX1,2012
125165,2012-11-30,600000,CF Monterrey,2407,MEX1,2012
129031,2012-11-30,800000,CF América,3631,MEX1,2012
131090,2012-11-30,1800000,CF América,3631,MEX1,2012
206040,2012-11-30,1000000,CF América,3631,MEX1,2012
55666,2012-12-01,3000000,Santos Laguna,1403,MEX1,2012
143045,2012-12-01,1500000,Tigres UANL,7055,MEX1,2012
158327,2012-12-01,200000,Santos Laguna,1403,MEX1,2012
53180,2012-12-03,1300000,CD Cruz Azul,3711,MEX1,2012
63333,2012-12-03,500000,CF Pachuca,4035,MEX1,2012
64134,2012-12-03,1500000,CD Cruz Azul,3711,MEX1,2012
71401,2012-12-03,1250000,CF Pachuca,4035,MEX1,2012
111082,2012-12-03,1750000,CD Cruz Azul,3711,MEX1,2012
122043,2012-12-03,1000000,CF Pachuca,4035,MEX1,2012
131090,2012-12-03,4000000,CF América,3631,MEX1,2012
85324,2012-12-04,400000,SD Huesca,4035,MEX1,2012
185012,2012-12-17,200000,Atlas Guadalajara,8590,MEX1,2012
234227,2012-12-17,350000,Atlas Guadalajara,8590,MEX1,2012
215473,2012-12-18,150000,Club León FC,4941,MEX1,2012
122043,2012-12-19,1800000,CF Pachuca,4035,MEX1,2012
30677,2013-01-11,1500000,Celta de Vigo,4035,MEX1,2013
51046,2013-01-11,7000000,RCD Espanyol Barcelona,2407,MEX1,2013
125165,2013-01-11,850000,CF Monterrey,2407,MEX1,2013
67917,2013-01-13,5000000,Spartak Moscow,7055,MEX1,2013
122043,2013-02-06,3000000,CF Pachuca,4035,MEX1,2013
125165,2013-02-06,1000000,CF Monterrey,2407,MEX1,2013
185012,2013-05-27,350000,Atlas Guadalajara,8590,MEX1,2013
234227,2013-05-27,350000,Atlas Guadalajara,8590,MEX1,2013
215473,2013-05-28,400000,Club León FC,4941,MEX1,2013
181781,2013-06-06,700000,Juventus Primavera,40188,MEX1,2013
51046,2013-06-13,7000000,RCD Espanyol Barcelona,2407,MEX1,2013
30677,2013-06-14,1500000,Celta de Vigo,4035,MEX1,2013
85324,2013-06-17,500000,SD Huesca,4035,MEX1,2013
53180,2013-06-18,1800000,CD Cruz Azul,3711,MEX1,2013
55666,2013-06-18,3000000,Santos Laguna,1403,MEX1,2013
63333,2013-06-18,500000,CF Pachuca,4035,MEX1,2013
64134,2013-06-18,1500000,CD Cruz Azul,3711,MEX1,2013
71401,2013-06-18,1300000,CF Pachuca,4035,MEX1,2013
77066,2013-06-18,2000000,CD Cruz Azul,3711,MEX1,2013
122043,2013-06-18,6000000,CF Pachuca,4035,MEX1,2013
148713,2013-06-18,900000,CF Pachuca,4035,MEX1,2013
158327,2013-06-18,200000,Santos Laguna,1403,MEX1,2013
234918,2013-06-18,300000,CF Pachuca,4035,MEX1,2013
67917,2013-06-19,5000000,Spartak Moscow,7055,MEX1,2013
125165,2013-06-19,1300000,CF Monterrey,2407,MEX1,2013
129031,2013-06-19,700000,CF América,3631,MEX1,2013
131090,2013-06-19,7000000,CF América,3631,MEX1,2013
143045,2013-06-19,1500000,Tigres UANL,7055,MEX1,2013
206040,2013-06-19,2800000,CF América,3631,MEX1,2013
85324,2013-07-25,500000,Atlético de Madrid,4035,MEX1,2013
85324,2013-10-08,600000,Deportivo de La Coruña,4035,MEX1,2013
85324,2013-10-18,800000,Deportivo de La Coruña,4035,MEX1,2013
71401,2013-12-27,900000,CF Pachuca,4035,MEX1,2013
185012,2013-12-27,350000,Atlas Guadalajara,8590,MEX1,2013
215473,2013-12-27,1000000,Club León FC,4941,MEX1,2013
234227,2013-12-27,500000,Atlas Guadalajara,8590,MEX1,2013
234918,2013-12-27,700000,CF Pachuca,4035,MEX1,2013
236710,2013-12-27,250000,Querétaro FC,4961,MEX1,2013
242303,2013-12-27,300000,Club León FC,4941,MEX1,2013
53180,2014-01-02,1800000,CD Cruz Azul,3711,MEX1,2014
55666,2014-01-02,2800000,Santos Laguna,1403,MEX1,2014
64134,2014-01-02,1700000,Santos Laguna,1403,MEX1,2014
73523,2014-01-02,350000,CD Cruz Azul,3711,MEX1,2014
105899,2014-01-02,2400000,Tigres UANL,7055,MEX1,2014
129031,2014-01-02,800000,CF América,3631,MEX1,2014
131074,2014-01-02,300000,Deportivo Guadalajara,6711,MEX1,2014
143045,2014-01-02,1800000,Tigres UANL,7055,MEX1,2014
158327,2014-01-02,250000,Santos Laguna,1403,MEX1,2014
206040,2014-01-02,3000000,CF América,3631,MEX1,2014
243580,2014-01-02,650000,Santos Laguna,1403,MEX1,2014
30677,2014-01-23,1200000,Celta de Vigo,4035,MEX1,2014
51046,2014-01-23,7000000,RCD Espanyol Barcelona,2407,MEX1,2014
85324,2014-02-06,1500000,Deportivo de La Coruña,4035,MEX1,2014
285127,2014-02-10,50000,Unknown,13353,MEX1,2014
67917,2014-03-03,5000000,Spartak Moscow,7055,MEX1,2014
220919,2014-07-01,275000,Tigres UANL,7055,MEX1,2014
51046,2014-07-19,7000000,RCD Espanyol Barcelona,2407,MEX1,2014
30677,2014-07-20,2000000,Celta de Vigo,4035,MEX1,2014
85324,2014-07-20,1500000,Deportivo de La Coruña,4035,MEX1,2014
67917,2014-07-31,4500000,Spartak Moscow,7055,MEX1,2014
181781,2014-08-07,700000,Cruzeiro EC U20,40188,MEX1,2014
30825,2014-09-01,1400000,Tigres UANL,7055,MEX1,2014
42457,2014-09-01,1500000,Club Tijuana,13353,MEX1,2014
53180,2014-09-01,1800000,CD Cruz Azul,3711,MEX1,2014
55666,2014-09-01,3000000,Santos Laguna,1403,MEX1,2014
63333,2014-09-01,600000,CF Pachuca,4035,MEX1,2014
64134,2014-09-01,1500000,Santos Laguna,1403,MEX1,2014
71401,2014-09-01,1000000,Puebla FC,5662,MEX1,2014
73523,2014-09-01,500000,CD Cruz Azul,3711,MEX1,2014
87859,2014-09-01,2000000,Tigres UANL,7055,MEX1,2014
105899,2014-09-01,2000000,Tigres UANL,7055,MEX1,2014
107444,2014-09-01,400000,Tigres UANL,7055,MEX1,2014
116968,2014-09-01,2500000,Santos Laguna,1403,MEX1,2014
129031,2014-09-01,700000,CF América,3631,MEX1,2014
131074,2014-09-01,1000000,Deportivo Guadalajara,6711,MEX1,2014
131093,2014-09-01,2000000,CF Monterrey,2407,MEX1,2014
143045,2014-09-01,2800000,Tigres UANL,7055,MEX1,2014
148713,2014-09-01,1200000,CF Pachuca,4035,MEX1,2014
158327,2014-09-01,400000,Santos Laguna,1403,MEX1,2014
160700,2014-09-01,1000000,Querétaro FC,4961,MEX1,2014
164749,2014-09-01,1000000,Club Tijuana,13353,MEX1,2014
185012,2014-09-01,1000000,Atlas Guadalajara,8590,MEX1,2014
215473,2014-09-01,1500000,Club León FC,4941,MEX1,2014
234918,2014-09-01,1500000,CF Pachuca,4035,MEX1,2014
236710,2014-09-01,250000,Querétaro FC,4961,MEX1,2014
242303,2014-09-01,500000,Club León FC,4941,MEX1,2014
242580,2014-09-01,300000,Club Tijuana,13353,MEX1,2014
243580,2014-09-01,2000000,Santos Laguna,1403,MEX1,2014
286339,2014-09-01,600000,Club Tijuana,13353,MEX1,2014
298796,2014-09-01,600000,CF Pachuca,4035,MEX1,2014
316889,2014-09-01,1000000,CF Pachuca,4035,MEX1,2014
322174,2014-09-01,300000,Deportivo Guadalajara,6711,MEX1,2014
334042,2014-09-01,300000,Querétaro FC,4961,MEX1,2014
334538,2014-09-01,350000,Deportivo Toluca,1804,MEX1,2014
85324,2015-01-08,1800000,Real Zaragoza,4035,MEX1,2015
165361,2015-01-08,1500000,CF Monterrey,2407,MEX1,2015
30677,2015-01-23,2500000,Celta de Vigo,4035,MEX1,2015
51046,2015-01-23,7000000,RCD Espanyol Barcelona,2407,MEX1,2015
67917,2015-02-01,3500000,Clube Atlético Mineiro,7055,MEX1,2015
295400,2015-02-01,300000,FC Porto B,1146,MEX1,2015
181781,2015-02-17,700000,GD Estoril Praia,40188,MEX1,2015
67917,2015-05-31,3750000,Clube Atlético Mineiro,7055,MEX1,2015
30677,2015-07-01,3000000,Celta de Vigo,4035,MEX1,2015
51046,2015-07-01,6500000,RCD Espanyol Barcelona,2407,MEX1,2015
85324,2015-07-01,2000000,Atlético de Madrid,4035,MEX1,2015
111082,2015-07-01,2500000,Tigres UANL,7055,MEX1,2015
181781,2015-07-01,1000000,Cruzeiro Esporte Clube,40188,MEX1,2015
295400,2015-07-31,500000,FC Porto B,1146,MEX1,2015
67917,2015-09-11,5000000,Clube Atlético Mineiro,7055,MEX1,2015
42457,2015-10-01,2000000,Club Tijuana,13353,MEX1,2015
43907,2015-10-01,8000000,Tigres UANL,7055,MEX1,2015
53180,2015-10-01,1800000,CD Cruz Azul,3711,MEX1,2015
54534,2015-10-01,2800000,Santos Laguna,1403,MEX1,2015
55666,2015-10-01,2800000,CF América,3631,MEX1,2015
63333,2015-10-01,400000,CF Pachuca,4035,MEX1,2015
64134,2015-10-01,1800000,Santos Laguna,1403,MEX1,2015
71401,2015-10-01,1000000,Deportivo Guadalajara,6711,MEX1,2015
73523,2015-10-01,500000,CD Cruz Azul,3711,MEX1,2015
75035,2015-10-01,1500000,CF Pachuca,4035,MEX1,2015
87859,2015-10-01,2500000,Tigres UANL,7055,MEX1,2015
88542,2015-10-01,3000000,CF Pachuca,4035,MEX1,2015
105899,2015-10-01,2500000,Tigres UANL,7055,MEX1,2015
107444,2015-10-01,600000,Tigres UANL,7055,MEX1,2015
111082,2015-10-01,3500000,Tigres UANL,7055,MEX1,2015
116968,2015-10-01,2500000,Santos Laguna,1403,MEX1,2015
119342,2015-10-01,3000000,CF Monterrey,2407,MEX1,2015
129031,2015-10-01,700000,CF América,3631,MEX1,2015
131074,2015-10-01,1500000,Deportivo Guadalajara,6711,MEX1,2015
131093,2015-10-01,2300000,CF Monterrey,2407,MEX1,2015
131095,2015-10-01,800000,Puebla FC,5662,MEX1,2015
135082,2015-10-01,4000000,CF Monterrey,2407,MEX1,2015
135851,2015-10-01,300000,CD Cruz Azul,3711,MEX1,2015
145400,2015-10-01,1500000,Atlas Guadalajara,8590,MEX1,2015
158327,2015-10-01,400000,Santos Laguna,1403,MEX1,2015
160700,2015-10-01,1000000,Querétaro FC,4961,MEX1,2015
164749,2015-10-01,2300000,CF América,3631,MEX1,2015
185012,2015-10-01,1500000,Atlas Guadalajara,8590,MEX1,2015
189876,2015-10-01,500000,Club Tijuana,13353,MEX1,2015
215473,2015-10-01,1500000,Club León FC,4941,MEX1,2015
227671,2015-10-01,2000000,Querétaro FC,4961,MEX1,2015
234227,2015-10-01,400000,Atlas Guadalajara,8590,MEX1,2015
234242,2015-10-01,500000,Deportivo Guadalajara,6711,MEX1,2015
234918,2015-10-01,2500000,CF Pachuca,4035,MEX1,2015
242303,2015-10-01,600000,Club León FC,4941,MEX1,2015
242580,2015-10-01,300000,Club Tijuana,13353,MEX1,2015
243580,2015-10-01,2500000,Santos Laguna,1403,MEX1,2015
244724,2015-10-01,300000,Querétaro FC,4961,MEX1,2015
256866,2015-10-01,3500000,Deportivo Guadalajara,6711,MEX1,2015
286339,2015-10-01,1500000,Club Tijuana,13353,MEX1,2015
295426,2015-10-01,400000,CF Pachuca,4035,MEX1,2015
298796,2015-10-01,2500000,CF Pachuca,4035,MEX1,2015
316889,2015-10-01,2800000,CF Pachuca,4035,MEX1,2015
322174,2015-10-01,1000000,Deportivo Guadalajara,6711,MEX1,2015
325598,2015-10-01,300000,CF Pachuca,4035,MEX1,2015
334042,2015-10-01,1800000,Querétaro FC,4961,MEX1,2015
334538,2015-10-01,1000000,Deportivo Toluca,1804,MEX1,2015
67917,2015-12-15,5500000,Clube Atlético Mineiro,7055,MEX1,2015
30687,2016-01-04,5000000,Club León FC,4941,MEX1,2016
54590,2016-01-13,800000,Club León FC,4941,MEX1,2016
111082,2016-01-13,4000000,Tigres UANL,7055,MEX1,2016
119342,2016-01-13,5500000,CF Monterrey,2407,MEX1,2016
131093,2016-01-13,2000000,CF Pachuca,4035,MEX1,2016
135082,2016-01-13,5000000,CF Monterrey,2407,MEX1,2016
135851,2016-01-13,500000,CD Cruz Azul,3711,MEX1,2016
160700,2016-01-13,800000,Querétaro FC,4961,MEX1,2016
188491,2016-01-13,1000000,UNAM Pumas,7633,MEX1,2016
291262,2016-01-13,200000,Puebla FC,5662,MEX1,2016
298796,2016-01-13,3000000,CF Pachuca,4035,MEX1,2016
316889,2016-01-13,3200000,CF Pachuca,4035,MEX1,2016
334042,2016-01-13,2800000,Deportivo Guadalajara,6711,MEX1,2016
387687,2016-01-13,1000000,CF Monterrey,2407,MEX1,2016
51046,2016-02-05,7500000,PSV Eindhoven,2407,MEX1,2016
230030,2016-02-06,6000000,Tigres UANL,7055,MEX1,2016
30677,2016-02-22,3000000,Celta de Vigo,4035,MEX1,2016
85324,2016-02-22,4000000,SD Eibar,4035,MEX1,2016
181781,2016-02-24,2000000,GD Estoril Praia,40188,MEX1,2016
295400,2016-02-24,1000000,CF União Madeira (-2021),1146,MEX1,2016
227404,2016-04-01,1500000,UNAM Pumas,7633,MEX1,2016
67917,2016-05-27,6000000,Clube Atlético Mineiro,7055,MEX1,2016
43907,2016-06-01,8000000,Tigres UANL,7055,MEX1,2016
30677,2016-07-15,6000000,Celta de Vigo,4035,MEX1,2016
51046,2016-07-15,8000000,PSV Eindhoven,2407,MEX1,2016
85324,2016-07-15,5000000,Atlético de Madrid,4035,MEX1,2016
181781,2016-07-29,4000000,Al-Hilal SFC,40188,MEX1,2016
30687,2016-08-04,3500000,Club León FC,4941,MEX1,2016
42457,2016-08-04,2000000,Club Tijuana,13353,MEX1,2016
43907,2016-08-04,8000000,Tigres UANL,7055,MEX1,2016
51546,2016-08-04,300000,UNAM Pumas,7633,MEX1,2016
53180,2016-08-04,2000000,CD Cruz Azul,3711,MEX1,2016
54534,2016-08-04,2800000,Santos Laguna,1403,MEX1,2016
54590,2016-08-04,1000000,Club León FC,4941,MEX1,2016
55666,2016-08-04,3000000,CF América,3631,MEX1,2016
63333,2016-08-04,400000,CF Pachuca,4035,MEX1,2016
64134,2016-08-04,2000000,Santos Laguna,1403,MEX1,2016
71401,2016-08-04,1500000,Deportivo Guadalajara,6711,MEX1,2016
73523,2016-08-04,500000,CD Cruz Azul,3711,MEX1,2016
74065,2016-08-04,1800000,CF Pachuca,4035,MEX1,2016
75035,2016-08-04,2500000,CF Pachuca,4035,MEX1,2016
87518,2016-08-04,2500000,Club Tijuana,13353,MEX1,2016
87859,2016-08-04,3000000,Tigres UANL,7055,MEX1,2016
88542,2016-08-04,2800000,CF Pachuca,4035,MEX1,2016
105899,2016-08-04,3000000,Tigres UANL,7055,MEX1,2016
111082,2016-08-04,4000000,Tigres UANL,7055,MEX1,2016
116968,2016-08-04,2800000,Santos Laguna,1403,MEX1,2016
119342,2016-08-04,6000000,CF Monterrey,2407,MEX1,2016
129031,2016-08-04,1500000,CF América,3631,MEX1,2016
131074,2016-08-04,1000000,Deportivo Guadalajara,6711,MEX1,2016
131093,2016-08-04,2500000,CF Pachuca,4035,MEX1,2016
135082,2016-08-04,5000000,CF Monterrey,2407,MEX1,2016
135851,2016-08-04,1000000,CD Cruz Azul,3711,MEX1,2016
148713,2016-08-04,2000000,Club Tijuana,13353,MEX1,2016
155054,2016-08-04,800000,Club Necaxa,1146,MEX1,2016
158327,2016-08-04,400000,Santos Laguna,1403,MEX1,2016
160700,2016-08-04,1000000,Querétaro FC,4961,MEX1,2016
164749,2016-08-04,2000000,CF América,3631,MEX1,2016
165361,2016-08-04,1500000,CF Monterrey,2407,MEX1,2016
185012,2016-08-04,2000000,CF Monterrey,2407,MEX1,2016
188491,2016-08-04,1000000,Tigres UANL,7055,MEX1,2016
189876,2016-08-04,800000,Club Tijuana,13353,MEX1,2016
208715,2016-08-04,1000000,Santos Laguna,1403,MEX1,2016
212699,2016-08-04,600000,Atlas Guadalajara,8590,MEX1,2016
215473,2016-08-04,1800000,Club León FC,4941,MEX1,2016
227404,2016-08-04,1500000,Tigres UANL,7055,MEX1,2016
227671,2016-08-04,2300000,Querétaro FC,4961,MEX1,2016
230030,2016-08-04,3500000,Tigres UANL,7055,MEX1,2016
234242,2016-08-04,500000,Deportivo Guadalajara,6711,MEX1,2016
234918,2016-08-04,3800000,CF Pachuca,4035,MEX1,2016
236710,2016-08-04,300000,Deportivo Toluca,1804,MEX1,2016
242303,2016-08-04,1500000,Club León FC,4941,MEX1,2016
242580,2016-08-04,300000,Club Tijuana,13353,MEX1,2016
243580,2016-08-04,2300000,Santos Laguna,1403,MEX1,2016
244724,2016-08-04,700000,Querétaro FC,4961,MEX1,2016
249789,2016-08-04,900000,Puebla FC,5662,MEX1,2016
256866,2016-08-04,3000000,Deportivo Guadalajara,6711,MEX1,2016
264133,2016-08-04,400000,Atlas Guadalajara,8590,MEX1,2016
280379,2016-08-04,200000,CF Monterrey,2407,MEX1,2016
286339,2016-08-04,1200000,Club Tijuana,13353,MEX1,2016
291262,2016-08-04,300000,Puebla FC,5662,MEX1,2016
295373,2016-08-04,1000000,CF Pachuca,4035,MEX1,2016
295426,2016-08-04,400000,Club León FC,4941,MEX1,2016
298796,2016-08-04,4000000,CF Pachuca,4035,MEX1,2016
316889,2016-08-04,6000000,CF Pachuca,4035,MEX1,2016
322174,2016-08-04,800000,CF Pachuca,4035,MEX1,2016
325598,2016-08-04,1000000,CF Pachuca,4035,MEX1,2016
334042,2016-08-04,2800000,Deportivo Guadalajara,6711,MEX1,2016
334538,2016-08-04,1000000,Deportivo Toluca,1804,MEX1,2016
342385,2016-08-04,1800000,Club Tijuana,13353,MEX1,2016
344854,2016-08-04,300000,UNAM Pumas,7633,MEX1,2016
351505,2016-08-04,400000,Deportivo Guadalajara,6711,MEX1,2016
387687,2016-08-04,2500000,CF Monterrey,2407,MEX1,2016
401311,2016-08-04,300000,Atlas Guadalajara,8590,MEX1,2016
419457,2016-08-04,400000,Atlas Guadalajara,8590,MEX1,2016
424689,2016-08-04,500000,Deportivo Toluca,1804,MEX1,2016
295400,2016-09-30,1250000,FC Porto B,1146,MEX1,2016
85324,2016-10-24,10000000,Swansea City,4035,MEX1,2016
181781,2016-11-25,4000000,Al-Hilal SFC,40188,MEX1,2016
67917,2016-11-28,6000000,Clube Atlético Mineiro,7055,MEX1,2016
30687,2016-12-16,3000000,Club León FC,4941,MEX1,2016
42457,2016-12-16,2000000,Club Tijuana,13353,MEX1,2016
43907,2016-12-16,7000000,Tigres UANL,7055,MEX1,2016
51546,2016-12-16,500000,UNAM Pumas,7633,MEX1,2016
53180,2016-12-16,1800000,CD Cruz Azul,3711,MEX1,2016
54534,2016-12-16,2800000,Santos Laguna,1403,MEX1,2016
54590,2016-12-16,1500000,Club León FC,4941,MEX1,2016
55666,2016-12-16,3000000,CF América,3631,MEX1,2016
63333,2016-12-16,400000,CF Pachuca,4035,MEX1,2016
64134,2016-12-16,2000000,Santos Laguna,1403,MEX1,2016
71401,2016-12-16,2000000,Deportivo Guadalajara,6711,MEX1,2016
73523,2016-12-16,500000,CD Cruz Azul,3711,MEX1,2016
74065,2016-12-16,1500000,CF Pachuca,4035,MEX1,2016
75035,2016-12-16,3500000,CF Pachuca,4035,MEX1,2016
87518,2016-12-16,2000000,Club Tijuana,13353,MEX1,2016
87859,2016-12-16,3000000,Tigres UANL,7055,MEX1,2016
88542,2016-12-16,2300000,CF Pachuca,4035,MEX1,2016
105899,2016-12-16,4000000,Tigres UANL,7055,MEX1,2016
111082,2016-12-16,4000000,Tigres UANL,7055,MEX1,2016
116968,2016-12-16,2800000,Santos Laguna,1403,MEX1,2016
119342,2016-12-16,5000000,CF Monterrey,2407,MEX1,2016
122797,2016-12-16,4000000,Tigres UANL,7055,MEX1,2016
129031,2016-12-16,1000000,CF América,3631,MEX1,2016
131074,2016-12-16,1000000,Deportivo Guadalajara,6711,MEX1,2016
131093,2016-12-16,2500000,CF Pachuca,4035,MEX1,2016
135082,2016-12-16,5000000,CF Monterrey,2407,MEX1,2016
135851,2016-12-16,1000000,CD Cruz Azul,3711,MEX1,2016
143045,2016-12-16,2500000,Deportivo Guadalajara,6711,MEX1,2016
148713,2016-12-16,2500000,Club Tijuana,13353,MEX1,2016
155054,2016-12-16,1000000,Club Necaxa,1146,MEX1,2016
158327,2016-12-16,400000,Santos Laguna,1403,MEX1,2016
160700,2016-12-16,1200000,Querétaro FC,4961,MEX1,2016
164749,2016-12-16,1500000,CF América,3631,MEX1,2016
165361,2016-12-16,1800000,CF Monterrey,2407,MEX1,2016
185012,2016-12-16,2000000,CF Monterrey,2407,MEX1,2016
188491,2016-12-16,800000,Tigres UANL,7055,MEX1,2016
189876,2016-12-16,800000,Club Tijuana,13353,MEX1,2016
208715,2016-12-16,1000000,Santos Laguna,1403,MEX1,2016
212699,2016-12-16,600000,Atlas Guadalajara,8590,MEX1,2016
215473,2016-12-16,2000000,Club León FC,4941,MEX1,2016
227404,2016-12-16,1500000,Tigres UANL,7055,MEX1,2016
227671,2016-12-16,2500000,Querétaro FC,4961,MEX1,2016
230030,2016-12-16,3500000,Tigres UANL,7055,MEX1,2016
234242,2016-12-16,400000,Deportivo Guadalajara,6711,MEX1,2016
234918,2016-12-16,5000000,CF Pachuca,4035,MEX1,2016
236710,2016-12-16,300000,Deportivo Toluca,1804,MEX1,2016
242303,2016-12-16,1000000,Club León FC,4941,MEX1,2016
242580,2016-12-16,300000,Club Tijuana,13353,MEX1,2016
243580,2016-12-16,2000000,Santos Laguna,1403,MEX1,2016
244724,2016-12-16,1200000,Querétaro FC,4961,MEX1,2016
249789,2016-12-16,800000,Puebla FC,5662,MEX1,2016
264133,2016-12-16,700000,Atlas Guadalajara,8590,MEX1,2016
280379,2016-12-16,200000,CF Monterrey,2407,MEX1,2016
286339,2016-12-16,1000000,Club Tijuana,13353,MEX1,2016
291262,2016-12-16,300000,Puebla FC,5662,MEX1,2016
295373,2016-12-16,1500000,CF Pachuca,4035,MEX1,2016
295426,2016-12-16,400000,Club León FC,4941,MEX1,2016
298796,2016-12-16,5000000,CF Pachuca,4035,MEX1,2016
316889,2016-12-16,6500000,CF Pachuca,4035,MEX1,2016
322174,2016-12-16,600000,CF Pachuca,4035,MEX1,2016
325598,2016-12-16,1800000,CF Pachuca,4035,MEX1,2016
334042,2016-12-16,4000000,Deportivo Guadalajara,6711,MEX1,2016
334538,2016-12-16,800000,Deportivo Toluca,1804,MEX1,2016
342385,2016-12-16,2500000,Club Tijuana,13353,MEX1,2016
344854,2016-12-16,1200000,UNAM Pumas,7633,MEX1,2016
351505,2016-12-16,400000,Deportivo Guadalajara,6711,MEX1,2016
387687,2016-12-16,2500000,CF Monterrey,2407,MEX1,2016
401311,2016-12-16,800000,Atlas Guadalajara,8590,MEX1,2016
419457,2016-12-16,300000,Atlas Guadalajara,8590,MEX1,2016
424689,2016-12-16,800000,Deportivo Toluca,1804,MEX1,2016
181781,2017-01-07,3500000,Al-Hilal SFC,40188,MEX1,2017
51046,2017-01-18,8000000,PSV Eindhoven,2407,MEX1,2017
30677,2017-01-24,6000000,Celta de Vigo,4035,MEX1,2017
89718,2017-02-07,6000000,Tigres UANL,7055,MEX1,2017
85324,2017-02-20,10000000,Swansea City,4035,MEX1,2017
30677,2017-06-05,4000000,Celta de Vigo,4035,MEX1,2017
51046,2017-06-07,8000000,PSV Eindhoven,2407,MEX1,2017
105899,2017-06-23,5000000,Tigres UANL,7055,MEX1,2017
119342,2017-06-23,4500000,CF Monterrey,2407,MEX1,2017
158327,2017-06-23,400000,Santos Laguna,1403,MEX1,2017
165361,2017-06-23,2500000,CF Monterrey,2407,MEX1,2017
280379,2017-06-23,200000,CF Monterrey,2407,MEX1,2017
291262,2017-06-23,300000,Puebla FC,5662,MEX1,2017
316889,2017-06-23,10000000,CF Pachuca,4035,MEX1,2017
347932,2017-06-23,300000,Deportivo Guadalajara,6711,MEX1,2017
351505,2017-06-23,400000,Deportivo Guadalajara,6711,MEX1,2017
85324,2017-06-28,10000000,Swansea City,4035,MEX1,2017
181781,2017-06-30,3200000,Al-Hilal SFC,40188,MEX1,2017
295400,2017-06-30,1000000,FC Porto B,1146,MEX1,2017
43907,2017-07-31,6000000,Tigres UANL,7055,MEX1,2017
51546,2017-07-31,700000,UNAM Pumas,7633,MEX1,2017
53180,2017-07-31,1800000,CD Cruz Azul,3711,MEX1,2017
54534,2017-07-31,3500000,CF América,3631,MEX1,2017
54590,2017-07-31,1500000,CF Pachuca,4035,MEX1,2017
55666,2017-07-31,2500000,CF América,3631,MEX1,2017
63333,2017-07-31,400000,CF Pachuca,4035,MEX1,2017
64134,2017-07-31,2500000,Santos Laguna,1403,MEX1,2017
71401,2017-07-31,2800000,Deportivo Guadalajara,6711,MEX1,2017
73523,2017-07-31,500000,CD Cruz Azul,3711,MEX1,2017
74421,2017-07-31,1000000,Club León FC,4941,MEX1,2017
75035,2017-07-31,3500000,CF Pachuca,4035,MEX1,2017
87518,2017-07-31,3000000,Club Tijuana,13353,MEX1,2017
87859,2017-07-31,3000000,Tigres UANL,7055,MEX1,2017
89718,2017-07-31,4500000,Tigres UANL,7055,MEX1,2017
102699,2017-07-31,1800000,Club León FC,4941,MEX1,2017
111082,2017-07-31,5000000,Tigres UANL,7055,MEX1,2017
116968,2017-07-31,3000000,Santos Laguna,1403,MEX1,2017
125275,2017-07-31,600000,CF América,3631,MEX1,2017
129031,2017-07-31,1500000,CF Monterrey,2407,MEX1,2017
131074,2017-07-31,1000000,Club Tijuana,13353,MEX1,2017
131093,2017-07-31,2300000,CF Monterrey,2407,MEX1,2017
135082,2017-07-31,5000000,CF Monterrey,2407,MEX1,2017
135851,2017-07-31,1500000,CD Cruz Azul,3711,MEX1,2017
139923,2017-07-31,1500000,Club Tijuana,13353,MEX1,2017
143045,2017-07-31,3500000,Deportivo Guadalajara,6711,MEX1,2017
148713,2017-07-31,3500000,CF Monterrey,2407,MEX1,2017
155054,2017-07-31,1000000,Club Necaxa,1146,MEX1,2017
164749,2017-07-31,1200000,Querétaro FC,4961,MEX1,2017
176927,2017-07-31,2000000,CD Cruz Azul,3711,MEX1,2017
185012,2017-07-31,1800000,CF Monterrey,2407,MEX1,2017
188491,2017-07-31,800000,Tigres UANL,7055,MEX1,2017
189876,2017-07-31,1200000,Club Tijuana,13353,MEX1,2017
190941,2017-07-31,1500000,CF Pachuca,4035,MEX1,2017
205041,2017-07-31,800000,Querétaro FC,4961,MEX1,2017
212699,2017-07-31,600000,Atlas Guadalajara,8590,MEX1,2017
215473,2017-07-31,2000000,Club León FC,4941,MEX1,2017
227671,2017-07-31,2500000,Querétaro FC,4961,MEX1,2017
230030,2017-07-31,4000000,Tigres UANL,7055,MEX1,2017
234227,2017-07-31,800000,Atlas Guadalajara,8590,MEX1,2017
234918,2017-07-31,5500000,Deportivo Guadalajara,6711,MEX1,2017
236710,2017-07-31,300000,Deportivo Toluca,1804,MEX1,2017
242580,2017-07-31,800000,Club Tijuana,13353,MEX1,2017
243580,2017-07-31,1800000,Santos Laguna,1403,MEX1,2017
244724,2017-07-31,1500000,Querétaro FC,4961,MEX1,2017
249789,2017-07-31,1800000,Deportivo Toluca,1804,MEX1,2017
264133,2017-07-31,1800000,Atlas Guadalajara,8590,MEX1,2017
286339,2017-07-31,1000000,Club Tijuana,13353,MEX1,2017
295373,2017-07-31,1800000,CF Pachuca,4035,MEX1,2017
295424,2017-07-31,1500000,Santos Laguna,1403,MEX1,2017
295426,2017-07-31,1500000,Club León FC,4941,MEX1,2017
298796,2017-07-31,5000000,CF Pachuca,4035,MEX1,2017
325598,2017-07-31,2300000,CF Pachuca,4035,MEX1,2017
325600,2017-07-31,200000,Club León FC,4941,MEX1,2017
331059,2017-07-31,500000,Club Tijuana,13353,MEX1,2017
334042,2017-07-31,6000000,Deportivo Guadalajara,6711,MEX1,2017
334538,2017-07-31,800000,CD Cruz Azul,3711,MEX1,2017
342385,2017-07-31,4500000,CF América,3631,MEX1,2017
344854,2017-07-31,2300000,UNAM Pumas,7633,MEX1,2017
353583,2017-07-31,400000,Club Necaxa,1146,MEX1,2017
356044,2017-07-31,1000000,Santos Laguna,1403,MEX1,2017
366143,2017-07-31,200000,Club Necaxa,1146,MEX1,2017
371174,2017-07-31,500000,CF América,3631,MEX1,2017
384368,2017-07-31,200000,Club Necaxa,1146,MEX1,2017
387687,2017-07-31,3000000,CF Monterrey,2407,MEX1,2017
397680,2017-07-31,200000,CF Pachuca,4035,MEX1,2017
400173,2017-07-31,400000,Club León FC,4941,MEX1,2017
401311,2017-07-31,1500000,Atlas Guadalajara,8590,MEX1,2017
401356,2017-07-31,1000000,CF América,3631,MEX1,2017
419457,2017-07-31,500000,Atlas Guadalajara,8590,MEX1,2017
424689,2017-07-31,600000,Deportivo Toluca,1804,MEX1,2017
427203,2017-07-31,300000,Atlas Guadalajara,8590,MEX1,2017
469718,2017-07-31,800000,Santos Laguna,1403,MEX1,2017
85324,2017-08-17,8000000,Málaga CF,4035,MEX1,2017
105899,2017-08-17,6000000,Sevilla FC,7055,MEX1,2017
181781,2017-09-18,3500000,Wolverhampton Wanderers,40188,MEX1,2017
51046,2017-10-13,6000000,AS Roma,2407,MEX1,2017
295400,2017-11-13,1000000,APOEL Nicosia,1146,MEX1,2017
51046,2017-12-29,5000000,AS Roma,2407,MEX1,2017
30677,2018-01-01,4000000,Celta de Vigo,4035,MEX1,2018
85324,2018-01-01,5000000,Málaga CF,4035,MEX1,2018
105899,2018-01-01,15000000,Sevilla FC,7055,MEX1,2018
181781,2018-02-27,5000000,Wolverhampton Wanderers,40188,MEX1,2018
85324,2018-03-22,3000000,Málaga CF,4035,MEX1,2018
105899,2018-03-22,12000000,Sevilla FC,7055,MEX1,2018
43907,2018-04-10,4500000,Tigres UANL,7055,MEX1,2018
51546,2018-04-10,500000,UNAM Pumas,7633,MEX1,2018
53180,2018-04-10,1800000,CD Cruz Azul,3711,MEX1,2018
54534,2018-04-10,3500000,CF América,3631,MEX1,2018
63333,2018-04-10,1000000,CF Pachuca,4035,MEX1,2018
64134,2018-04-10,2800000,Santos Laguna,1403,MEX1,2018
67917,2018-04-10,4500000,Tigres UANL,7055,MEX1,2018
71401,2018-04-10,2800000,Deportivo Guadalajara,6711,MEX1,2018
73523,2018-04-10,500000,CD Cruz Azul,3711,MEX1,2018
74421,2018-04-10,1800000,Club León FC,4941,MEX1,2018
75035,2018-04-10,2500000,CF Pachuca,4035,MEX1,2018
83895,2018-04-10,2500000,UNAM Pumas,7633,MEX1,2018
84085,2018-04-10,2500000,Tigres UANL,7055,MEX1,2018
87518,2018-04-10,3000000,Club Tijuana,13353,MEX1,2018
87859,2018-04-10,3000000,Tigres UANL,7055,MEX1,2018
89718,2018-04-10,4500000,Tigres UANL,7055,MEX1,2018
102699,2018-04-10,1200000,Club León FC,4941,MEX1,2018
111082,2018-04-10,5000000,Tigres UANL,7055,MEX1,2018
116968,2018-04-10,3000000,Santos Laguna,1403,MEX1,2018
125275,2018-04-10,600000,CF América,3631,MEX1,2018
128907,2018-04-10,600000,Atlas Guadalajara,8590,MEX1,2018
129031,2018-04-10,1800000,CF Monterrey,2407,MEX1,2018
131074,2018-04-10,1000000,Deportivo Guadalajara,6711,MEX1,2018
131093,2018-04-10,3000000,CF Monterrey,2407,MEX1,2018
135082,2018-04-10,5500000,CF Monterrey,2407,MEX1,2018
135851,2018-04-10,1500000,Club Tijuana,13353,MEX1,2018
139503,2018-04-10,6000000,Tigres UANL,7055,MEX1,2018
142745,2018-04-10,500000,Puebla FC,5662,MEX1,2018
143045,2018-04-10,3500000,Deportivo Guadalajara,6711,MEX1,2018
148713,2018-04-10,4000000,CF Monterrey,2407,MEX1,2018
155054,2018-04-10,800000,Club Necaxa,1146,MEX1,2018
164749,2018-04-10,1800000,Querétaro FC,4961,MEX1,2018
176927,2018-04-10,2500000,CD Cruz Azul,3711,MEX1,2018
185012,2018-04-10,2000000,CF Monterrey,2407,MEX1,2018
188491,2018-04-10,1000000,Tigres UANL,7055,MEX1,2018
189740,2018-04-10,1800000,Atlas Guadalajara,8590,MEX1,2018
190941,2018-04-10,2300000,CF Pachuca,4035,MEX1,2018
205041,2018-04-10,1000000,Querétaro FC,4961,MEX1,2018
209513,2018-04-10,1800000,Club Necaxa,1146,MEX1,2018
212699,2018-04-10,1500000,Atlas Guadalajara,8590,MEX1,2018
214538,2018-04-10,3500000,CF América,3631,MEX1,2018
215473,2018-04-10,2000000,Club León FC,4941,MEX1,2018
221805,2018-04-10,1000000,Club Tijuana,13353,MEX1,2018
227404,2018-04-10,1800000,Deportivo Toluca,1804,MEX1,2018
227671,2018-04-10,2500000,Querétaro FC,4961,MEX1,2018
230030,2018-04-10,3000000,Tigres UANL,7055,MEX1,2018
234227,2018-04-10,1200000,Atlas Guadalajara,8590,MEX1,2018
234918,2018-04-10,5500000,Deportivo Guadalajara,6711,MEX1,2018
236710,2018-04-10,700000,Deportivo Toluca,1804,MEX1,2018
242580,2018-04-10,1000000,Club Tijuana,13353,MEX1,2018
243580,2018-04-10,2000000,Santos Laguna,1403,MEX1,2018
244724,2018-04-10,1500000,Querétaro FC,4961,MEX1,2018
249789,2018-04-10,1800000,Deportivo Toluca,1804,MEX1,2018
260925,2018-04-10,400000,Tigres UANL,7055,MEX1,2018
262861,2018-04-10,4000000,CF Pachuca,4035,MEX1,2018
264133,2018-04-10,1800000,Atlas Guadalajara,8590,MEX1,2018
274963,2018-04-10,800000,Club Necaxa,1146,MEX1,2018
285810,2018-04-10,1000000,Puebla FC,5662,MEX1,2018
286339,2018-04-10,1500000,CF América,3631,MEX1,2018
295373,2018-04-10,2000000,CF Pachuca,4035,MEX1,2018
295424,2018-04-10,1200000,Santos Laguna,1403,MEX1,2018
295426,2018-04-10,1500000,Club León FC,4941,MEX1,2018
298796,2018-04-10,5000000,CF Pachuca,4035,MEX1,2018
325598,2018-04-10,3500000,CF Pachuca,4035,MEX1,2018
325600,2018-04-10,200000,Club León FC,4941,MEX1,2018
331059,2018-04-10,800000,Club Tijuana,13353,MEX1,2018
331282,2018-04-10,300000,Club Tijuana,13353,MEX1,2018
332764,2018-04-10,3000000,CF Monterrey,2407,MEX1,2018
334042,2018-04-10,5000000,Deportivo Guadalajara,6711,MEX1,2018
334499,2018-04-10,200000,CF Monterrey,2407,MEX1,2018
334538,2018-04-10,700000,CD Cruz Azul,3711,MEX1,2018
342385,2018-04-10,5500000,CF América,3631,MEX1,2018
344854,2018-04-10,3000000,UNAM Pumas,7633,MEX1,2018
349150,2018-04-10,300000,Club Tijuana,13353,MEX1,2018
353583,2018-04-10,1000000,Club Necaxa,1146,MEX1,2018
356042,2018-04-10,300000,Santos Laguna,1403,MEX1,2018
356044,2018-04-10,800000,Santos Laguna,1403,MEX1,2018
356099,2018-04-10,1000000,Deportivo Toluca,1804,MEX1,2018
366143,2018-04-10,1000000,Club Necaxa,1146,MEX1,2018
371174,2018-04-10,500000,CF América,3631,MEX1,2018
384368,2018-04-10,300000,Club Necaxa,1146,MEX1,2018
387687,2018-04-10,3000000,CF Monterrey,2407,MEX1,2018
397680,2018-04-10,400000,CF Pachuca,4035,MEX1,2018
401311,2018-04-10,1800000,Atlas Guadalajara,8590,MEX1,2018
401349,2018-04-10,200000,Atlas Guadalajara,8590,MEX1,2018
401356,2018-04-10,2000000,CF América,3631,MEX1,2018
408534,2018-04-10,300000,Atlas Guadalajara,8590,MEX1,2018
419457,2018-04-10,400000,Atlas Guadalajara,8590,MEX1,2018
424689,2018-04-10,600000,Deportivo Toluca,1804,MEX1,2018
427203,2018-04-10,400000,Atlas Guadalajara,8590,MEX1,2018
430021,2018-04-10,400000,Querétaro FC,4961,MEX1,2018
469718,2018-04-10,500000,Santos Laguna,1403,MEX1,2018
549361,2018-04-10,1000000,Club León FC,4941,MEX1,2018
295400,2018-04-26,600000,APOEL Nicosia,1146,MEX1,2018
237051,2018-05-24,400000,Atlético de San Luis,40188,MEX1,2018
267753,2018-05-24,1000000,Atlético de San Luis,40188,MEX1,2018
325602,2018-05-24,300000,Atlético de San Luis,40188,MEX1,2018
356546,2018-05-24,500000,Atlético de San Luis,40188,MEX1,2018
30677,2018-05-30,2500000,Celta de Vigo,4035,MEX1,2018
51046,2018-05-30,4000000,Real Sociedad,2407,MEX1,2018
85324,2018-05-30,2000000,Málaga CF,4035,MEX1,2018
105899,2018-05-30,7500000,Sevilla FC,7055,MEX1,2018
103890,2018-07-16,3000000,Tigres UANL,7055,MEX1,2018
344854,2018-07-16,5000000,CF Monterrey,2407,MEX1,2018
181781,2018-08-13,5000000,Wolverhampton Wanderers,40188,MEX1,2018
43907,2018-08-23,4000000,Tigres UANL,7055,MEX1,2018
51546,2018-08-23,800000,UNAM Pumas,7633,MEX1,2018
53180,2018-08-23,1800000,CD Cruz Azul,3711,MEX1,2018
54534,2018-08-23,3500000,CF América,3631,MEX1,2018
63333,2018-08-23,1000000,CF Pachuca,4035,MEX1,2018
67917,2018-08-23,4500000,Tigres UANL,7055,MEX1,2018
69802,2018-08-23,1500000,Deportivo Toluca,1804,MEX1,2018
71401,2018-08-23,2800000,Club León FC,4941,MEX1,2018
73523,2018-08-23,500000,CD Cruz Azul,3711,MEX1,2018
74421,2018-08-23,2000000,Club León FC,4941,MEX1,2018
75035,2018-08-23,2500000,CF Pachuca,4035,MEX1,2018
87518,2018-08-23,2500000,UNAM Pumas,7633,MEX1,2018
87859,2018-08-23,2800000,Tigres UANL,7055,MEX1,2018
89718,2018-08-23,4500000,Tigres UANL,7055,MEX1,2018
90451,2018-08-23,4500000,CD Cruz Azul,3711,MEX1,2018
105899,2018-08-23,7500000,Tigres UANL,7055,MEX1,2018
107503,2018-08-23,2500000,Santos Laguna,1403,MEX1,2018
111082,2018-08-23,5000000,Tigres UANL,7055,MEX1,2018
125275,2018-08-23,600000,CF América,3631,MEX1,2018
129031,2018-08-23,1800000,Club Necaxa,1146,MEX1,2018
131093,2018-08-23,3500000,CF Monterrey,2407,MEX1,2018
135082,2018-08-23,5000000,CF Monterrey,2407,MEX1,2018
135851,2018-08-23,1500000,Club Tijuana,13353,MEX1,2018
137840,2018-08-23,1800000,Club León FC,4941,MEX1,2018
139503,2018-08-23,4500000,Tigres UANL,7055,MEX1,2018
142745,2018-08-23,500000,Puebla FC,5662,MEX1,2018
143045,2018-08-23,3500000,Deportivo Guadalajara,6711,MEX1,2018
148713,2018-08-23,3500000,CF Monterrey,2407,MEX1,2018
155054,2018-08-23,1000000,Club Necaxa,1146,MEX1,2018
160700,2018-08-23,1200000,Deportivo Guadalajara,6711,MEX1,2018
164749,2018-08-23,1800000,Querétaro FC,4961,MEX1,2018
176927,2018-08-23,2500000,UNAM Pumas,7633,MEX1,2018
185012,2018-08-23,2000000,CF Monterrey,2407,MEX1,2018
190941,2018-08-23,2300000,CF Pachuca,4035,MEX1,2018
205041,2018-08-23,1000000,Querétaro FC,4961,MEX1,2018
209513,2018-08-23,2000000,CD Cruz Azul,3711,MEX1,2018
212699,2018-08-23,1500000,CF Pachuca,4035,MEX1,2018
213841,2018-08-23,2000000,Santos Laguna,1403,MEX1,2018
214538,2018-08-23,7500000,CF América,3631,MEX1,2018
215473,2018-08-23,1500000,Club León FC,4941,MEX1,2018
221805,2018-08-23,1500000,Club Tijuana,13353,MEX1,2018
222010,2018-08-23,200000,Puebla FC,5662,MEX1,2018
227404,2018-08-23,2500000,Deportivo Toluca,1804,MEX1,2018
227671,2018-08-23,3000000,Querétaro FC,4961,MEX1,2018
230030,2018-08-23,4500000,Tigres UANL,7055,MEX1,2018
234227,2018-08-23,1200000,Atlas Guadalajara,8590,MEX1,2018
234242,2018-08-23,400000,Club Necaxa,1146,MEX1,2018
234918,2018-08-23,10000000,CF Monterrey,2407,MEX1,2018
236710,2018-08-23,700000,Deportivo Toluca,1804,MEX1,2018
242580,2018-08-23,1500000,Club Tijuana,13353,MEX1,2018
243580,2018-08-23,2500000,Santos Laguna,1403,MEX1,2018
244724,2018-08-23,1800000,Querétaro FC,4961,MEX1,2018
249789,2018-08-23,1800000,Deportivo Toluca,1804,MEX1,2018
262861,2018-08-23,3000000,CF Pachuca,4035,MEX1,2018
264133,2018-08-23,2500000,CF América,3631,MEX1,2018
273638,2018-08-23,1500000,Club León FC,4941,MEX1,2018
274963,2018-08-23,1000000,Club Necaxa,1146,MEX1,2018
280379,2018-08-23,500000,Querétaro FC,4961,MEX1,2018
285771,2018-08-23,5000000,CF América,3631,MEX1,2018
285810,2018-08-23,1000000,Puebla FC,5662,MEX1,2018
286339,2018-08-23,1500000,CF América,3631,MEX1,2018
295373,2018-08-23,2500000,CF Pachuca,4035,MEX1,2018
295400,2018-08-23,1000000,Deportivo Guadalajara,1146,MEX1,2018
295424,2018-08-23,800000,Santos Laguna,1403,MEX1,2018
295426,2018-08-23,1000000,Club León FC,4941,MEX1,2018
298796,2018-08-23,7500000,CF Pachuca,4035,MEX1,2018
312568,2018-08-23,1000000,Santos Laguna,1403,MEX1,2018
325598,2018-08-23,4500000,CF Pachuca,4035,MEX1,2018
331059,2018-08-23,1000000,Club Tijuana,13353,MEX1,2018
331282,2018-08-23,500000,Club Tijuana,13353,MEX1,2018
332764,2018-08-23,5000000,CF Monterrey,2407,MEX1,2018
334042,2018-08-23,5000000,Deportivo Guadalajara,6711,MEX1,2018
334538,2018-08-23,700000,CD Cruz Azul,3711,MEX1,2018
342385,2018-08-23,7500000,CF América,3631,MEX1,2018
351505,2018-08-23,800000,Deportivo Guadalajara,6711,MEX1,2018
353583,2018-08-23,2500000,CD Cruz Azul,3711,MEX1,2018
356042,2018-08-23,400000,Santos Laguna,1403,MEX1,2018
356044,2018-08-23,800000,CF América,3631,MEX1,2018
356099,2018-08-23,2000000,Deportivo Toluca,1804,MEX1,2018
366143,2018-08-23,3500000,Club Necaxa,1146,MEX1,2018
371174,2018-08-23,1500000,CF América,3631,MEX1,2018
371185,2018-08-23,300000,Atlas Guadalajara,8590,MEX1,2018
387687,2018-08-23,4000000,CF Monterrey,2407,MEX1,2018
397003,2018-08-23,400000,UNAM Pumas,7633,MEX1,2018
397680,2018-08-23,800000,CF Pachuca,4035,MEX1,2018
400173,2018-08-23,400000,Deportivo Guadalajara,6711,MEX1,2018
401311,2018-08-23,2500000,Atlas Guadalajara,8590,MEX1,2018
401340,2018-08-23,400000,CF Pachuca,4035,MEX1,2018
401344,2018-08-23,300000,Club Necaxa,1146,MEX1,2018
401349,2018-08-23,600000,Atlas Guadalajara,8590,MEX1,2018
401356,2018-08-23,4000000,CF América,3631,MEX1,2018
408534,2018-08-23,300000,Atlas Guadalajara,8590,MEX1,2018
411709,2018-08-23,800000,Club Tijuana,13353,MEX1,2018
416090,2018-08-23,3500000,Tigres UANL,7055,MEX1,2018
419457,2018-08-23,400000,Atlas Guadalajara,8590,MEX1,2018
424689,2018-08-23,700000,Deportivo Toluca,1804,MEX1,2018
427203,2018-08-23,300000,Atlas Guadalajara,8590,MEX1,2018
430021,2018-08-23,400000,Querétaro FC,4961,MEX1,2018
431533,2018-08-23,200000,Club Necaxa,1146,MEX1,2018
448414,2018-08-23,200000,Deportivo Toluca,1804,MEX1,2018
465647,2018-08-23,100000,Tigres UANL,7055,MEX1,2018
469718,2018-08-23,500000,Santos Laguna,1403,MEX1,2018
471988,2018-08-23,200000,Club Tijuana,13353,MEX1,2018
495116,2018-08-23,300000,Tigres UANL,7055,MEX1,2018
532937,2018-08-23,400000,CF Monterrey,2407,MEX1,2018
532938,2018-08-23,500000,Querétaro FC,4961,MEX1,2018
534620,2018-08-23,200000,CF Monterrey,2407,MEX1,2018
549361,2018-08-23,1000000,Club León FC,4941,MEX1,2018
552958,2018-08-23,200000,Tigres UANL,7055,MEX1,2018
553816,2018-08-23,300000,Tigres UANL,7055,MEX1,2018
560312,2018-08-23,500000,Club León FC,4941,MEX1,2018
570550,2018-08-23,200000,Atlas Guadalajara,8590,MEX1,2018
597728,2018-08-23,400000,Querétaro FC,4961,MEX1,2018
599569,2018-08-23,300000,Puebla FC,5662,MEX1,2018
181781,2018-12-19,5000000,Wolverhampton Wanderers,40188,MEX1,2018
30677,2018-12-21,1500000,Celta de Vigo,4035,MEX1,2018
51046,2018-12-21,6000000,Real Sociedad,2407,MEX1,2018
85324,2018-12-21,2000000,Deportivo Alavés,4035,MEX1,2018
43907,2019-02-08,3500000,Tigres UANL,7055,MEX1,2019
51546,2019-02-08,800000,UNAM Pumas,7633,MEX1,2019
53180,2019-02-08,1800000,CD Cruz Azul,3711,MEX1,2019
54534,2019-02-08,4500000,CF América,3631,MEX1,2019
63333,2019-02-08,1500000,CF Pachuca,4035,MEX1,2019
67917,2019-02-08,4500000,Tigres UANL,7055,MEX1,2019
69802,2019-02-08,1500000,Deportivo Toluca,1804,MEX1,2019
71401,2019-02-08,2300000,Club León FC,4941,MEX1,2019
73523,2019-02-08,500000,CD Cruz Azul,3711,MEX1,2019
74421,2019-02-08,2000000,Club León FC,4941,MEX1,2019
74440,2019-02-08,1900000,Querétaro FC,4961,MEX1,2019
75035,2019-02-08,3000000,CF Pachuca,4035,MEX1,2019
76924,2019-02-08,2000000,Deportivo Toluca,1804,MEX1,2019
87518,2019-02-08,2500000,UNAM Pumas,7633,MEX1,2019
87859,2019-02-08,2500000,Tigres UANL,7055,MEX1,2019
89718,2019-02-08,4500000,Tigres UANL,7055,MEX1,2019
94880,2019-02-08,3000000,CD Cruz Azul,3711,MEX1,2019
96313,2019-02-08,2000000,Deportivo Toluca,1804,MEX1,2019
105899,2019-02-08,7500000,Tigres UANL,7055,MEX1,2019
107503,2019-02-08,3000000,Santos Laguna,1403,MEX1,2019
111082,2019-02-08,5000000,Tigres UANL,7055,MEX1,2019
119342,2019-02-08,3000000,CF Pachuca,4035,MEX1,2019
125275,2019-02-08,500000,CF América,3631,MEX1,2019
129031,2019-02-08,1800000,Club Necaxa,1146,MEX1,2019
131093,2019-02-08,3500000,CF Monterrey,2407,MEX1,2019
131248,2019-02-08,2500000,Club León FC,4941,MEX1,2019
135082,2019-02-08,6000000,CF Monterrey,2407,MEX1,2019
135851,2019-02-08,1500000,Club Tijuana,13353,MEX1,2019
137840,2019-02-08,2000000,Club León FC,4941,MEX1,2019
139503,2019-02-08,4500000,Tigres UANL,7055,MEX1,2019
142745,2019-02-08,1000000,Atlas Guadalajara,8590,MEX1,2019
143045,2019-02-08,4000000,Deportivo Guadalajara,6711,MEX1,2019
148713,2019-02-08,3000000,CF Monterrey,2407,MEX1,2019
155054,2019-02-08,1000000,Club Necaxa,1146,MEX1,2019
160700,2019-02-08,1200000,Club Necaxa,1146,MEX1,2019
164749,2019-02-08,2000000,Querétaro FC,4961,MEX1,2019
176927,2019-02-08,3000000,UNAM Pumas,7633,MEX1,2019
185012,2019-02-08,1800000,CF Monterrey,2407,MEX1,2019
188491,2019-02-08,1500000,Tigres UANL,7055,MEX1,2019
190941,2019-02-08,2300000,CF Pachuca,4035,MEX1,2019
209513,2019-02-08,2000000,CD Cruz Azul,3711,MEX1,2019
212699,2019-02-08,1500000,CF Pachuca,4035,MEX1,2019
213841,2019-02-08,3000000,Santos Laguna,1403,MEX1,2019
214538,2019-02-08,7500000,CF América,3631,MEX1,2019
215473,2019-02-08,1000000,Club León FC,4941,MEX1,2019
221805,2019-02-08,2000000,Club Tijuana,13353,MEX1,2019
222010,2019-02-08,200000,Puebla FC,5662,MEX1,2019
227404,2019-02-08,3500000,Tigres UANL,7055,MEX1,2019
230030,2019-02-08,4000000,Tigres UANL,7055,MEX1,2019
234227,2019-02-08,1800000,Atlas Guadalajara,8590,MEX1,2019
234242,2019-02-08,400000,Deportivo Guadalajara,6711,MEX1,2019
234918,2019-02-08,10000000,CF Monterrey,2407,MEX1,2019
236710,2019-02-08,600000,Deportivo Toluca,1804,MEX1,2019
242580,2019-02-08,1500000,Club Tijuana,13353,MEX1,2019
243580,2019-02-08,3000000,Santos Laguna,1403,MEX1,2019
244724,2019-02-08,2300000,Querétaro FC,4961,MEX1,2019
249776,2019-02-08,4500000,Santos Laguna,1403,MEX1,2019
249789,2019-02-08,1800000,Deportivo Toluca,1804,MEX1,2019
256866,2019-02-08,10000000,Tigres UANL,7055,MEX1,2019
264133,2019-02-08,2500000,CF América,3631,MEX1,2019
266906,2019-02-08,800000,Club Necaxa,1146,MEX1,2019
273638,2019-02-08,1500000,Club León FC,4941,MEX1,2019
274963,2019-02-08,2000000,Club Necaxa,1146,MEX1,2019
280379,2019-02-08,500000,CF Monterrey,2407,MEX1,2019
282476,2019-02-08,14000000,CF Monterrey,2407,MEX1,2019
285771,2019-02-08,5000000,CF América,3631,MEX1,2019
285810,2019-02-08,1000000,Puebla FC,5662,MEX1,2019
286339,2019-02-08,2000000,CF América,3631,MEX1,2019
295373,2019-02-08,3000000,CF Pachuca,4035,MEX1,2019
295400,2019-02-08,2500000,Deportivo Guadalajara,1146,MEX1,2019
295424,2019-02-08,600000,Santos Laguna,1403,MEX1,2019
295426,2019-02-08,1000000,Club León FC,4941,MEX1,2019
312568,2019-02-08,3000000,Santos Laguna,1403,MEX1,2019
325598,2019-02-08,7500000,CF Pachuca,4035,MEX1,2019
331059,2019-02-08,1200000,Club Tijuana,13353,MEX1,2019
332764,2019-02-08,6500000,CF Monterrey,2407,MEX1,2019
332829,2019-02-08,1000000,Querétaro FC,4961,MEX1,2019
334042,2019-02-08,7500000,CD Cruz Azul,3711,MEX1,2019
334538,2019-02-08,400000,CD Cruz Azul,3711,MEX1,2019
339758,2019-02-08,1000000,Club Tijuana,13353,MEX1,2019
342385,2019-02-08,10000000,CF América,3631,MEX1,2019
344854,2019-02-08,5000000,CF Monterrey,2407,MEX1,2019
345654,2019-02-08,700000,Santos Laguna,1403,MEX1,2019
351505,2019-02-08,800000,Deportivo Guadalajara,6711,MEX1,2019
352566,2019-02-08,600000,Santos Laguna,1403,MEX1,2019
353583,2019-02-08,5000000,CD Cruz Azul,3711,MEX1,2019
356042,2019-02-08,400000,Santos Laguna,1403,MEX1,2019
356044,2019-02-08,2000000,CF América,3631,MEX1,2019
366143,2019-02-08,5000000,CF Pachuca,4035,MEX1,2019
371171,2019-02-08,100000,CD Cruz Azul,3711,MEX1,2019
371185,2019-02-08,500000,Atlas Guadalajara,8590,MEX1,2019
387687,2019-02-08,5000000,CF Monterrey,2407,MEX1,2019
397003,2019-02-08,2000000,UNAM Pumas,7633,MEX1,2019
397680,2019-02-08,1500000,Club Necaxa,1146,MEX1,2019
400171,2019-02-08,400000,Santos Laguna,1403,MEX1,2019
400173,2019-02-08,700000,Deportivo Guadalajara,6711,MEX1,2019
400203,2019-02-08,200000,Atlas Guadalajara,8590,MEX1,2019
400208,2019-02-08,100000,Tigres UANL,7055,MEX1,2019
401311,2019-02-08,3500000,Santos Laguna,1403,MEX1,2019
401340,2019-02-08,500000,CF Pachuca,4035,MEX1,2019
401344,2019-02-08,600000,Deportivo Guadalajara,6711,MEX1,2019
401349,2019-02-08,1000000,Atlas Guadalajara,8590,MEX1,2019
401356,2019-02-08,7500000,CF América,3631,MEX1,2019
408534,2019-02-08,1500000,Club Necaxa,1146,MEX1,2019
411709,2019-02-08,800000,Club Tijuana,13353,MEX1,2019
416090,2019-02-08,4000000,Tigres UANL,7055,MEX1,2019
424689,2019-02-08,4000000,Deportivo Guadalajara,6711,MEX1,2019
427203,2019-02-08,600000,Atlas Guadalajara,8590,MEX1,2019
430021,2019-02-08,700000,Querétaro FC,4961,MEX1,2019
431533,2019-02-08,600000,CF América,3631,MEX1,2019
439629,2019-02-08,3500000,CF Pachuca,4035,MEX1,2019
448414,2019-02-08,200000,Deportivo Toluca,1804,MEX1,2019
453575,2019-02-08,900000,Atlas Guadalajara,8590,MEX1,2019
465647,2019-02-08,100000,Tigres UANL,7055,MEX1,2019
469718,2019-02-08,1000000,Santos Laguna,1403,MEX1,2019
471988,2019-02-08,200000,Club Tijuana,13353,MEX1,2019
481192,2019-02-08,200000,Puebla FC,5662,MEX1,2019
495116,2019-02-08,400000,Tigres UANL,7055,MEX1,2019
514120,2019-02-08,2000000,CF Monterrey,2407,MEX1,2019
532937,2019-02-08,400000,CF Monterrey,2407,MEX1,2019
532938,2019-02-08,1000000,Querétaro FC,4961,MEX1,2019
534620,2019-02-08,2500000,CF Monterrey,2407,MEX1,2019
546047,2019-02-08,700000,Club León FC,4941,MEX1,2019
549361,2019-02-08,1500000,Club León FC,4941,MEX1,2019
553816,2019-02-08,300000,Tigres UANL,7055,MEX1,2019
560312,2019-02-08,300000,Club León FC,4941,MEX1,2019
570550,2019-02-08,200000,Atlas Guadalajara,8590,MEX1,2019
570560,2019-02-08,300000,Querétaro FC,4961,MEX1,2019
597728,2019-02-08,4000000,Querétaro FC,4961,MEX1,2019
599569,2019-02-08,1000000,Puebla FC,5662,MEX1,2019
599909,2019-02-08,300000,CF América,3631,MEX1,2019
614303,2019-02-08,500000,Deportivo Toluca,1804,MEX1,2019
594561,2019-02-18,50000,Unknown,82696,MEX1,2019
660990,2019-05-22,25000,Unknown,40188,MEX1,2019
546047,2019-05-23,2500000,Club León FC,4941,MEX1,2019
30677,2019-06-11,1500000,Celta de Vigo,4035,MEX1,2019
51046,2019-06-11,6000000,Real Sociedad,2407,MEX1,2019
85324,2019-06-11,2000000,Deportivo Alavés,4035,MEX1,2019
181781,2019-06-13,4000000,Wolverhampton Wanderers,40188,MEX1,2019
481192,2019-06-14,500000,Puebla FC,5662,MEX1,2019
401572,2019-08-06,750000,Atlético de San Luis,40188,MEX1,2019
661131,2019-08-06,200000,Unknown,1804,MEX1,2019
29559,2019-08-13,3500000,CF América,3631,MEX1,2019
30677,2019-08-13,1500000,CF Pachuca,4035,MEX1,2019
43907,2019-08-13,3500000,Tigres UANL,7055,MEX1,2019
51546,2019-08-13,800000,UNAM Pumas,7633,MEX1,2019
53180,2019-08-13,1800000,CD Cruz Azul,3711,MEX1,2019
63333,2019-08-13,1000000,CF Pachuca,4035,MEX1,2019
67917,2019-08-13,4500000,Tigres UANL,7055,MEX1,2019
69802,2019-08-13,1500000,Deportivo Toluca,1804,MEX1,2019
71401,2019-08-13,2300000,Club León FC,4941,MEX1,2019
73523,2019-08-13,500000,CD Cruz Azul,3711,MEX1,2019
74113,2019-08-13,1500000,Atlas Guadalajara,8590,MEX1,2019
74421,2019-08-13,2500000,Club León FC,4941,MEX1,2019
74440,2019-08-13,1500000,Querétaro FC,4961,MEX1,2019
75035,2019-08-13,3000000,CF Pachuca,4035,MEX1,2019
76924,2019-08-13,2000000,Deportivo Toluca,1804,MEX1,2019
87518,2019-08-13,2500000,UNAM Pumas,7633,MEX1,2019
87859,2019-08-13,2500000,Tigres UANL,7055,MEX1,2019
89718,2019-08-13,4500000,Tigres UANL,7055,MEX1,2019
94880,2019-08-13,3500000,CD Cruz Azul,3711,MEX1,2019
96313,2019-08-13,2000000,Deportivo Toluca,1804,MEX1,2019
102699,2019-08-13,1200000,Atlético de San Luis,40188,MEX1,2019
105899,2019-08-13,7500000,Tigres UANL,7055,MEX1,2019
107444,2019-08-13,1500000,Deportivo Guadalajara,6711,MEX1,2019
107503,2019-08-13,3000000,Atlas Guadalajara,8590,MEX1,2019
111082,2019-08-13,5000000,Tigres UANL,7055,MEX1,2019
119342,2019-08-13,5000000,CF Pachuca,4035,MEX1,2019
125275,2019-08-13,500000,CF América,3631,MEX1,2019
129031,2019-08-13,1800000,Club Necaxa,1146,MEX1,2019
131074,2019-08-13,2000000,Deportivo Guadalajara,6711,MEX1,2019
131093,2019-08-13,3500000,CF Monterrey,2407,MEX1,2019
131248,2019-08-13,2500000,Club León FC,4941,MEX1,2019
135082,2019-08-13,7000000,CF Monterrey,2407,MEX1,2019
135851,2019-08-13,1500000,Club Tijuana,13353,MEX1,2019
137840,2019-08-13,3000000,Club León FC,4941,MEX1,2019
139503,2019-08-13,4500000,Tigres UANL,7055,MEX1,2019
142745,2019-08-13,1000000,Atlas Guadalajara,8590,MEX1,2019
143045,2019-08-13,4000000,Deportivo Guadalajara,6711,MEX1,2019
148713,2019-08-13,2500000,CF Monterrey,2407,MEX1,2019
155054,2019-08-13,1500000,Club Necaxa,1146,MEX1,2019
160700,2019-08-13,1200000,Club Tijuana,13353,MEX1,2019
164749,2019-08-13,2000000,Querétaro FC,4961,MEX1,2019
166591,2019-08-13,1000000,CF Pachuca,4035,MEX1,2019
175445,2019-08-13,1000000,Atlético de San Luis,40188,MEX1,2019
176927,2019-08-13,3000000,UNAM Pumas,7633,MEX1,2019
185012,2019-08-13,1800000,CF Monterrey,2407,MEX1,2019
188491,2019-08-13,1500000,Tigres UANL,7055,MEX1,2019
190941,2019-08-13,2000000,FC Juárez,49283,MEX1,2019
207015,2019-08-13,8000000,CF Monterrey,2407,MEX1,2019
209513,2019-08-13,2500000,CD Cruz Azul,3711,MEX1,2019
212699,2019-08-13,1500000,CF Pachuca,4035,MEX1,2019
213841,2019-08-13,4000000,Santos Laguna,1403,MEX1,2019
215473,2019-08-13,1000000,Club León FC,4941,MEX1,2019
220647,2019-08-13,4500000,CD Cruz Azul,3711,MEX1,2019
221805,2019-08-13,2500000,Club Tijuana,13353,MEX1,2019
222010,2019-08-13,400000,Puebla FC,5662,MEX1,2019
227404,2019-08-13,4500000,Tigres UANL,7055,MEX1,2019
230030,2019-08-13,4000000,Tigres UANL,7055,MEX1,2019
234227,2019-08-13,2500000,UNAM Pumas,7633,MEX1,2019
234242,2019-08-13,400000,Deportivo Guadalajara,6711,MEX1,2019
234918,2019-08-13,10000000,CF Monterrey,2407,MEX1,2019
236710,2019-08-13,600000,Deportivo Toluca,1804,MEX1,2019
236734,2019-08-13,600000,Atlético de San Luis,40188,MEX1,2019
237051,2019-08-13,1000000,Atlético de San Luis,40188,MEX1,2019
242580,2019-08-13,1500000,Club Tijuana,13353,MEX1,2019
243580,2019-08-13,2300000,Santos Laguna,1403,MEX1,2019
244724,2019-08-13,2300000,Querétaro FC,4961,MEX1,2019
248346,2019-08-13,2500000,Club Necaxa,1146,MEX1,2019
249776,2019-08-13,3500000,Santos Laguna,1403,MEX1,2019
249789,2019-08-13,2000000,Deportivo Toluca,1804,MEX1,2019
256866,2019-08-13,10000000,Tigres UANL,7055,MEX1,2019
264133,2019-08-13,1500000,Atlético de San Luis,40188,MEX1,2019
266809,2019-08-13,1000000,UNAM Pumas,7633,MEX1,2019
266906,2019-08-13,1000000,Club Necaxa,1146,MEX1,2019
267753,2019-08-13,1500000,Atlético de San Luis,40188,MEX1,2019
273638,2019-08-13,1500000,Club León FC,4941,MEX1,2019
274963,2019-08-13,2000000,CF América,3631,MEX1,2019
280379,2019-08-13,500000,CF Monterrey,2407,MEX1,2019
282476,2019-08-13,10000000,CF Monterrey,2407,MEX1,2019
285771,2019-08-13,5000000,CF América,3631,MEX1,2019
285810,2019-08-13,1200000,Puebla FC,5662,MEX1,2019
286339,2019-08-13,2000000,CF América,3631,MEX1,2019
291262,2019-08-13,300000,FC Juárez,49283,MEX1,2019
295373,2019-08-13,3000000,CF Pachuca,4035,MEX1,2019
295400,2019-08-13,2000000,Deportivo Guadalajara,1146,MEX1,2019
295424,2019-08-13,1000000,Santos Laguna,1403,MEX1,2019
295426,2019-08-13,1000000,Club León FC,4941,MEX1,2019
310744,2019-08-13,2500000,Santos Laguna,1403,MEX1,2019
312568,2019-08-13,3000000,Atlas Guadalajara,8590,MEX1,2019
325598,2019-08-13,7500000,CF Pachuca,4035,MEX1,2019
325600,2019-08-13,800000,Club Tijuana,13353,MEX1,2019
325602,2019-08-13,300000,Atlético de San Luis,40188,MEX1,2019
331056,2019-08-13,800000,UNAM Pumas,7633,MEX1,2019
331059,2019-08-13,1200000,CF Pachuca,4035,MEX1,2019
332764,2019-08-13,4000000,CF Monterrey,2407,MEX1,2019
332829,2019-08-13,1500000,Querétaro FC,4961,MEX1,2019
334042,2019-08-13,7500000,CD Cruz Azul,3711,MEX1,2019
334499,2019-08-13,300000,Atlético de San Luis,40188,MEX1,2019
334538,2019-08-13,400000,Club Tijuana,13353,MEX1,2019
335086,2019-08-13,1000000,FC Juárez,49283,MEX1,2019
339758,2019-08-13,1000000,Club Tijuana,13353,MEX1,2019
342385,2019-08-13,10000000,CF América,3631,MEX1,2019
344854,2019-08-13,5000000,CF Monterrey,2407,MEX1,2019
347577,2019-08-13,800000,Club Necaxa,1146,MEX1,2019
349150,2019-08-13,700000,Club Tijuana,13353,MEX1,2019
351505,2019-08-13,600000,Deportivo Guadalajara,6711,MEX1,2019
353583,2019-08-13,7500000,CD Cruz Azul,3711,MEX1,2019
356042,2019-08-13,400000,Santos Laguna,1403,MEX1,2019
356044,2019-08-13,3500000,CF América,3631,MEX1,2019
360797,2019-08-13,1000000,Atlético de San Luis,40188,MEX1,2019
366143,2019-08-13,4000000,CF Pachuca,4035,MEX1,2019
371169,2019-08-13,200000,CF América,3631,MEX1,2019
371171,2019-08-13,500000,CD Cruz Azul,3711,MEX1,2019
371185,2019-08-13,1200000,Atlas Guadalajara,8590,MEX1,2019
387687,2019-08-13,5000000,CF Monterrey,2407,MEX1,2019
397003,2019-08-13,2500000,UNAM Pumas,7633,MEX1,2019
397680,2019-08-13,1800000,Club Necaxa,1146,MEX1,2019
400171,2019-08-13,400000,Santos Laguna,1403,MEX1,2019
400173,2019-08-13,700000,Deportivo Guadalajara,6711,MEX1,2019
400208,2019-08-13,1000000,Tigres UANL,7055,MEX1,2019
401311,2019-08-13,2500000,Santos Laguna,1403,MEX1,2019
401340,2019-08-13,500000,CF Pachuca,4035,MEX1,2019
401344,2019-08-13,600000,Deportivo Guadalajara,6711,MEX1,2019
401349,2019-08-13,1000000,Atlas Guadalajara,8590,MEX1,2019
408534,2019-08-13,2000000,Club Necaxa,1146,MEX1,2019
411709,2019-08-13,1000000,Club Necaxa,1146,MEX1,2019
416083,2019-08-13,1000000,Atlas Guadalajara,8590,MEX1,2019
416090,2019-08-13,4000000,Tigres UANL,7055,MEX1,2019
421920,2019-08-13,100000,CD Cruz Azul,3711,MEX1,2019
424689,2019-08-13,4000000,Deportivo Guadalajara,6711,MEX1,2019
427203,2019-08-13,1000000,Atlas Guadalajara,8590,MEX1,2019
430021,2019-08-13,500000,Querétaro FC,4961,MEX1,2019
431533,2019-08-13,1200000,CF América,3631,MEX1,2019
433962,2019-08-13,100000,Querétaro FC,4961,MEX1,2019
442231,2019-08-13,2000000,Club Necaxa,1146,MEX1,2019
448414,2019-08-13,1000000,Deportivo Toluca,1804,MEX1,2019
453575,2019-08-13,1000000,Atlas Guadalajara,8590,MEX1,2019
465647,2019-08-13,100000,Tigres UANL,7055,MEX1,2019
468174,2019-08-13,1800000,Santos Laguna,1403,MEX1,2019
469718,2019-08-13,2500000,Santos Laguna,1403,MEX1,2019
481192,2019-08-13,500000,Puebla FC,5662,MEX1,2019
495116,2019-08-13,600000,Tigres UANL,7055,MEX1,2019
512913,2019-08-13,3000000,CD Cruz Azul,3711,MEX1,2019
532937,2019-08-13,1000000,CF Monterrey,2407,MEX1,2019
532938,2019-08-13,1800000,Querétaro FC,4961,MEX1,2019
534620,2019-08-13,5000000,CF Monterrey,2407,MEX1,2019
540315,2019-08-13,400000,Deportivo Guadalajara,6711,MEX1,2019
546047,2019-08-13,5000000,Club León FC,4941,MEX1,2019
549294,2019-08-13,800000,Deportivo Guadalajara,6711,MEX1,2019
549361,2019-08-13,3000000,Club León FC,4941,MEX1,2019
549419,2019-08-13,700000,Atlético de San Luis,40188,MEX1,2019
552960,2019-08-13,1800000,Club Tijuana,13353,MEX1,2019
553816,2019-08-13,300000,Tigres UANL,7055,MEX1,2019
560312,2019-08-13,300000,Club León FC,4941,MEX1,2019
570560,2019-08-13,400000,Puebla FC,5662,MEX1,2019
597728,2019-08-13,4000000,Querétaro FC,4961,MEX1,2019
599569,2019-08-13,1500000,Club Tijuana,13353,MEX1,2019
599909,2019-08-13,400000,CF América,3631,MEX1,2019
614303,2019-08-13,1800000,Deportivo Toluca,1804,MEX1,2019
661481,2019-08-13,200000,CF Pachuca,4035,MEX1,2019
687559,2019-08-13,100000,Atlas Guadalajara,8590,MEX1,2019
85324,2019-10-17,4000000,Swansea City,4035,MEX1,2019
441477,2019-12-05,1000000,CA Barracas Central,4961,MEX1,2019
661131,2019-12-05,500000,Unknown,1804,MEX1,2019
660990,2019-12-07,50000,Unknown,40188,MEX1,2019
181781,2019-12-30,3500000,Vitória Guimarães SC,40188,MEX1,2019
29559,2020-01-10,2500000,CF América,3631,MEX1,2020
30677,2020-01-10,1500000,CF Pachuca,4035,MEX1,2020
43907,2020-01-10,3000000,Tigres UANL,7055,MEX1,2020
51546,2020-01-10,800000,Deportivo Toluca,1804,MEX1,2020
53180,2020-01-10,1800000,CD Cruz Azul,3711,MEX1,2020
63333,2020-01-10,1000000,CF Pachuca,4035,MEX1,2020
67917,2020-01-10,4500000,Tigres UANL,7055,MEX1,2020
69802,2020-01-10,1500000,Deportivo Toluca,1804,MEX1,2020
71401,2020-01-10,2300000,Club León FC,4941,MEX1,2020
73523,2020-01-10,400000,CD Cruz Azul,3711,MEX1,2020
74113,2020-01-10,1500000,Atlas Guadalajara,8590,MEX1,2020
74421,2020-01-10,2500000,Club León FC,4941,MEX1,2020
75035,2020-01-10,3000000,CF Pachuca,4035,MEX1,2020
76924,2020-01-10,2500000,Deportivo Toluca,1804,MEX1,2020
87518,2020-01-10,2500000,UNAM Pumas,7633,MEX1,2020
87859,2020-01-10,2500000,Tigres UANL,7055,MEX1,2020
89718,2020-01-10,4000000,Tigres UANL,7055,MEX1,2020
94880,2020-01-10,3500000,CD Cruz Azul,3711,MEX1,2020
96313,2020-01-10,1000000,Deportivo Toluca,1804,MEX1,2020
102699,2020-01-10,1200000,Atlético de San Luis,40188,MEX1,2020
105899,2020-01-10,7500000,Tigres UANL,7055,MEX1,2020
107444,2020-01-10,1800000,Deportivo Guadalajara,6711,MEX1,2020
107503,2020-01-10,2500000,Atlas Guadalajara,8590,MEX1,2020
111082,2020-01-10,4500000,Tigres UANL,7055,MEX1,2020
119342,2020-01-10,4000000,CF Monterrey,2407,MEX1,2020
125275,2020-01-10,500000,CF América,3631,MEX1,2020
129031,2020-01-10,2000000,Club Necaxa,1146,MEX1,2020
131074,2020-01-10,2000000,Deportivo Guadalajara,6711,MEX1,2020
131090,2020-01-10,2000000,Tigres UANL,7055,MEX1,2020
131093,2020-01-10,4000000,CF Monterrey,2407,MEX1,2020
131248,2020-01-10,2500000,Club León FC,4941,MEX1,2020
135082,2020-01-10,8000000,CF Monterrey,2407,MEX1,2020
135851,2020-01-10,1500000,Club Tijuana,13353,MEX1,2020
137840,2020-01-10,3000000,Club León FC,4941,MEX1,2020
139503,2020-01-10,3500000,Tigres UANL,7055,MEX1,2020
142745,2020-01-10,1000000,Atlas Guadalajara,8590,MEX1,2020
148713,2020-01-10,2000000,CF Monterrey,2407,MEX1,2020
155054,2020-01-10,2500000,Atlético de San Luis,40188,MEX1,2020
160700,2020-01-10,1000000,Club Tijuana,13353,MEX1,2020
164749,2020-01-10,2000000,Deportivo Toluca,1804,MEX1,2020
175445,2020-01-10,1500000,Atlético de San Luis,40188,MEX1,2020
176927,2020-01-10,2500000,UNAM Pumas,7633,MEX1,2020
185012,2020-01-10,1500000,CF Monterrey,2407,MEX1,2020
188491,2020-01-10,1500000,Tigres UANL,7055,MEX1,2020
190941,2020-01-10,2000000,FC Juárez,49283,MEX1,2020
207015,2020-01-10,8000000,CF Monterrey,2407,MEX1,2020
209513,2020-01-10,2500000,CD Cruz Azul,3711,MEX1,2020
212699,2020-01-10,1500000,Club León FC,4941,MEX1,2020
213841,2020-01-10,5000000,Santos Laguna,1403,MEX1,2020
215473,2020-01-10,1000000,Club León FC,4941,MEX1,2020
220647,2020-01-10,3500000,CD Cruz Azul,3711,MEX1,2020
221805,2020-01-10,2500000,Club Tijuana,13353,MEX1,2020
222010,2020-01-10,400000,Puebla FC,5662,MEX1,2020
227404,2020-01-10,4500000,Tigres UANL,7055,MEX1,2020
234227,2020-01-10,2500000,UNAM Pumas,7633,MEX1,2020
234918,2020-01-10,10000000,CF Monterrey,2407,MEX1,2020
236710,2020-01-10,500000,Deportivo Toluca,1804,MEX1,2020
236734,2020-01-10,500000,Atlético de San Luis,40188,MEX1,2020
237051,2020-01-10,2000000,Atlético de San Luis,40188,MEX1,2020
242580,2020-01-10,1500000,Club Tijuana,13353,MEX1,2020
243580,2020-01-10,2000000,Atlas Guadalajara,8590,MEX1,2020
244724,2020-01-10,2500000,Querétaro FC,4961,MEX1,2020
248346,2020-01-10,3000000,Club Necaxa,1146,MEX1,2020
249776,2020-01-10,5000000,Santos Laguna,1403,MEX1,2020
249789,2020-01-10,2000000,Deportivo Toluca,1804,MEX1,2020
256866,2020-01-10,7500000,Tigres UANL,7055,MEX1,2020
264133,2020-01-10,2000000,Atlético de San Luis,40188,MEX1,2020
266809,2020-01-10,1000000,UNAM Pumas,7633,MEX1,2020
267753,2020-01-10,3500000,Atlético de San Luis,40188,MEX1,2020
273638,2020-01-10,1500000,Club León FC,4941,MEX1,2020
274963,2020-01-10,2000000,CF América,3631,MEX1,2020
280379,2020-01-10,500000,CF Monterrey,2407,MEX1,2020
282476,2020-01-10,10000000,CF Monterrey,2407,MEX1,2020
285771,2020-01-10,5000000,CF América,3631,MEX1,2020
285810,2020-01-10,1200000,Puebla FC,5662,MEX1,2020
286339,2020-01-10,3500000,CF América,3631,MEX1,2020
295373,2020-01-10,4000000,CF Pachuca,4035,MEX1,2020
295400,2020-01-10,1500000,Deportivo Guadalajara,1146,MEX1,2020
295424,2020-01-10,3000000,Santos Laguna,1403,MEX1,2020
295426,2020-01-10,700000,Club León FC,4941,MEX1,2020
310744,2020-01-10,3500000,Santos Laguna,1403,MEX1,2020
312568,2020-01-10,3000000,Atlas Guadalajara,8590,MEX1,2020
325598,2020-01-10,7500000,CF Pachuca,4035,MEX1,2020
325600,2020-01-10,800000,Club Tijuana,13353,MEX1,2020
325602,2020-01-10,300000,Atlético de San Luis,40188,MEX1,2020
331059,2020-01-10,1200000,CF Pachuca,4035,MEX1,2020
332764,2020-01-10,3500000,CF Monterrey,2407,MEX1,2020
332829,2020-01-10,2000000,Tigres UANL,7055,MEX1,2020
334042,2020-01-10,6000000,CD Cruz Azul,3711,MEX1,2020
334499,2020-01-10,300000,Atlético de San Luis,40188,MEX1,2020
334538,2020-01-10,400000,Club Tijuana,13353,MEX1,2020
335086,2020-01-10,2000000,FC Juárez,49283,MEX1,2020
342385,2020-01-10,10000000,CF América,3631,MEX1,2020
344854,2020-01-10,6000000,CF Monterrey,2407,MEX1,2020
347577,2020-01-10,1500000,Club Necaxa,1146,MEX1,2020
349150,2020-01-10,600000,Club Necaxa,1146,MEX1,2020
351505,2020-01-10,600000,Deportivo Guadalajara,6711,MEX1,2020
353583,2020-01-10,7500000,CD Cruz Azul,3711,MEX1,2020
355998,2020-01-10,5000000,Deportivo Guadalajara,6711,MEX1,2020
356042,2020-01-10,400000,Santos Laguna,1403,MEX1,2020
356044,2020-01-10,4000000,CF América,3631,MEX1,2020
360797,2020-01-10,1000000,Atlético de San Luis,40188,MEX1,2020
366143,2020-01-10,4000000,CF Pachuca,4035,MEX1,2020
371168,2020-01-10,1000000,CF Pachuca,4035,MEX1,2020
371169,2020-01-10,200000,CF América,3631,MEX1,2020
371171,2020-01-10,500000,CD Cruz Azul,3711,MEX1,2020
371185,2020-01-10,1500000,Atlas Guadalajara,8590,MEX1,2020
387687,2020-01-10,6500000,CF Monterrey,2407,MEX1,2020
397003,2020-01-10,2500000,UNAM Pumas,7633,MEX1,2020
397680,2020-01-10,1800000,Deportivo Guadalajara,6711,MEX1,2020
400171,2020-01-10,400000,Santos Laguna,1403,MEX1,2020
400173,2020-01-10,800000,Santos Laguna,1403,MEX1,2020
400208,2020-01-10,800000,Tigres UANL,7055,MEX1,2020
401311,2020-01-10,1500000,Santos Laguna,1403,MEX1,2020
401340,2020-01-10,400000,CF Pachuca,4035,MEX1,2020
401344,2020-01-10,600000,UNAM Pumas,7633,MEX1,2020
401349,2020-01-10,800000,Atlas Guadalajara,8590,MEX1,2020
401572,2020-01-10,800000,Atlético de San Luis,40188,MEX1,2020
408534,2020-01-10,4000000,Deportivo Guadalajara,6711,MEX1,2020
411709,2020-01-10,4500000,Deportivo Guadalajara,6711,MEX1,2020
416083,2020-01-10,700000,Atlas Guadalajara,8590,MEX1,2020
416090,2020-01-10,3000000,Tigres UANL,7055,MEX1,2020
421920,2020-01-10,100000,CD Cruz Azul,3711,MEX1,2020
424689,2020-01-10,3000000,Deportivo Guadalajara,6711,MEX1,2020
426324,2020-01-10,1500000,Club Tijuana,13353,MEX1,2020
427203,2020-01-10,1000000,Atlas Guadalajara,8590,MEX1,2020
430021,2020-01-10,500000,Querétaro FC,4961,MEX1,2020
431533,2020-01-10,3000000,CF América,3631,MEX1,2020
433962,2020-01-10,100000,Querétaro FC,4961,MEX1,2020
442231,2020-01-10,3000000,Club Necaxa,1146,MEX1,2020
448414,2020-01-10,1000000,Deportivo Toluca,1804,MEX1,2020
450406,2020-01-10,3500000,CD Cruz Azul,3711,MEX1,2020
465647,2020-01-10,100000,Tigres UANL,7055,MEX1,2020
468174,2020-01-10,1800000,Santos Laguna,1403,MEX1,2020
469718,2020-01-10,3500000,Santos Laguna,1403,MEX1,2020
481192,2020-01-10,400000,Puebla FC,5662,MEX1,2020
532937,2020-01-10,1000000,UNAM Pumas,7633,MEX1,2020
532938,2020-01-10,3000000,CD Cruz Azul,3711,MEX1,2020
534620,2020-01-10,7500000,CF Monterrey,2407,MEX1,2020
546047,2020-01-10,10000000,Deportivo Guadalajara,6711,MEX1,2020
549294,2020-01-10,800000,Deportivo Guadalajara,6711,MEX1,2020
549361,2020-01-10,3000000,Club León FC,4941,MEX1,2020
549419,2020-01-10,800000,Atlético de San Luis,40188,MEX1,2020
552955,2020-01-10,100000,CD Cruz Azul,3711,MEX1,2020
552960,2020-01-10,1800000,Club Tijuana,13353,MEX1,2020
553816,2020-01-10,300000,Tigres UANL,7055,MEX1,2020
557070,2020-01-10,500000,Puebla FC,5662,MEX1,2020
572675,2020-01-10,1000000,Puebla FC,5662,MEX1,2020
578419,2020-01-10,1500000,CF América,3631,MEX1,2020
597728,2020-01-10,4000000,Querétaro FC,4961,MEX1,2020
599569,2020-01-10,1500000,Club Tijuana,13353,MEX1,2020
599909,2020-01-10,500000,CF América,3631,MEX1,2020
614303,2020-01-10,1800000,Deportivo Toluca,1804,MEX1,2020
661481,2020-01-10,200000,CF Pachuca,4035,MEX1,2020
288786,2020-02-11,3000000,UNAM Pumas,7633,MEX1,2020
304870,2020-02-11,1800000,CD Cruz Azul,3711,MEX1,2020
339758,2020-02-11,2000000,Club Tijuana,13353,MEX1,2020
384368,2020-02-11,500000,Club Tijuana,13353,MEX1,2020
401769,2020-02-11,600000,CF Pachuca,4035,MEX1,2020
532240,2020-02-11,300000,Club Necaxa,1146,MEX1,2020
532389,2020-02-11,2000000,CF América,3631,MEX1,2020
572705,2020-02-11,600000,CF Pachuca,4035,MEX1,2020
596929,2020-02-11,1500000,Deportivo Guadalajara,6711,MEX1,2020
441477,2020-02-17,1500000,CA Barracas Central,4961,MEX1,2020
51046,2020-04-04,4000000,Al-Gharafa SC,2407,MEX1,2020
29559,2020-04-08,2000000,CF América,3631,MEX1,2020
30677,2020-04-08,1200000,CF Pachuca,4035,MEX1,2020
43907,2020-04-08,2400000,Tigres UANL,7055,MEX1,2020
51046,2020-04-08,3200000,Al-Gharafa SC,2407,MEX1,2020
51546,2020-04-08,650000,Deportivo Toluca,1804,MEX1,2020
53180,2020-04-08,1400000,CD Cruz Azul,3711,MEX1,2020
63333,2020-04-08,800000,CF Pachuca,4035,MEX1,2020
67917,2020-04-08,3500000,Tigres UANL,7055,MEX1,2020
69802,2020-04-08,1200000,Deportivo Toluca,1804,MEX1,2020
71401,2020-04-08,1800000,Club León FC,4941,MEX1,2020
73523,2020-04-08,325000,CD Cruz Azul,3711,MEX1,2020
74113,2020-04-08,1200000,Atlas Guadalajara,8590,MEX1,2020
74421,2020-04-08,2000000,Club León FC,4941,MEX1,2020
75035,2020-04-08,2400000,CF Pachuca,4035,MEX1,2020
76924,2020-04-08,2000000,Deportivo Toluca,1804,MEX1,2020
85324,2020-04-08,3200000,Aston Villa,4035,MEX1,2020
87518,2020-04-08,2000000,UNAM Pumas,7633,MEX1,2020
87859,2020-04-08,2000000,Tigres UANL,7055,MEX1,2020
89718,2020-04-08,3200000,Tigres UANL,7055,MEX1,2020
94880,2020-04-08,2800000,CD Cruz Azul,3711,MEX1,2020
96313,2020-04-08,800000,Deportivo Toluca,1804,MEX1,2020
102699,2020-04-08,950000,Atlético de San Luis,40188,MEX1,2020
105899,2020-04-08,6000000,Tigres UANL,7055,MEX1,2020
107444,2020-04-08,1400000,Deportivo Guadalajara,6711,MEX1,2020
107503,2020-04-08,2000000,Atlas Guadalajara,8590,MEX1,2020
111082,2020-04-08,3500000,Tigres UANL,7055,MEX1,2020
113130,2020-04-08,2000000,Club Tijuana,13353,MEX1,2020
119342,2020-04-08,3200000,Club Tijuana,13353,MEX1,2020
125275,2020-04-08,400000,CF América,3631,MEX1,2020
129031,2020-04-08,1600000,Club Necaxa,1146,MEX1,2020
131074,2020-04-08,1600000,Deportivo Guadalajara,6711,MEX1,2020
131090,2020-04-08,1600000,Tigres UANL,7055,MEX1,2020
131093,2020-04-08,3200000,CF Monterrey,2407,MEX1,2020
131248,2020-04-08,2000000,Club León FC,4941,MEX1,2020
135082,2020-04-08,6500000,CF Monterrey,2407,MEX1,2020
135851,2020-04-08,1200000,Club Tijuana,13353,MEX1,2020
137840,2020-04-08,2400000,Club León FC,4941,MEX1,2020
139503,2020-04-08,2800000,Tigres UANL,7055,MEX1,2020
142745,2020-04-08,800000,Atlas Guadalajara,8590,MEX1,2020
148713,2020-04-08,1600000,CF Monterrey,2407,MEX1,2020
155054,2020-04-08,2000000,Atlético de San Luis,40188,MEX1,2020
158327,2020-04-08,325000,UNAM Pumas,7633,MEX1,2020
160700,2020-04-08,800000,Club Tijuana,13353,MEX1,2020
164749,2020-04-08,1600000,Deportivo Toluca,1804,MEX1,2020
175445,2020-04-08,1200000,Atlético de San Luis,40188,MEX1,2020
181781,2020-04-08,2800000,Vitória Guimarães SC,40188,MEX1,2020
185012,2020-04-08,1200000,CF Monterrey,2407,MEX1,2020
188491,2020-04-08,1200000,Tigres UANL,7055,MEX1,2020
190941,2020-04-08,1600000,FC Juárez,49283,MEX1,2020
207015,2020-04-08,6500000,CF Monterrey,2407,MEX1,2020
209513,2020-04-08,2000000,CD Cruz Azul,3711,MEX1,2020
212699,2020-04-08,1200000,Club León FC,4941,MEX1,2020
213841,2020-04-08,4000000,Santos Laguna,1403,MEX1,2020
221805,2020-04-08,2000000,Club Tijuana,13353,MEX1,2020
222010,2020-04-08,325000,Puebla FC,5662,MEX1,2020
227404,2020-04-08,3500000,Tigres UANL,7055,MEX1,2020
234227,2020-04-08,2000000,UNAM Pumas,7633,MEX1,2020
236710,2020-04-08,400000,Deportivo Toluca,1804,MEX1,2020
236734,2020-04-08,400000,Atlético de San Luis,40188,MEX1,2020
237051,2020-04-08,1600000,Atlético de San Luis,40188,MEX1,2020
240900,2020-04-08,2200000,CF Monterrey,2407,MEX1,2020
242580,2020-04-08,1200000,Club Tijuana,13353,MEX1,2020
243580,2020-04-08,1600000,Atlas Guadalajara,8590,MEX1,2020
244724,2020-04-08,2000000,Querétaro FC,4961,MEX1,2020
248346,2020-04-08,2400000,Club Necaxa,1146,MEX1,2020
249776,2020-04-08,4000000,Santos Laguna,1403,MEX1,2020
249789,2020-04-08,1600000,Deportivo Toluca,1804,MEX1,2020
256866,2020-04-08,6000000,Tigres UANL,7055,MEX1,2020
264133,2020-04-08,1600000,Atlético de San Luis,40188,MEX1,2020
266809,2020-04-08,800000,UNAM Pumas,7633,MEX1,2020
267753,2020-04-08,2800000,Atlético de San Luis,40188,MEX1,2020
273638,2020-04-08,1200000,Club León FC,4941,MEX1,2020
274963,2020-04-08,1600000,CF América,3631,MEX1,2020
280149,2020-04-08,650000,UNAM Pumas,7633,MEX1,2020
280379,2020-04-08,400000,CF Monterrey,2407,MEX1,2020
282476,2020-04-08,8000000,CF Monterrey,2407,MEX1,2020
284321,2020-04-08,1600000,Atlas Guadalajara,8590,MEX1,2020
285771,2020-04-08,4000000,CF América,3631,MEX1,2020
285810,2020-04-08,950000,Puebla FC,5662,MEX1,2020
286339,2020-04-08,2800000,CF América,3631,MEX1,2020
288786,2020-04-08,2400000,UNAM Pumas,7633,MEX1,2020
294894,2020-04-08,725000,CF América,3631,MEX1,2020
295373,2020-04-08,3200000,CF Pachuca,4035,MEX1,2020
295400,2020-04-08,1200000,Deportivo Guadalajara,1146,MEX1,2020
295424,2020-04-08,2400000,Santos Laguna,1403,MEX1,2020
295426,2020-04-08,550000,Club León FC,4941,MEX1,2020
304870,2020-04-08,1400000,CD Cruz Azul,3711,MEX1,2020
310640,2020-04-08,2000000,Atlético de San Luis,40188,MEX1,2020
310744,2020-04-08,2800000,Santos Laguna,1403,MEX1,2020
312568,2020-04-08,2700000,Atlas Guadalajara,8590,MEX1,2020
315169,2020-04-08,4800000,Atlas Guadalajara,8590,MEX1,2020
325598,2020-04-08,6000000,CF Pachuca,4035,MEX1,2020
325600,2020-04-08,650000,Club Tijuana,13353,MEX1,2020
331059,2020-04-08,950000,CF Pachuca,4035,MEX1,2020
332764,2020-04-08,3200000,CF Monterrey,2407,MEX1,2020
332829,2020-04-08,1600000,Tigres UANL,7055,MEX1,2020
334042,2020-04-08,4800000,CD Cruz Azul,3711,MEX1,2020
334538,2020-04-08,325000,Club Tijuana,13353,MEX1,2020
334586,2020-04-08,550000,CD Cruz Azul,3711,MEX1,2020
335086,2020-04-08,1800000,FC Juárez,49283,MEX1,2020
339758,2020-04-08,1600000,Club Tijuana,13353,MEX1,2020
344854,2020-04-08,4800000,CF Monterrey,2407,MEX1,2020
347577,2020-04-08,1200000,Club Necaxa,1146,MEX1,2020
349150,2020-04-08,475000,Club Necaxa,1146,MEX1,2020
351505,2020-04-08,525000,Deportivo Guadalajara,6711,MEX1,2020
353583,2020-04-08,6700000,CD Cruz Azul,3711,MEX1,2020
355998,2020-04-08,4000000,Deportivo Guadalajara,6711,MEX1,2020
356042,2020-04-08,325000,Santos Laguna,1403,MEX1,2020
356044,2020-04-08,3200000,CF América,3631,MEX1,2020
364602,2020-04-08,1300000,Club Tijuana,13353,MEX1,2020
366143,2020-04-08,3200000,CF Pachuca,4035,MEX1,2020
371168,2020-04-08,900000,CF Pachuca,4035,MEX1,2020
371171,2020-04-08,450000,CD Cruz Azul,3711,MEX1,2020
371185,2020-04-08,1300000,Atlas Guadalajara,8590,MEX1,2020
384368,2020-04-08,400000,Club Tijuana,13353,MEX1,2020
387687,2020-04-08,5200000,CF Monterrey,2407,MEX1,2020
397003,2020-04-08,2000000,UNAM Pumas,7633,MEX1,2020
397680,2020-04-08,1400000,Deportivo Guadalajara,6711,MEX1,2020
400171,2020-04-08,350000,Santos Laguna,1403,MEX1,2020
400173,2020-04-08,725000,Santos Laguna,1403,MEX1,2020
400208,2020-04-08,725000,Tigres UANL,7055,MEX1,2020
401311,2020-04-08,1200000,Santos Laguna,1403,MEX1,2020
401340,2020-04-08,325000,CF Pachuca,4035,MEX1,2020
401344,2020-04-08,475000,UNAM Pumas,7633,MEX1,2020
401349,2020-04-08,650000,Atlas Guadalajara,8590,MEX1,2020
401572,2020-04-08,725000,Atlético de San Luis,40188,MEX1,2020
401769,2020-04-08,525000,CF Pachuca,4035,MEX1,2020
408534,2020-04-08,3200000,Deportivo Guadalajara,6711,MEX1,2020
411709,2020-04-08,3500000,Deportivo Guadalajara,6711,MEX1,2020
416083,2020-04-08,550000,Atlas Guadalajara,8590,MEX1,2020
416090,2020-04-08,2400000,Tigres UANL,7055,MEX1,2020
424689,2020-04-08,2400000,Deportivo Guadalajara,6711,MEX1,2020
426324,2020-04-08,1200000,Club Tijuana,13353,MEX1,2020
427203,2020-04-08,800000,Atlas Guadalajara,8590,MEX1,2020
430021,2020-04-08,400000,Querétaro FC,4961,MEX1,2020
431533,2020-04-08,2400000,CF América,3631,MEX1,2020
431703,2020-04-08,800000,Club Tijuana,13353,MEX1,2020
441477,2020-04-08,1200000,CA Barracas Central,4961,MEX1,2020
442231,2020-04-08,2400000,Club Necaxa,1146,MEX1,2020
448414,2020-04-08,800000,Deportivo Toluca,1804,MEX1,2020
450406,2020-04-08,2800000,CD Cruz Azul,3711,MEX1,2020
468174,2020-04-08,1400000,Santos Laguna,1403,MEX1,2020
469718,2020-04-08,3200000,Santos Laguna,1403,MEX1,2020
481192,2020-04-08,325000,Puebla FC,5662,MEX1,2020
532389,2020-04-08,1800000,CF América,3631,MEX1,2020
532937,2020-04-08,900000,UNAM Pumas,7633,MEX1,2020
532938,2020-04-08,2400000,CD Cruz Azul,3711,MEX1,2020
534620,2020-04-08,6000000,CF Monterrey,2407,MEX1,2020
546047,2020-04-08,9000000,Deportivo Guadalajara,6711,MEX1,2020
549294,2020-04-08,725000,Deportivo Guadalajara,6711,MEX1,2020
549361,2020-04-08,2400000,Club León FC,4941,MEX1,2020
549419,2020-04-08,725000,Atlético de San Luis,40188,MEX1,2020
552960,2020-04-08,1400000,Club Tijuana,13353,MEX1,2020
557070,2020-04-08,450000,Puebla FC,5662,MEX1,2020
572675,2020-04-08,900000,Puebla FC,5662,MEX1,2020
572705,2020-04-08,525000,CF Pachuca,4035,MEX1,2020
578419,2020-04-08,1300000,CF América,3631,MEX1,2020
596929,2020-04-08,1300000,Deportivo Guadalajara,6711,MEX1,2020
597728,2020-04-08,3600000,Querétaro FC,4961,MEX1,2020
599569,2020-04-08,1300000,Club Tijuana,13353,MEX1,2020
599909,2020-04-08,400000,CF América,3631,MEX1,2020
614303,2020-04-08,1400000,Deportivo Toluca,1804,MEX1,2020
29559,2020-06-27,2000000,CF América,3631,MEX1,2020
30677,2020-06-27,1200000,CF Pachuca,4035,MEX1,2020
43907,2020-06-27,2400000,Tigres UANL,7055,MEX1,2020
51546,2020-06-27,700000,Deportivo Toluca,1804,MEX1,2020
53180,2020-06-27,1400000,CD Cruz Azul,3711,MEX1,2020
63333,2020-06-27,800000,CF Pachuca,4035,MEX1,2020
67917,2020-06-27,3500000,Tigres UANL,7055,MEX1,2020
69802,2020-06-27,1200000,Deportivo Toluca,1804,MEX1,2020
71401,2020-06-27,1800000,Club León FC,4941,MEX1,2020
73523,2020-06-27,300000,CD Cruz Azul,3711,MEX1,2020
74113,2020-06-27,1200000,Atlas Guadalajara,8590,MEX1,2020
74421,2020-06-27,2000000,Club León FC,4941,MEX1,2020
75035,2020-06-27,2400000,CF Pachuca,4035,MEX1,2020
76924,2020-06-27,2000000,Deportivo Toluca,1804,MEX1,2020
87518,2020-06-27,1500000,UNAM Pumas,7633,MEX1,2020
87859,2020-06-27,2000000,Tigres UANL,7055,MEX1,2020
89718,2020-06-27,3200000,Tigres UANL,7055,MEX1,2020
94880,2020-06-27,2800000,CD Cruz Azul,3711,MEX1,2020
96313,2020-06-27,800000,Deportivo Toluca,1804,MEX1,2020
102699,2020-06-27,1000000,Atlético de San Luis,40188,MEX1,2020
105899,2020-06-27,6000000,Tigres UANL,7055,MEX1,2020
107444,2020-06-27,1400000,Deportivo Guadalajara,6711,MEX1,2020
107503,2020-06-27,2000000,Atlas Guadalajara,8590,MEX1,2020
111082,2020-06-27,3500000,Tigres UANL,7055,MEX1,2020
113130,2020-06-27,2000000,Club Tijuana,13353,MEX1,2020
119342,2020-06-27,3200000,Club Tijuana,13353,MEX1,2020
125275,2020-06-27,400000,CF América,3631,MEX1,2020
129031,2020-06-27,2500000,Club Necaxa,1146,MEX1,2020
131074,2020-06-27,2000000,Deportivo Guadalajara,6711,MEX1,2020
131090,2020-06-27,1600000,Tigres UANL,7055,MEX1,2020
131093,2020-06-27,3500000,CF Monterrey,2407,MEX1,2020
131248,2020-06-27,2000000,Club León FC,4941,MEX1,2020
135082,2020-06-27,6500000,CF Monterrey,2407,MEX1,2020
135851,2020-06-27,1000000,Club Tijuana,13353,MEX1,2020
137840,2020-06-27,2500000,Club León FC,4941,MEX1,2020
139503,2020-06-27,2500000,Tigres UANL,7055,MEX1,2020
142745,2020-06-27,800000,Atlas Guadalajara,8590,MEX1,2020
148713,2020-06-27,1500000,CF Monterrey,2407,MEX1,2020
155054,2020-06-27,2000000,Atlético de San Luis,40188,MEX1,2020
158327,2020-06-27,300000,UNAM Pumas,7633,MEX1,2020
160700,2020-06-27,1000000,Club Tijuana,13353,MEX1,2020
164749,2020-06-27,2000000,Deportivo Toluca,1804,MEX1,2020
175445,2020-06-27,800000,Atlético de San Luis,40188,MEX1,2020
185012,2020-06-27,1200000,CF Monterrey,2407,MEX1,2020
188491,2020-06-27,1200000,Tigres UANL,7055,MEX1,2020
190941,2020-06-27,1600000,FC Juárez,49283,MEX1,2020
207015,2020-06-27,6500000,CF Monterrey,2407,MEX1,2020
209513,2020-06-27,2000000,CD Cruz Azul,3711,MEX1,2020
212699,2020-06-27,1200000,Club León FC,4941,MEX1,2020
213841,2020-06-27,5000000,Santos Laguna,1403,MEX1,2020
221805,2020-06-27,3000000,Club Tijuana,13353,MEX1,2020
222010,2020-06-27,300000,Puebla FC,5662,MEX1,2020
227404,2020-06-27,3500000,Tigres UANL,7055,MEX1,2020
234227,2020-06-27,2000000,UNAM Pumas,7633,MEX1,2020
236710,2020-06-27,400000,Deportivo Toluca,1804,MEX1,2020
236734,2020-06-27,400000,Atlético de San Luis,40188,MEX1,2020
237051,2020-06-27,1600000,Atlético de San Luis,40188,MEX1,2020
240900,2020-06-27,2200000,CF Monterrey,2407,MEX1,2020
242580,2020-06-27,1000000,Club Tijuana,13353,MEX1,2020
243580,2020-06-27,1800000,Atlas Guadalajara,8590,MEX1,2020
244724,2020-06-27,2500000,Querétaro FC,4961,MEX1,2020
248346,2020-06-27,3000000,Club Necaxa,1146,MEX1,2020
249776,2020-06-27,4000000,Santos Laguna,1403,MEX1,2020
249789,2020-06-27,1600000,Deportivo Toluca,1804,MEX1,2020
256866,2020-06-27,5000000,Tigres UANL,7055,MEX1,2020
264133,2020-06-27,1800000,Atlético de San Luis,40188,MEX1,2020
266809,2020-06-27,1800000,UNAM Pumas,7633,MEX1,2020
267753,2020-06-27,4000000,Atlético de San Luis,40188,MEX1,2020
273638,2020-06-27,3000000,Club León FC,4941,MEX1,2020
274963,2020-06-27,2500000,CF América,3631,MEX1,2020
280149,2020-06-27,1000000,UNAM Pumas,7633,MEX1,2020
280379,2020-06-27,400000,CF Monterrey,2407,MEX1,2020
282476,2020-06-27,7500000,CF Monterrey,2407,MEX1,2020
284321,2020-06-27,2000000,Atlas Guadalajara,8590,MEX1,2020
285771,2020-06-27,3500000,CF América,3631,MEX1,2020
285810,2020-06-27,1000000,Puebla FC,5662,MEX1,2020
286339,2020-06-27,2800000,CF América,3631,MEX1,2020
288786,2020-06-27,2500000,UNAM Pumas,7633,MEX1,2020
294894,2020-06-27,1000000,CF América,3631,MEX1,2020
295373,2020-06-27,3500000,CF Pachuca,4035,MEX1,2020
295400,2020-06-27,1000000,Deportivo Guadalajara,1146,MEX1,2020
295424,2020-06-27,3500000,Santos Laguna,1403,MEX1,2020
295426,2020-06-27,700000,Club León FC,4941,MEX1,2020
304870,2020-06-27,1400000,CD Cruz Azul,3711,MEX1,2020
310640,2020-06-27,2000000,Atlético de San Luis,40188,MEX1,2020
310744,2020-06-27,5000000,Santos Laguna,1403,MEX1,2020
312568,2020-06-27,2700000,Atlas Guadalajara,8590,MEX1,2020
315169,2020-06-27,4800000,Atlas Guadalajara,8590,MEX1,2020
325598,2020-06-27,6000000,CF Pachuca,4035,MEX1,2020
325600,2020-06-27,1800000,Club Tijuana,13353,MEX1,2020
325602,2020-06-27,300000,Atlético de San Luis,40188,MEX1,2020
331059,2020-06-27,1000000,CF Pachuca,4035,MEX1,2020
332764,2020-06-27,2500000,CF Monterrey,2407,MEX1,2020
332829,2020-06-27,2500000,Tigres UANL,7055,MEX1,2020
334042,2020-06-27,4800000,CD Cruz Azul,3711,MEX1,2020
334499,2020-06-27,300000,Atlético de San Luis,40188,MEX1,2020
334538,2020-06-27,500000,Club Tijuana,13353,MEX1,2020
334586,2020-06-27,800000,CD Cruz Azul,3711,MEX1,2020
335086,2020-06-27,2000000,FC Juárez,49283,MEX1,2020
339758,2020-06-27,1600000,Club Tijuana,13353,MEX1,2020
344854,2020-06-27,5000000,CF Monterrey,2407,MEX1,2020
347577,2020-06-27,1500000,Club Necaxa,1146,MEX1,2020
349150,2020-06-27,600000,Club Necaxa,1146,MEX1,2020
351505,2020-06-27,500000,Deportivo Guadalajara,6711,MEX1,2020
353583,2020-06-27,7500000,CD Cruz Azul,3711,MEX1,2020
355998,2020-06-27,4000000,Deportivo Guadalajara,6711,MEX1,2020
356042,2020-06-27,400000,Santos Laguna,1403,MEX1,2020
356044,2020-06-27,3000000,CF América,3631,MEX1,2020
364602,2020-06-27,1300000,Club Tijuana,13353,MEX1,2020
366143,2020-06-27,3200000,CF Pachuca,4035,MEX1,2020
371168,2020-06-27,900000,CF Pachuca,4035,MEX1,2020
371169,2020-06-27,200000,CF América,3631,MEX1,2020
371171,2020-06-27,400000,CD Cruz Azul,3711,MEX1,2020
371185,2020-06-27,1300000,Atlas Guadalajara,8590,MEX1,2020
384368,2020-06-27,400000,Club Tijuana,13353,MEX1,2020
387687,2020-06-27,5000000,CF Monterrey,2407,MEX1,2020
397003,2020-06-27,2500000,UNAM Pumas,7633,MEX1,2020
397680,2020-06-27,1400000,Deportivo Guadalajara,6711,MEX1,2020
400171,2020-06-27,1000000,Santos Laguna,1403,MEX1,2020
400173,2020-06-27,700000,Santos Laguna,1403,MEX1,2020
400208,2020-06-27,600000,Tigres UANL,7055,MEX1,2020
401311,2020-06-27,1200000,Santos Laguna,1403,MEX1,2020
401340,2020-06-27,800000,CF Pachuca,4035,MEX1,2020
401344,2020-06-27,1200000,UNAM Pumas,7633,MEX1,2020
401349,2020-06-27,500000,Atlas Guadalajara,8590,MEX1,2020
401572,2020-06-27,1800000,Atlético de San Luis,40188,MEX1,2020
401769,2020-06-27,500000,CF Pachuca,4035,MEX1,2020
408534,2020-06-27,3200000,Deportivo Guadalajara,6711,MEX1,2020
411709,2020-06-27,3500000,Deportivo Guadalajara,6711,MEX1,2020
416083,2020-06-27,600000,Atlas Guadalajara,8590,MEX1,2020
416090,2020-06-27,2400000,Tigres UANL,7055,MEX1,2020
421920,2020-06-27,100000,CD Cruz Azul,3711,MEX1,2020
424689,2020-06-27,2400000,Deportivo Guadalajara,6711,MEX1,2020
426324,2020-06-27,2000000,Club Tijuana,13353,MEX1,2020
427203,2020-06-27,800000,Atlas Guadalajara,8590,MEX1,2020
430021,2020-06-27,400000,Querétaro FC,4961,MEX1,2020
431533,2020-06-27,2500000,CF América,3631,MEX1,2020
431703,2020-06-27,1500000,Club Tijuana,13353,MEX1,2020
433962,2020-06-27,100000,Querétaro FC,4961,MEX1,2020
442231,2020-06-27,2400000,Club Necaxa,1146,MEX1,2020
448414,2020-06-27,800000,Deportivo Toluca,1804,MEX1,2020
450406,2020-06-27,2000000,CD Cruz Azul,3711,MEX1,2020
465647,2020-06-27,100000,Tigres UANL,7055,MEX1,2020
468174,2020-06-27,2000000,Santos Laguna,1403,MEX1,2020
469718,2020-06-27,3500000,Santos Laguna,1403,MEX1,2020
481192,2020-06-27,300000,Puebla FC,5662,MEX1,2020
532240,2020-06-27,300000,Club Necaxa,1146,MEX1,2020
532389,2020-06-27,1800000,CF América,3631,MEX1,2020
532937,2020-06-27,2000000,UNAM Pumas,7633,MEX1,2020
532938,2020-06-27,4000000,CD Cruz Azul,3711,MEX1,2020
534620,2020-06-27,7500000,CF Monterrey,2407,MEX1,2020
546047,2020-06-27,10000000,Deportivo Guadalajara,6711,MEX1,2020
549294,2020-06-27,3000000,Deportivo Guadalajara,6711,MEX1,2020
549361,2020-06-27,2000000,Club León FC,4941,MEX1,2020
549419,2020-06-27,700000,Atlético de San Luis,40188,MEX1,2020
552955,2020-06-27,1500000,CD Cruz Azul,3711,MEX1,2020
552960,2020-06-27,2000000,Club Tijuana,13353,MEX1,2020
553816,2020-06-27,300000,Tigres UANL,7055,MEX1,2020
557070,2020-06-27,700000,Puebla FC,5662,MEX1,2020
570547,2020-06-27,300000,FC Juárez,49283,MEX1,2020
572675,2020-06-27,900000,Puebla FC,5662,MEX1,2020
572705,2020-06-27,800000,CF Pachuca,4035,MEX1,2020
578419,2020-06-27,3000000,CF América,3631,MEX1,2020
596929,2020-06-27,2500000,Deportivo Guadalajara,6711,MEX1,2020
597728,2020-06-27,4000000,Querétaro FC,4961,MEX1,2020
599569,2020-06-27,1800000,Club Tijuana,13353,MEX1,2020
599909,2020-06-27,400000,CF América,3631,MEX1,2020
614303,2020-06-27,2000000,Deportivo Toluca,1804,MEX1,2020
661481,2020-06-27,200000,CF Pachuca,4035,MEX1,2020
704553,2020-08-04,300000,LOSC Lille,7055,MEX1,2020
580142,2020-08-12,100000,SC Heerenveen,13353,MEX1,2020
441477,2020-08-17,1200000,FC Famalicão,4961,MEX1,2020
85324,2020-10-08,3000000,CD Leganés,4035,MEX1,2020
580142,2020-10-14,100000,SC Heerenveen,13353,MEX1,2020
704553,2020-10-15,300000,LOSC Lille,7055,MEX1,2020
29559,2020-12-18,2000000,CF América,3631,MEX1,2020
30677,2020-12-18,1200000,CF Pachuca,4035,MEX1,2020
43907,2020-12-18,2200000,Tigres UANL,7055,MEX1,2020
51546,2020-12-18,500000,Querétaro FC,4961,MEX1,2020
53180,2020-12-18,1400000,CD Cruz Azul,3711,MEX1,2020
63333,2020-12-18,500000,Club León FC,4941,MEX1,2020
67917,2020-12-18,3500000,Tigres UANL,7055,MEX1,2020
71401,2020-12-18,1800000,Club León FC,4941,MEX1,2020
74113,2020-12-18,2000000,Atlas Guadalajara,8590,MEX1,2020
74421,2020-12-18,2000000,Club León FC,4941,MEX1,2020
76924,2020-12-18,1800000,CF Pachuca,4035,MEX1,2020
87518,2020-12-18,1500000,Atlas Guadalajara,8590,MEX1,2020
87859,2020-12-18,2000000,Tigres UANL,7055,MEX1,2020
94880,2020-12-18,2800000,CD Cruz Azul,3711,MEX1,2020
102699,2020-12-18,1000000,Atlético de San Luis,40188,MEX1,2020
105899,2020-12-18,5000000,Tigres UANL,7055,MEX1,2020
107444,2020-12-18,1400000,Deportivo Guadalajara,6711,MEX1,2020
107503,2020-12-18,2000000,Atlas Guadalajara,8590,MEX1,2020
111082,2020-12-18,3000000,Tigres UANL,7055,MEX1,2020
125275,2020-12-18,400000,CF América,3631,MEX1,2020
129031,2020-12-18,2200000,CF Monterrey,2407,MEX1,2020
131074,2020-12-18,1500000,Deportivo Guadalajara,6711,MEX1,2020
131090,2020-12-18,1600000,Tigres UANL,7055,MEX1,2020
131093,2020-12-18,4000000,CF Monterrey,2407,MEX1,2020
131248,2020-12-18,2000000,Club León FC,4941,MEX1,2020
135082,2020-12-18,6500000,CF Monterrey,2407,MEX1,2020
137840,2020-12-18,3000000,Club León FC,4941,MEX1,2020
142745,2020-12-18,800000,Atlas Guadalajara,8590,MEX1,2020
148713,2020-12-18,1500000,CF Monterrey,2407,MEX1,2020
155054,2020-12-18,1800000,Atlético de San Luis,40188,MEX1,2020
158327,2020-12-18,500000,UNAM Pumas,7633,MEX1,2020
160700,2020-12-18,1000000,Querétaro FC,4961,MEX1,2020
164749,2020-12-18,1800000,Deportivo Toluca,1804,MEX1,2020
175445,2020-12-18,2500000,Club Necaxa,1146,MEX1,2020
185012,2020-12-18,2000000,CF Monterrey,2407,MEX1,2020
188491,2020-12-18,2500000,Tigres UANL,7055,MEX1,2020
207015,2020-12-18,6000000,CF Monterrey,2407,MEX1,2020
212699,2020-12-18,2000000,Club León FC,4941,MEX1,2020
213841,2020-12-18,5000000,Santos Laguna,1403,MEX1,2020
215473,2020-12-18,800000,Club León FC,4941,MEX1,2020
221805,2020-12-18,3000000,CD Cruz Azul,3711,MEX1,2020
222010,2020-12-18,300000,Puebla FC,5662,MEX1,2020
227404,2020-12-18,3500000,Tigres UANL,7055,MEX1,2020
234227,2020-12-18,3000000,UNAM Pumas,7633,MEX1,2020
236710,2020-12-18,1000000,Deportivo Toluca,1804,MEX1,2020
236734,2020-12-18,1000000,Atlético de San Luis,40188,MEX1,2020
237051,2020-12-18,1800000,Atlético de San Luis,40188,MEX1,2020
240900,2020-12-18,2500000,CF Monterrey,2407,MEX1,2020
242303,2020-12-18,2800000,Mazatlán FC,82696,MEX1,2020
242580,2020-12-18,800000,Santos Laguna,1403,MEX1,2020
243580,2020-12-18,2000000,Atlas Guadalajara,8590,MEX1,2020
244724,2020-12-18,2300000,Club Tijuana,13353,MEX1,2020
248346,2020-12-18,3000000,Club Necaxa,1146,MEX1,2020
249776,2020-12-18,4000000,Santos Laguna,1403,MEX1,2020
249789,2020-12-18,2000000,Deportivo Toluca,1804,MEX1,2020
256866,2020-12-18,5000000,Tigres UANL,7055,MEX1,2020
264133,2020-12-18,1800000,CF América,3631,MEX1,2020
266809,2020-12-18,2800000,UNAM Pumas,7633,MEX1,2020
267753,2020-12-18,3500000,Atlético de San Luis,40188,MEX1,2020
273638,2020-12-18,4500000,Club León FC,4941,MEX1,2020
274963,2020-12-18,2300000,CF América,3631,MEX1,2020
280149,2020-12-18,1500000,UNAM Pumas,7633,MEX1,2020
280379,2020-12-18,400000,CF Monterrey,2407,MEX1,2020
282476,2020-12-18,6000000,CF Monterrey,2407,MEX1,2020
284321,2020-12-18,2500000,Atlas Guadalajara,8590,MEX1,2020
285771,2020-12-18,3500000,CF América,3631,MEX1,2020
285810,2020-12-18,2500000,Puebla FC,5662,MEX1,2020
286339,2020-12-18,3500000,CF América,3631,MEX1,2020
288609,2020-12-18,6000000,CF Monterrey,2407,MEX1,2020
288786,2020-12-18,5000000,UNAM Pumas,7633,MEX1,2020
294894,2020-12-18,1500000,CF América,3631,MEX1,2020
295373,2020-12-18,6000000,CF Pachuca,4035,MEX1,2020
295400,2020-12-18,1800000,Deportivo Guadalajara,1146,MEX1,2020
295424,2020-12-18,3000000,Santos Laguna,1403,MEX1,2020
295426,2020-12-18,800000,Club León FC,4941,MEX1,2020
304870,2020-12-18,1000000,CD Cruz Azul,3711,MEX1,2020
310640,2020-12-18,1800000,Atlético de San Luis,40188,MEX1,2020
310744,2020-12-18,6000000,Santos Laguna,1403,MEX1,2020
311182,2020-12-18,1000000,Querétaro FC,4961,MEX1,2020
312568,2020-12-18,3000000,Atlas Guadalajara,8590,MEX1,2020
315169,2020-12-18,4000000,Atlas Guadalajara,8590,MEX1,2020
322174,2020-12-18,2000000,Club León FC,4941,MEX1,2020
322696,2020-12-18,1500000,UNAM Pumas,7633,MEX1,2020
325598,2020-12-18,6000000,CF Pachuca,4035,MEX1,2020
325600,2020-12-18,2500000,Club Tijuana,13353,MEX1,2020
325602,2020-12-18,400000,Atlético de San Luis,40188,MEX1,2020
331059,2020-12-18,2500000,CF Pachuca,4035,MEX1,2020
332764,2020-12-18,1800000,CF Monterrey,2407,MEX1,2020
332829,2020-12-18,2000000,Tigres UANL,7055,MEX1,2020
334042,2020-12-18,7000000,CD Cruz Azul,3711,MEX1,2020
334499,2020-12-18,200000,CF Monterrey,2407,MEX1,2020
334538,2020-12-18,800000,Club Tijuana,13353,MEX1,2020
334586,2020-12-18,1000000,Club Necaxa,1146,MEX1,2020
335086,2020-12-18,2000000,FC Juárez,49283,MEX1,2020
339758,2020-12-18,1800000,Club Tijuana,13353,MEX1,2020
340179,2020-12-18,800000,CF América,3631,MEX1,2020
344854,2020-12-18,5000000,CF Monterrey,2407,MEX1,2020
347577,2020-12-18,1500000,Club Necaxa,1146,MEX1,2020
349150,2020-12-18,1000000,Club Necaxa,1146,MEX1,2020
351505,2020-12-18,1000000,Club Necaxa,1146,MEX1,2020
353583,2020-12-18,7500000,CD Cruz Azul,3711,MEX1,2020
355998,2020-12-18,4500000,Deportivo Guadalajara,6711,MEX1,2020
356042,2020-12-18,2500000,Santos Laguna,1403,MEX1,2020
356044,2020-12-18,3500000,CF América,3631,MEX1,2020
356089,2020-12-18,2500000,Club Tijuana,13353,MEX1,2020
366143,2020-12-18,4500000,CF Pachuca,4035,MEX1,2020
370861,2020-12-18,800000,Club Tijuana,13353,MEX1,2020
370864,2020-12-18,700000,Mazatlán FC,82696,MEX1,2020
370868,2020-12-18,300000,CF Pachuca,4035,MEX1,2020
370869,2020-12-18,400000,CF Monterrey,2407,MEX1,2020
370875,2020-12-18,2000000,CF Pachuca,4035,MEX1,2020
371168,2020-12-18,1000000,CF Pachuca,4035,MEX1,2020
371169,2020-12-18,400000,Deportivo Toluca,1804,MEX1,2020
371171,2020-12-18,500000,CD Cruz Azul,3711,MEX1,2020
371185,2020-12-18,1000000,Atlas Guadalajara,8590,MEX1,2020
384368,2020-12-18,400000,Club Tijuana,13353,MEX1,2020
387687,2020-12-18,6000000,CF Monterrey,2407,MEX1,2020
397003,2020-12-18,2500000,UNAM Pumas,7633,MEX1,2020
397680,2020-12-18,1400000,Deportivo Guadalajara,6711,MEX1,2020
400171,2020-12-18,1000000,Santos Laguna,1403,MEX1,2020
400173,2020-12-18,2500000,Santos Laguna,1403,MEX1,2020
400194,2020-12-18,200000,Mazatlán FC,82696,MEX1,2020
400208,2020-12-18,400000,Tigres UANL,7055,MEX1,2020
401311,2020-12-18,1800000,Santos Laguna,1403,MEX1,2020
401340,2020-12-18,600000,CF Pachuca,4035,MEX1,2020
401344,2020-12-18,2000000,UNAM Pumas,7633,MEX1,2020
401349,2020-12-18,500000,Atlas Guadalajara,8590,MEX1,2020
401355,2020-12-18,200000,Santos Laguna,1403,MEX1,2020
401572,2020-12-18,3500000,Atlético de San Luis,40188,MEX1,2020
408534,2020-12-18,3500000,Deportivo Guadalajara,6711,MEX1,2020
411709,2020-12-18,3500000,Deportivo Guadalajara,6711,MEX1,2020
416083,2020-12-18,600000,Atlas Guadalajara,8590,MEX1,2020
416090,2020-12-18,2500000,Tigres UANL,7055,MEX1,2020
421920,2020-12-18,100000,CD Cruz Azul,3711,MEX1,2020
423619,2020-12-18,2000000,Club Necaxa,1146,MEX1,2020
424689,2020-12-18,4500000,Deportivo Guadalajara,6711,MEX1,2020
426324,2020-12-18,2000000,Club Tijuana,13353,MEX1,2020
427203,2020-12-18,800000,Atlas Guadalajara,8590,MEX1,2020
430021,2020-12-18,800000,Club Tijuana,13353,MEX1,2020
431533,2020-12-18,4000000,CF América,3631,MEX1,2020
431703,2020-12-18,2000000,Club Tijuana,13353,MEX1,2020
433962,2020-12-18,100000,Club Tijuana,13353,MEX1,2020
442231,2020-12-18,1500000,Club Necaxa,1146,MEX1,2020
448414,2020-12-18,1000000,Deportivo Toluca,1804,MEX1,2020
450406,2020-12-18,2000000,CD Cruz Azul,3711,MEX1,2020
465647,2020-12-18,200000,Tigres UANL,7055,MEX1,2020
468174,2020-12-18,1500000,Santos Laguna,1403,MEX1,2020
491603,2020-12-18,500000,FC Juárez,49283,MEX1,2020
532389,2020-12-18,3500000,CF América,3631,MEX1,2020
532937,2020-12-18,5000000,UNAM Pumas,7633,MEX1,2020
532938,2020-12-18,6000000,CD Cruz Azul,3711,MEX1,2020
534620,2020-12-18,7500000,CF Monterrey,2407,MEX1,2020
539067,2020-12-18,2000000,Mazatlán FC,82696,MEX1,2020
540315,2020-12-18,1500000,Mazatlán FC,82696,MEX1,2020
546047,2020-12-18,10000000,Deportivo Guadalajara,6711,MEX1,2020
549294,2020-12-18,3500000,Deportivo Guadalajara,6711,MEX1,2020
549361,2020-12-18,1800000,Club León FC,4941,MEX1,2020
552948,2020-12-18,200000,CF Pachuca,4035,MEX1,2020
552955,2020-12-18,2500000,CD Cruz Azul,3711,MEX1,2020
552960,2020-12-18,1500000,Club Tijuana,13353,MEX1,2020
553816,2020-12-18,300000,Tigres UANL,7055,MEX1,2020
557070,2020-12-18,700000,Puebla FC,5662,MEX1,2020
559602,2020-12-18,200000,Querétaro FC,4961,MEX1,2020
565818,2020-12-18,500000,Querétaro FC,4961,MEX1,2020
570547,2020-12-18,400000,FC Juárez,49283,MEX1,2020
570550,2020-12-18,300000,Atlas Guadalajara,8590,MEX1,2020
572044,2020-12-18,1800000,Mazatlán FC,82696,MEX1,2020
572675,2020-12-18,500000,Puebla FC,5662,MEX1,2020
572705,2020-12-18,3000000,CF Pachuca,4035,MEX1,2020
578419,2020-12-18,4500000,CF América,3631,MEX1,2020
596929,2020-12-18,3000000,Deportivo Guadalajara,6711,MEX1,2020
597727,2020-12-18,200000,Mazatlán FC,82696,MEX1,2020
597728,2020-12-18,4000000,Club Tijuana,13353,MEX1,2020
599569,2020-12-18,1800000,Club Tijuana,13353,MEX1,2020
599732,2020-12-18,500000,Deportivo Toluca,1804,MEX1,2020
599909,2020-12-18,600000,CF América,3631,MEX1,2020
600905,2020-12-18,500000,Tigres UANL,7055,MEX1,2020
602324,2020-12-18,1800000,UNAM Pumas,7633,MEX1,2020
614303,2020-12-18,2000000,Deportivo Toluca,1804,MEX1,2020
661481,2020-12-18,200000,CF Pachuca,4035,MEX1,2020
686444,2020-12-18,2000000,Club Tijuana,13353,MEX1,2020
687558,2020-12-18,200000,Puebla FC,5662,MEX1,2020
51046,2020-12-31,2500000,Al-Gharafa SC,2407,MEX1,2020
85324,2021-01-08,3000000,CD Leganés,4035,MEX1,2021
181781,2021-01-12,1000000,Grasshopper Club Zurich,40188,MEX1,2021
441477,2021-01-28,1000000,FC Famalicão,4961,MEX1,2021
512913,2021-01-28,4000000,CD Cruz Azul,3711,MEX1,2021
580142,2021-04-10,100000,Montevideo City Torque,13353,MEX1,2021
694157,2021-04-10,50000,Unknown,13353,MEX1,2021
29559,2021-04-21,1800000,CF América,3631,MEX1,2021
30677,2021-04-21,1200000,CF Pachuca,4035,MEX1,2021
43907,2021-04-21,2000000,Tigres UANL,7055,MEX1,2021
51546,2021-04-21,700000,Querétaro FC,4961,MEX1,2021
53180,2021-04-21,1400000,CD Cruz Azul,3711,MEX1,2021
63333,2021-04-21,500000,Club León FC,4941,MEX1,2021
67917,2021-04-21,3500000,Tigres UANL,7055,MEX1,2021
71401,2021-04-21,1800000,Club León FC,4941,MEX1,2021
74113,2021-04-21,2000000,Atlas Guadalajara,8590,MEX1,2021
74421,2021-04-21,1800000,Club León FC,4941,MEX1,2021
74440,2021-04-21,800000,FC Juárez,49283,MEX1,2021
76924,2021-04-21,1800000,CF Pachuca,4035,MEX1,2021
87518,2021-04-21,1500000,Atlas Guadalajara,8590,MEX1,2021
87859,2021-04-21,2000000,Tigres UANL,7055,MEX1,2021
94880,2021-04-21,2500000,CD Cruz Azul,3711,MEX1,2021
102699,2021-04-21,700000,Atlético de San Luis,40188,MEX1,2021
105899,2021-04-21,3500000,Tigres UANL,7055,MEX1,2021
107444,2021-04-21,1800000,Deportivo Guadalajara,6711,MEX1,2021
107503,2021-04-21,2000000,Atlas Guadalajara,8590,MEX1,2021
111082,2021-04-21,2500000,Tigres UANL,7055,MEX1,2021
125275,2021-04-21,400000,CF América,3631,MEX1,2021
125513,2021-04-21,800000,Mazatlán FC,82696,MEX1,2021
129031,2021-04-21,2000000,CF Monterrey,2407,MEX1,2021
131074,2021-04-21,1500000,Deportivo Guadalajara,6711,MEX1,2021
131090,2021-04-21,1800000,Tigres UANL,7055,MEX1,2021
131093,2021-04-21,4000000,CF Monterrey,2407,MEX1,2021
131233,2021-04-21,1500000,Club Tijuana,13353,MEX1,2021
131248,2021-04-21,2000000,Club León FC,4941,MEX1,2021
135082,2021-04-21,6000000,CF Monterrey,2407,MEX1,2021
135851,2021-04-21,800000,Querétaro FC,4961,MEX1,2021
137840,2021-04-21,3000000,Club León FC,4941,MEX1,2021
142745,2021-04-21,1500000,Atlas Guadalajara,8590,MEX1,2021
148713,2021-04-21,1200000,CF Monterrey,2407,MEX1,2021
155054,2021-04-21,1800000,Atlético de San Luis,40188,MEX1,2021
158327,2021-04-21,500000,UNAM Pumas,7633,MEX1,2021
160700,2021-04-21,1500000,Querétaro FC,4961,MEX1,2021
164749,2021-04-21,1800000,Atlético de San Luis,40188,MEX1,2021
175445,2021-04-21,2500000,Club Necaxa,1146,MEX1,2021
181781,2021-04-21,600000,Grasshopper Club Zurich,40188,MEX1,2021
185012,2021-04-21,3500000,CF Monterrey,2407,MEX1,2021
188491,2021-04-21,2500000,Tigres UANL,7055,MEX1,2021
189410,2021-04-21,600000,Club Necaxa,1146,MEX1,2021
207015,2021-04-21,4500000,CF Monterrey,2407,MEX1,2021
212699,2021-04-21,2000000,Club León FC,4941,MEX1,2021
213841,2021-04-21,5000000,Santos Laguna,1403,MEX1,2021
220647,2021-04-21,3000000,CD Cruz Azul,3711,MEX1,2021
221805,2021-04-21,3500000,CD Cruz Azul,3711,MEX1,2021
222010,2021-04-21,300000,Puebla FC,5662,MEX1,2021
227404,2021-04-21,3500000,Tigres UANL,7055,MEX1,2021
234227,2021-04-21,2500000,UNAM Pumas,7633,MEX1,2021
236710,2021-04-21,1500000,Deportivo Toluca,1804,MEX1,2021
236734,2021-04-21,1500000,Atlético de San Luis,40188,MEX1,2021
237051,2021-04-21,1800000,CF Pachuca,4035,MEX1,2021
240900,2021-04-21,3500000,CF Monterrey,2407,MEX1,2021
242303,2021-04-21,3000000,Atlas Guadalajara,8590,MEX1,2021
242580,2021-04-21,700000,Santos Laguna,1403,MEX1,2021
243580,2021-04-21,1200000,Atlas Guadalajara,8590,MEX1,2021
244724,2021-04-21,1800000,Club Tijuana,13353,MEX1,2021
248346,2021-04-21,3000000,Deportivo Toluca,1804,MEX1,2021
249776,2021-04-21,4000000,Santos Laguna,1403,MEX1,2021
249789,2021-04-21,4000000,Deportivo Toluca,1804,MEX1,2021
256866,2021-04-21,6000000,Tigres UANL,7055,MEX1,2021
261503,2021-04-21,1000000,CF América,3631,MEX1,2021
264133,2021-04-21,1500000,Atlas Guadalajara,8590,MEX1,2021
266809,2021-04-21,2800000,UNAM Pumas,7633,MEX1,2021
267753,2021-04-21,4500000,Atlético de San Luis,40188,MEX1,2021
273130,2021-04-21,500000,Atlético de San Luis,40188,MEX1,2021
273638,2021-04-21,7000000,CF América,3631,MEX1,2021
274963,2021-04-21,2300000,Club León FC,4941,MEX1,2021
280149,2021-04-21,1500000,UNAM Pumas,7633,MEX1,2021
280379,2021-04-21,400000,CF Monterrey,2407,MEX1,2021
282476,2021-04-21,6000000,CF Monterrey,2407,MEX1,2021
285771,2021-04-21,3000000,CF América,3631,MEX1,2021
285810,2021-04-21,3500000,Puebla FC,5662,MEX1,2021
286339,2021-04-21,4000000,CF América,3631,MEX1,2021
288609,2021-04-21,6000000,CF Monterrey,2407,MEX1,2021
288786,2021-04-21,5000000,UNAM Pumas,7633,MEX1,2021
294894,2021-04-21,1500000,CF América,3631,MEX1,2021
295373,2021-04-21,6000000,CF Pachuca,4035,MEX1,2021
295400,2021-04-21,1800000,Deportivo Guadalajara,1146,MEX1,2021
295424,2021-04-21,2500000,Santos Laguna,1403,MEX1,2021
295426,2021-04-21,1500000,Club León FC,4941,MEX1,2021
310744,2021-04-21,7500000,Santos Laguna,1403,MEX1,2021
311182,2021-04-21,1000000,Querétaro FC,4961,MEX1,2021
312568,2021-04-21,3500000,Atlas Guadalajara,8590,MEX1,2021
322174,2021-04-21,2500000,Club León FC,4941,MEX1,2021
322696,2021-04-21,1500000,UNAM Pumas,7633,MEX1,2021
325598,2021-04-21,4500000,CF Pachuca,4035,MEX1,2021
325600,2021-04-21,2500000,CF América,3631,MEX1,2021
325602,2021-04-21,400000,Atlético de San Luis,40188,MEX1,2021
331059,2021-04-21,3000000,CF Pachuca,4035,MEX1,2021
332764,2021-04-21,1800000,CF Monterrey,2407,MEX1,2021
332829,2021-04-21,1500000,Tigres UANL,7055,MEX1,2021
334042,2021-04-21,7500000,CD Cruz Azul,3711,MEX1,2021
334538,2021-04-21,500000,CF América,3631,MEX1,2021
334586,2021-04-21,800000,Atlético de San Luis,40188,MEX1,2021
335086,2021-04-21,2000000,FC Juárez,49283,MEX1,2021
339758,2021-04-21,1500000,Club Tijuana,13353,MEX1,2021
340179,2021-04-21,800000,CF América,3631,MEX1,2021
344854,2021-04-21,5000000,CF Monterrey,2407,MEX1,2021
347577,2021-04-21,1500000,Atlético de San Luis,40188,MEX1,2021
347932,2021-04-21,700000,Puebla FC,5662,MEX1,2021
348264,2021-04-21,600000,Puebla FC,5662,MEX1,2021
349150,2021-04-21,800000,Club Necaxa,1146,MEX1,2021
351505,2021-04-21,1500000,Club Necaxa,1146,MEX1,2021
353583,2021-04-21,7500000,CD Cruz Azul,3711,MEX1,2021
355998,2021-04-21,4500000,Deportivo Guadalajara,6711,MEX1,2021
356042,2021-04-21,4000000,Santos Laguna,1403,MEX1,2021
356044,2021-04-21,5000000,CF América,3631,MEX1,2021
356089,2021-04-21,2500000,Club Tijuana,13353,MEX1,2021
366143,2021-04-21,4500000,Club León FC,4941,MEX1,2021
370861,2021-04-21,700000,Club Tijuana,13353,MEX1,2021
370864,2021-04-21,700000,Mazatlán FC,82696,MEX1,2021
370868,2021-04-21,300000,CF Pachuca,4035,MEX1,2021
370869,2021-04-21,400000,CF Monterrey,2407,MEX1,2021
370875,2021-04-21,3000000,CF Pachuca,4035,MEX1,2021
371168,2021-04-21,1000000,CF Pachuca,4035,MEX1,2021
371169,2021-04-21,400000,Deportivo Toluca,1804,MEX1,2021
371171,2021-04-21,500000,CD Cruz Azul,3711,MEX1,2021
371185,2021-04-21,2000000,Atlas Guadalajara,8590,MEX1,2021
384368,2021-04-21,300000,CF América,3631,MEX1,2021
387687,2021-04-21,6000000,CF Monterrey,2407,MEX1,2021
395122,2021-04-21,1500000,Club León FC,4941,MEX1,2021
397003,2021-04-21,2500000,UNAM Pumas,7633,MEX1,2021
397680,2021-04-21,1400000,CD Cruz Azul,3711,MEX1,2021
400171,2021-04-21,1000000,Santos Laguna,1403,MEX1,2021
400173,2021-04-21,3500000,Santos Laguna,1403,MEX1,2021
400194,2021-04-21,200000,Mazatlán FC,82696,MEX1,2021
400208,2021-04-21,400000,Tigres UANL,7055,MEX1,2021
401311,2021-04-21,1500000,Atlas Guadalajara,8590,MEX1,2021
401340,2021-04-21,500000,CF Pachuca,4035,MEX1,2021
401344,2021-04-21,2500000,Deportivo Guadalajara,6711,MEX1,2021
401349,2021-04-21,500000,Atlas Guadalajara,8590,MEX1,2021
401355,2021-04-21,700000,Santos Laguna,1403,MEX1,2021
401572,2021-04-21,3500000,Atlético de San Luis,40188,MEX1,2021
408534,2021-04-21,2500000,Deportivo Guadalajara,6711,MEX1,2021
411709,2021-04-21,3000000,Deportivo Guadalajara,6711,MEX1,2021
416083,2021-04-21,1500000,Atlas Guadalajara,8590,MEX1,2021
416090,2021-04-21,2000000,Tigres UANL,7055,MEX1,2021
419457,2021-04-21,600000,Atlas Guadalajara,8590,MEX1,2021
421920,2021-04-21,100000,CD Cruz Azul,3711,MEX1,2021
423619,2021-04-21,2000000,Club Necaxa,1146,MEX1,2021
424689,2021-04-21,5000000,Deportivo Guadalajara,6711,MEX1,2021
426324,2021-04-21,2500000,Club Tijuana,13353,MEX1,2021
427203,2021-04-21,800000,Atlas Guadalajara,8590,MEX1,2021
430021,2021-04-21,700000,Club Tijuana,13353,MEX1,2021
431533,2021-04-21,5000000,CF América,3631,MEX1,2021
431703,2021-04-21,2000000,Deportivo Toluca,1804,MEX1,2021
433962,2021-04-21,100000,Club Tijuana,13353,MEX1,2021
442231,2021-04-21,1500000,Club Necaxa,1146,MEX1,2021
448414,2021-04-21,800000,CF América,3631,MEX1,2021
450406,2021-04-21,2000000,CD Cruz Azul,3711,MEX1,2021
465647,2021-04-21,200000,Tigres UANL,7055,MEX1,2021
468174,2021-04-21,2000000,Santos Laguna,1403,MEX1,2021
490621,2021-04-21,600000,CF Pachuca,4035,MEX1,2021
491603,2021-04-21,500000,FC Juárez,49283,MEX1,2021
532389,2021-04-21,6000000,CF América,3631,MEX1,2021
532937,2021-04-21,6000000,UNAM Pumas,7633,MEX1,2021
532938,2021-04-21,8000000,CD Cruz Azul,3711,MEX1,2021
534620,2021-04-21,7500000,CF Monterrey,2407,MEX1,2021
539067,2021-04-21,3000000,Mazatlán FC,82696,MEX1,2021
540315,2021-04-21,1500000,Deportivo Guadalajara,6711,MEX1,2021
546047,2021-04-21,10000000,Deportivo Guadalajara,6711,MEX1,2021
549294,2021-04-21,3000000,Deportivo Guadalajara,6711,MEX1,2021
549361,2021-04-21,1500000,Club León FC,4941,MEX1,2021
552955,2021-04-21,2500000,CD Cruz Azul,3711,MEX1,2021
552960,2021-04-21,1000000,Tigres UANL,7055,MEX1,2021
553816,2021-04-21,200000,Tigres UANL,7055,MEX1,2021
557070,2021-04-21,2000000,Puebla FC,5662,MEX1,2021
559602,2021-04-21,300000,Querétaro FC,4961,MEX1,2021
565818,2021-04-21,500000,Querétaro FC,4961,MEX1,2021
570431,2021-04-21,300000,CF Monterrey,2407,MEX1,2021
570547,2021-04-21,400000,FC Juárez,49283,MEX1,2021
570550,2021-04-21,300000,Atlas Guadalajara,8590,MEX1,2021
572044,2021-04-21,1800000,Mazatlán FC,82696,MEX1,2021
572675,2021-04-21,800000,Puebla FC,5662,MEX1,2021
572705,2021-04-21,2500000,CF Pachuca,4035,MEX1,2021
578419,2021-04-21,4000000,CF América,3631,MEX1,2021
596906,2021-04-21,1500000,Deportivo Guadalajara,6711,MEX1,2021
596929,2021-04-21,3000000,Deportivo Guadalajara,6711,MEX1,2021
597727,2021-04-21,200000,Mazatlán FC,82696,MEX1,2021
597728,2021-04-21,2500000,Club Tijuana,13353,MEX1,2021
599569,2021-04-21,1800000,Club Tijuana,13353,MEX1,2021
599732,2021-04-21,1000000,Deportivo Toluca,1804,MEX1,2021
599909,2021-04-21,600000,CF América,3631,MEX1,2021
600905,2021-04-21,600000,Tigres UANL,7055,MEX1,2021
602324,2021-04-21,2000000,UNAM Pumas,7633,MEX1,2021
614303,2021-04-21,1500000,CF Monterrey,2407,MEX1,2021
629006,2021-04-21,500000,Atlas Guadalajara,8590,MEX1,2021
661481,2021-04-21,200000,CF Pachuca,4035,MEX1,2021
686444,2021-04-21,2000000,Club Tijuana,13353,MEX1,2021
687558,2021-04-21,500000,Puebla FC,5662,MEX1,2021
690469,2021-04-21,300000,UNAM Pumas,7633,MEX1,2021
700503,2021-04-21,1500000,CF América,3631,MEX1,2021
704554,2021-04-21,1500000,Santos Laguna,1403,MEX1,2021
737125,2021-04-21,2000000,Atlas Guadalajara,8590,MEX1,2021
854454,2021-04-21,800000,Santos Laguna,1403,MEX1,2021
441477,2021-05-21,800000,FC Famalicão,4961,MEX1,2021
704553,2021-06-04,300000,LOSC Lille,7055,MEX1,2021
74113,2021-06-11,2000000,Atlas Guadalajara,8590,MEX1,2021
94880,2021-06-11,2500000,CD Cruz Azul,3711,MEX1,2021
131093,2021-06-11,4000000,CF Monterrey,2407,MEX1,2021
137840,2021-06-11,2500000,Club León FC,4941,MEX1,2021
142745,2021-06-11,1500000,Atlas Guadalajara,8590,MEX1,2021
248346,2021-06-11,4000000,Deportivo Toluca,1804,MEX1,2021
273638,2021-06-11,7000000,CF América,3631,MEX1,2021
288609,2021-06-11,6000000,CF Monterrey,2407,MEX1,2021
310744,2021-06-11,8000000,Santos Laguna,1403,MEX1,2021
468174,2021-06-11,3000000,Santos Laguna,1403,MEX1,2021
181781,2021-06-23,600000,Grasshopper Club Zurich,40188,MEX1,2021
85324,2021-06-24,2000000,CD Leganés,4035,MEX1,2021
135082,2021-08-13,6500000,CF Monterrey,2407,MEX1,2021
334042,2021-08-13,8000000,CD Cruz Azul,3711,MEX1,2021
580142,2021-09-10,100000,Montevideo City Torque,13353,MEX1,2021
694157,2021-09-10,50000,Unknown,13353,MEX1,2021
29559,2021-10-15,1800000,CF América,3631,MEX1,2021
30677,2021-10-15,1200000,CF Pachuca,4035,MEX1,2021
43907,2021-10-15,1500000,Tigres UANL,7055,MEX1,2021
51046,2021-10-15,1500000,CF Monterrey,2407,MEX1,2021
51546,2021-10-15,700000,Querétaro FC,4961,MEX1,2021
53180,2021-10-15,1400000,CD Cruz Azul,3711,MEX1,2021
63333,2021-10-15,500000,Club León FC,4941,MEX1,2021
67917,2021-10-15,3000000,Tigres UANL,7055,MEX1,2021
71401,2021-10-15,1500000,Club León FC,4941,MEX1,2021
74113,2021-10-15,2000000,Atlas Guadalajara,8590,MEX1,2021
74421,2021-10-15,1800000,Club León FC,4941,MEX1,2021
76924,2021-10-15,1000000,Deportivo Toluca,1804,MEX1,2021
87859,2021-10-15,1800000,Tigres UANL,7055,MEX1,2021
94880,2021-10-15,2500000,CD Cruz Azul,3711,MEX1,2021
102699,2021-10-15,700000,FC Juárez,49283,MEX1,2021
105899,2021-10-15,3500000,Tigres UANL,7055,MEX1,2021
107444,2021-10-15,2500000,Deportivo Guadalajara,6711,MEX1,2021
107503,2021-10-15,2500000,Atlas Guadalajara,8590,MEX1,2021
111082,2021-10-15,2500000,Tigres UANL,7055,MEX1,2021
125275,2021-10-15,600000,CF América,3631,MEX1,2021
125513,2021-10-15,900000,Mazatlán FC,82696,MEX1,2021
129031,2021-10-15,2000000,FC Juárez,49283,MEX1,2021
131074,2021-10-15,1500000,Deportivo Guadalajara,6711,MEX1,2021
131090,2021-10-15,2500000,Tigres UANL,7055,MEX1,2021
131093,2021-10-15,4000000,CF Monterrey,2407,MEX1,2021
131233,2021-10-15,1500000,Club Tijuana,13353,MEX1,2021
131248,2021-10-15,2000000,CF Monterrey,2407,MEX1,2021
135082,2021-10-15,6500000,CF Monterrey,2407,MEX1,2021
135851,2021-10-15,700000,Querétaro FC,4961,MEX1,2021
137840,2021-10-15,2500000,Club León FC,4941,MEX1,2021
142745,2021-10-15,2800000,Atlas Guadalajara,8590,MEX1,2021
148713,2021-10-15,1200000,CF Pachuca,4035,MEX1,2021
158327,2021-10-15,600000,UNAM Pumas,7633,MEX1,2021
160700,2021-10-15,1500000,Club Necaxa,1146,MEX1,2021
164749,2021-10-15,2000000,Atlético de San Luis,40188,MEX1,2021
175445,2021-10-15,3500000,Atlético de San Luis,40188,MEX1,2021
184892,2021-10-15,14000000,Tigres UANL,7055,MEX1,2021
185012,2021-10-15,5000000,CF Monterrey,2407,MEX1,2021
187211,2021-10-15,700000,Mazatlán FC,82696,MEX1,2021
188491,2021-10-15,2000000,Tigres UANL,7055,MEX1,2021
189410,2021-10-15,1000000,Club Necaxa,1146,MEX1,2021
207015,2021-10-15,4000000,CF Monterrey,2407,MEX1,2021
212699,2021-10-15,3000000,Club León FC,4941,MEX1,2021
213841,2021-10-15,7000000,Santos Laguna,1403,MEX1,2021
220647,2021-10-15,3000000,CD Cruz Azul,3711,MEX1,2021
221075,2021-10-15,700000,Querétaro FC,4961,MEX1,2021
221805,2021-10-15,3500000,CD Cruz Azul,3711,MEX1,2021
222010,2021-10-15,300000,Puebla FC,5662,MEX1,2021
227404,2021-10-15,3000000,Tigres UANL,7055,MEX1,2021
227781,2021-10-15,800000,Club Tijuana,13353,MEX1,2021
234227,2021-10-15,2500000,Tigres UANL,7055,MEX1,2021
236710,2021-10-15,1500000,Deportivo Toluca,1804,MEX1,2021
237051,2021-10-15,1800000,CF Pachuca,4035,MEX1,2021
240900,2021-10-15,3500000,CF Monterrey,2407,MEX1,2021
242303,2021-10-15,3500000,Atlas Guadalajara,8590,MEX1,2021
242580,2021-10-15,700000,Santos Laguna,1403,MEX1,2021
243580,2021-10-15,1000000,Atlas Guadalajara,8590,MEX1,2021
244724,2021-10-15,1800000,FC Juárez,49283,MEX1,2021
248346,2021-10-15,4000000,Deportivo Toluca,1804,MEX1,2021
249776,2021-10-15,6000000,Santos Laguna,1403,MEX1,2021
249789,2021-10-15,4000000,Deportivo Toluca,1804,MEX1,2021
256866,2021-10-15,5000000,Tigres UANL,7055,MEX1,2021
259930,2021-10-15,2000000,FC Juárez,49283,MEX1,2021
261503,2021-10-15,3500000,CF América,3631,MEX1,2021
264133,2021-10-15,2500000,Atlas Guadalajara,8590,MEX1,2021
266809,2021-10-15,2800000,UNAM Pumas,7633,MEX1,2021
267753,2021-10-15,4500000,CF Pachuca,4035,MEX1,2021
273638,2021-10-15,7500000,CF América,3631,MEX1,2021
274963,2021-10-15,2300000,Club Necaxa,1146,MEX1,2021
280149,2021-10-15,1200000,UNAM Pumas,7633,MEX1,2021
280379,2021-10-15,400000,CF Monterrey,2407,MEX1,2021
282476,2021-10-15,8000000,CF Monterrey,2407,MEX1,2021
285771,2021-10-15,3500000,CF América,3631,MEX1,2021
285810,2021-10-15,3500000,Club León FC,4941,MEX1,2021
286339,2021-10-15,4500000,CF América,3631,MEX1,2021
288609,2021-10-15,6000000,CF Monterrey,2407,MEX1,2021
288786,2021-10-15,4000000,UNAM Pumas,7633,MEX1,2021
294894,2021-10-15,1500000,CF América,3631,MEX1,2021
295373,2021-10-15,6000000,CF Monterrey,2407,MEX1,2021
295400,2021-10-15,2000000,Deportivo Guadalajara,1146,MEX1,2021
295424,2021-10-15,2000000,Santos Laguna,1403,MEX1,2021
295426,2021-10-15,2500000,Club León FC,4941,MEX1,2021
310744,2021-10-15,8000000,Santos Laguna,1403,MEX1,2021
311182,2021-10-15,1200000,Querétaro FC,4961,MEX1,2021
312568,2021-10-15,4000000,Atlas Guadalajara,8590,MEX1,2021
322174,2021-10-15,2500000,Club León FC,4941,MEX1,2021
322696,2021-10-15,1500000,Atlético de San Luis,40188,MEX1,2021
325598,2021-10-15,4500000,CF Pachuca,4035,MEX1,2021
325600,2021-10-15,2500000,CF América,3631,MEX1,2021
331059,2021-10-15,3000000,CF Pachuca,4035,MEX1,2021
332764,2021-10-15,1500000,Club Necaxa,1146,MEX1,2021
332829,2021-10-15,1000000,Tigres UANL,7055,MEX1,2021
334042,2021-10-15,9000000,CD Cruz Azul,3711,MEX1,2021
334538,2021-10-15,500000,CF América,3631,MEX1,2021
334586,2021-10-15,1000000,CD Cruz Azul,3711,MEX1,2021
335086,2021-10-15,2500000,FC Juárez,49283,MEX1,2021
337670,2021-10-15,1500000,Santos Laguna,1403,MEX1,2021
339758,2021-10-15,1500000,Querétaro FC,4961,MEX1,2021
344854,2021-10-15,4000000,CF Monterrey,2407,MEX1,2021
347577,2021-10-15,1500000,Atlético de San Luis,40188,MEX1,2021
347932,2021-10-15,700000,Puebla FC,5662,MEX1,2021
348264,2021-10-15,800000,Puebla FC,5662,MEX1,2021
349150,2021-10-15,700000,Club Necaxa,1146,MEX1,2021
351505,2021-10-15,3000000,Club Necaxa,1146,MEX1,2021
352552,2021-10-15,1000000,FC Juárez,49283,MEX1,2021
353583,2021-10-15,7000000,CD Cruz Azul,3711,MEX1,2021
355998,2021-10-15,4500000,Deportivo Guadalajara,6711,MEX1,2021
356042,2021-10-15,5000000,Santos Laguna,1403,MEX1,2021
356044,2021-10-15,5000000,CF América,3631,MEX1,2021
356089,2021-10-15,1800000,Club Tijuana,13353,MEX1,2021
366143,2021-10-15,4000000,Club León FC,4941,MEX1,2021
370861,2021-10-15,500000,Club Tijuana,13353,MEX1,2021
370864,2021-10-15,1000000,Mazatlán FC,82696,MEX1,2021
370868,2021-10-15,300000,Atlético de San Luis,40188,MEX1,2021
370869,2021-10-15,400000,CF Monterrey,2407,MEX1,2021
370875,2021-10-15,4000000,CF Pachuca,4035,MEX1,2021
371168,2021-10-15,1000000,CF Pachuca,4035,MEX1,2021
371169,2021-10-15,2000000,Deportivo Toluca,1804,MEX1,2021
371171,2021-10-15,500000,CD Cruz Azul,3711,MEX1,2021
371185,2021-10-15,2500000,Atlas Guadalajara,8590,MEX1,2021
380996,2021-10-15,3000000,Club Tijuana,13353,MEX1,2021
384368,2021-10-15,800000,Mazatlán FC,82696,MEX1,2021
387687,2021-10-15,7000000,CF Monterrey,2407,MEX1,2021
395122,2021-10-15,2500000,Club León FC,4941,MEX1,2021
397003,2021-10-15,2300000,UNAM Pumas,7633,MEX1,2021
397680,2021-10-15,1400000,CD Cruz Azul,3711,MEX1,2021
400171,2021-10-15,2000000,Santos Laguna,1403,MEX1,2021
400173,2021-10-15,3500000,Santos Laguna,1403,MEX1,2021
400208,2021-10-15,500000,Tigres UANL,7055,MEX1,2021
401311,2021-10-15,1000000,Atlas Guadalajara,8590,MEX1,2021
401340,2021-10-15,500000,CF Pachuca,4035,MEX1,2021
401344,2021-10-15,2800000,Deportivo Guadalajara,6711,MEX1,2021
401349,2021-10-15,500000,Atlas Guadalajara,8590,MEX1,2021
401355,2021-10-15,1000000,Santos Laguna,1403,MEX1,2021
401572,2021-10-15,5000000,Atlético de San Luis,40188,MEX1,2021
408534,2021-10-15,2000000,Deportivo Guadalajara,6711,MEX1,2021
411709,2021-10-15,3000000,Deportivo Guadalajara,6711,MEX1,2021
413658,2021-10-15,4000000,CF Monterrey,2407,MEX1,2021
416083,2021-10-15,2500000,Atlas Guadalajara,8590,MEX1,2021
416090,2021-10-15,4000000,Atlas Guadalajara,8590,MEX1,2021
419457,2021-10-15,500000,Atlas Guadalajara,8590,MEX1,2021
421920,2021-10-15,100000,CD Cruz Azul,3711,MEX1,2021
423619,2021-10-15,3000000,Club Necaxa,1146,MEX1,2021
424689,2021-10-15,6500000,Deportivo Guadalajara,6711,MEX1,2021
426324,2021-10-15,2500000,Club Tijuana,13353,MEX1,2021
427203,2021-10-15,1000000,Atlas Guadalajara,8590,MEX1,2021
430021,2021-10-15,800000,Club Tijuana,13353,MEX1,2021
431533,2021-10-15,7000000,CF América,3631,MEX1,2021
431703,2021-10-15,2500000,Deportivo Toluca,1804,MEX1,2021
433962,2021-10-15,300000,Club Tijuana,13353,MEX1,2021
441385,2021-10-15,3500000,Atlas Guadalajara,8590,MEX1,2021
442231,2021-10-15,1500000,Club Necaxa,1146,MEX1,2021
446106,2021-10-15,1500000,Atlético de San Luis,40188,MEX1,2021
448414,2021-10-15,800000,Club Necaxa,1146,MEX1,2021
450406,2021-10-15,1500000,CD Cruz Azul,3711,MEX1,2021
465647,2021-10-15,200000,Tigres UANL,7055,MEX1,2021
468174,2021-10-15,5000000,Santos Laguna,1403,MEX1,2021
471988,2021-10-15,1000000,Club Necaxa,1146,MEX1,2021
490621,2021-10-15,600000,CF Pachuca,4035,MEX1,2021
491603,2021-10-15,500000,FC Juárez,49283,MEX1,2021
495116,2021-10-15,800000,Atlético de San Luis,40188,MEX1,2021
504104,2021-10-15,400000,Atlas Guadalajara,8590,MEX1,2021
514120,2021-10-15,2500000,Atlético de San Luis,40188,MEX1,2021
520405,2021-10-15,2500000,Deportivo Toluca,1804,MEX1,2021
532389,2021-10-15,6000000,CF América,3631,MEX1,2021
532938,2021-10-15,10000000,CD Cruz Azul,3711,MEX1,2021
534620,2021-10-15,10000000,CF Monterrey,2407,MEX1,2021
539067,2021-10-15,3000000,Mazatlán FC,82696,MEX1,2021
540306,2021-10-15,100000,CF Monterrey,2407,MEX1,2021
540315,2021-10-15,1200000,Deportivo Guadalajara,6711,MEX1,2021
547443,2021-10-15,1000000,FC Juárez,49283,MEX1,2021
549294,2021-10-15,2500000,Deportivo Guadalajara,6711,MEX1,2021
549361,2021-10-15,2500000,Club León FC,4941,MEX1,2021
549419,2021-10-15,700000,FC Juárez,49283,MEX1,2021
552955,2021-10-15,4000000,CD Cruz Azul,3711,MEX1,2021
552960,2021-10-15,1000000,Tigres UANL,7055,MEX1,2021
553816,2021-10-15,300000,Tigres UANL,7055,MEX1,2021
557070,2021-10-15,3500000,CF América,3631,MEX1,2021
560312,2021-10-15,300000,Club León FC,4941,MEX1,2021
570431,2021-10-15,500000,CF Monterrey,2407,MEX1,2021
570547,2021-10-15,700000,Mazatlán FC,82696,MEX1,2021
570550,2021-10-15,300000,Atlas Guadalajara,8590,MEX1,2021
572675,2021-10-15,1500000,Puebla FC,5662,MEX1,2021
572705,2021-10-15,3500000,CF Pachuca,4035,MEX1,2021
577260,2021-10-15,800000,Club Necaxa,1146,MEX1,2021
578419,2021-10-15,3500000,CF América,3631,MEX1,2021
589363,2021-10-15,1500000,Club Necaxa,1146,MEX1,2021
596906,2021-10-15,2500000,Deportivo Guadalajara,6711,MEX1,2021
596929,2021-10-15,3000000,Deportivo Guadalajara,6711,MEX1,2021
597092,2021-10-15,300000,Mazatlán FC,82696,MEX1,2021
597727,2021-10-15,200000,Mazatlán FC,82696,MEX1,2021
597728,2021-10-15,2000000,Club Tijuana,13353,MEX1,2021
599331,2021-10-15,500000,Atlético de San Luis,40188,MEX1,2021
599569,2021-10-15,2500000,Club Tijuana,13353,MEX1,2021
599732,2021-10-15,1200000,Deportivo Toluca,1804,MEX1,2021
599909,2021-10-15,600000,CF América,3631,MEX1,2021
600905,2021-10-15,1000000,Tigres UANL,7055,MEX1,2021
602324,2021-10-15,2000000,UNAM Pumas,7633,MEX1,2021
614303,2021-10-15,1000000,FC Juárez,49283,MEX1,2021
629006,2021-10-15,800000,Atlas Guadalajara,8590,MEX1,2021
646432,2021-10-15,1000000,UNAM Pumas,7633,MEX1,2021
661481,2021-10-15,200000,CF Pachuca,4035,MEX1,2021
663290,2021-10-15,300000,Puebla FC,5662,MEX1,2021
670185,2021-10-15,200000,CF Monterrey,2407,MEX1,2021
686444,2021-10-15,2000000,Club Tijuana,13353,MEX1,2021
687558,2021-10-15,1500000,Puebla FC,5662,MEX1,2021
687559,2021-10-15,600000,Atlético de San Luis,40188,MEX1,2021
690469,2021-10-15,300000,UNAM Pumas,7633,MEX1,2021
699797,2021-10-15,600000,Puebla FC,5662,MEX1,2021
700503,2021-10-15,1500000,CF América,3631,MEX1,2021
704556,2021-10-15,400000,CF Pachuca,4035,MEX1,2021
723240,2021-10-15,800000,Club León FC,4941,MEX1,2021
735573,2021-10-15,300000,Mazatlán FC,82696,MEX1,2021
737125,2021-10-15,4000000,Atlas Guadalajara,8590,MEX1,2021
740574,2021-10-15,700000,Santos Laguna,1403,MEX1,2021
747820,2021-10-15,500000,UNAM Pumas,7633,MEX1,2021
854454,2021-10-15,2500000,Santos Laguna,1403,MEX1,2021
704553,2021-12-16,300000,LOSC Lille,7055,MEX1,2021
441477,2021-12-22,575000,CA Barracas Central,4961,MEX1,2021
85324,2021-12-27,2000000,Real Oviedo,4035,MEX1,2021
580142,2022-01-01,300000,SC Heerenveen,13353,MEX1,2022
694157,2022-01-01,50000,Unknown,13353,MEX1,2022
181781,2022-01-03,900000,Grasshopper Club Zurich,40188,MEX1,2022
85324,2022-03-21,3000000,Real Oviedo,4035,MEX1,2022
181781,2022-03-28,500000,Grasshopper Club Zurich,40188,MEX1,2022
29559,2022-04-11,1500000,CF América,3631,MEX1,2022
30677,2022-04-11,1200000,CF Pachuca,4035,MEX1,2022
43907,2022-04-11,1500000,Tigres UANL,7055,MEX1,2022
51046,2022-04-11,1500000,CF Monterrey,2407,MEX1,2022
51546,2022-04-11,800000,Querétaro FC,4961,MEX1,2022
53180,2022-04-11,1400000,CD Cruz Azul,3711,MEX1,2022
60445,2022-04-11,1000000,CF América,3631,MEX1,2022
63333,2022-04-11,500000,Club León FC,4941,MEX1,2022
67917,2022-04-11,3000000,Tigres UANL,7055,MEX1,2022
71401,2022-04-11,1500000,Club León FC,4941,MEX1,2022
74113,2022-04-11,2500000,Atlas Guadalajara,8590,MEX1,2022
74421,2022-04-11,1800000,Club León FC,4941,MEX1,2022
87859,2022-04-11,1500000,Tigres UANL,7055,MEX1,2022
96313,2022-04-11,1000000,Puebla FC,5662,MEX1,2022
102699,2022-04-11,700000,FC Juárez,49283,MEX1,2022
105899,2022-04-11,3500000,Tigres UANL,7055,MEX1,2022
107444,2022-04-11,2500000,Deportivo Guadalajara,6711,MEX1,2022
107503,2022-04-11,2500000,Atlas Guadalajara,8590,MEX1,2022
111082,2022-04-11,2500000,Tigres UANL,7055,MEX1,2022
125019,2022-04-11,2500000,Club Tijuana,13353,MEX1,2022
125275,2022-04-11,500000,CF América,3631,MEX1,2022
129031,2022-04-11,1000000,FC Juárez,49283,MEX1,2022
131074,2022-04-11,1000000,Querétaro FC,4961,MEX1,2022
131090,2022-04-11,2500000,Tigres UANL,7055,MEX1,2022
131093,2022-04-11,3500000,CF Monterrey,2407,MEX1,2022
131248,2022-04-11,2500000,CF Monterrey,2407,MEX1,2022
135082,2022-04-11,4500000,CF Monterrey,2407,MEX1,2022
135851,2022-04-11,700000,Querétaro FC,4961,MEX1,2022
137840,2022-04-11,2500000,Club León FC,4941,MEX1,2022
142745,2022-04-11,2800000,Atlas Guadalajara,8590,MEX1,2022
148713,2022-04-11,1200000,CF Pachuca,4035,MEX1,2022
158327,2022-04-11,600000,UNAM Pumas,7633,MEX1,2022
160700,2022-04-11,1500000,Querétaro FC,4961,MEX1,2022
164749,2022-04-11,1800000,Atlético de San Luis,40188,MEX1,2022
175445,2022-04-11,3500000,Atlético de San Luis,40188,MEX1,2022
184892,2022-04-11,12000000,Tigres UANL,7055,MEX1,2022
185012,2022-04-11,4000000,CF Monterrey,2407,MEX1,2022
187211,2022-04-11,900000,Mazatlán FC,82696,MEX1,2022
189410,2022-04-11,2000000,Club Necaxa,1146,MEX1,2022
207015,2022-04-11,2500000,CF Monterrey,2407,MEX1,2022
209513,2022-04-11,3000000,Tigres UANL,7055,MEX1,2022
212699,2022-04-11,4000000,Club León FC,4941,MEX1,2022
213841,2022-04-11,6000000,Santos Laguna,1403,MEX1,2022
221805,2022-04-11,3500000,CD Cruz Azul,3711,MEX1,2022
222010,2022-04-11,300000,Puebla FC,5662,MEX1,2022
227404,2022-04-11,3000000,Tigres UANL,7055,MEX1,2022
227781,2022-04-11,800000,Club Tijuana,13353,MEX1,2022
234227,2022-04-11,3000000,Tigres UANL,7055,MEX1,2022
234918,2022-04-11,4000000,CF Monterrey,2407,MEX1,2022
236710,2022-04-11,1500000,Deportivo Toluca,1804,MEX1,2022
240900,2022-04-11,3000000,CF Monterrey,2407,MEX1,2022
242303,2022-04-11,4000000,Atlas Guadalajara,8590,MEX1,2022
242580,2022-04-11,700000,Santos Laguna,1403,MEX1,2022
243580,2022-04-11,1000000,Atlas Guadalajara,8590,MEX1,2022
244724,2022-04-11,1200000,FC Juárez,49283,MEX1,2022
248346,2022-04-11,4500000,Deportivo Toluca,1804,MEX1,2022
249776,2022-04-11,6000000,CF América,3631,MEX1,2022
249789,2022-04-11,3500000,Deportivo Toluca,1804,MEX1,2022
259930,2022-04-11,1500000,FC Juárez,49283,MEX1,2022
261503,2022-04-11,4000000,CF América,3631,MEX1,2022
262262,2022-04-11,5000000,CD Cruz Azul,3711,MEX1,2022
264133,2022-04-11,2500000,Atlas Guadalajara,8590,MEX1,2022
266809,2022-04-11,2800000,UNAM Pumas,7633,MEX1,2022
267753,2022-04-11,6000000,CF Pachuca,4035,MEX1,2022
273638,2022-04-11,6000000,CF América,3631,MEX1,2022
274963,2022-04-11,2000000,Club Necaxa,1146,MEX1,2022
280149,2022-04-11,1200000,UNAM Pumas,7633,MEX1,2022
280379,2022-04-11,400000,CF Monterrey,2407,MEX1,2022
282476,2022-04-11,9000000,CF Monterrey,2407,MEX1,2022
285771,2022-04-11,3500000,CF América,3631,MEX1,2022
285810,2022-04-11,3500000,Club León FC,4941,MEX1,2022
286339,2022-04-11,3500000,CF América,3631,MEX1,2022
286779,2022-04-11,2500000,CF América,3631,MEX1,2022
288609,2022-04-11,6000000,CF Monterrey,2407,MEX1,2022
288786,2022-04-11,4500000,UNAM Pumas,7633,MEX1,2022
294894,2022-04-11,2000000,Santos Laguna,1403,MEX1,2022
295373,2022-04-11,5000000,CF Monterrey,2407,MEX1,2022
295400,2022-04-11,1500000,Deportivo Guadalajara,1146,MEX1,2022
295424,2022-04-11,1500000,Santos Laguna,1403,MEX1,2022
295426,2022-04-11,3500000,Club León FC,4941,MEX1,2022
308560,2022-04-11,1000000,Atlético de San Luis,40188,MEX1,2022
309505,2022-04-11,1000000,Mazatlán FC,82696,MEX1,2022
310640,2022-04-11,1800000,Atlético de San Luis,40188,MEX1,2022
310744,2022-04-11,8000000,Santos Laguna,1403,MEX1,2022
311182,2022-04-11,1200000,Puebla FC,5662,MEX1,2022
312294,2022-04-11,7000000,Tigres UANL,7055,MEX1,2022
312568,2022-04-11,6000000,Tigres UANL,7055,MEX1,2022
322174,2022-04-11,2500000,Club León FC,4941,MEX1,2022
322696,2022-04-11,1800000,Atlético de San Luis,40188,MEX1,2022
325598,2022-04-11,7500000,CF Pachuca,4035,MEX1,2022
325600,2022-04-11,2500000,CF América,3631,MEX1,2022
330684,2022-04-11,6000000,CD Cruz Azul,3711,MEX1,2022
331059,2022-04-11,5000000,CF Pachuca,4035,MEX1,2022
332764,2022-04-11,1000000,Querétaro FC,4961,MEX1,2022
332829,2022-04-11,1500000,Deportivo Toluca,1804,MEX1,2022
334538,2022-04-11,1000000,CF América,3631,MEX1,2022
335086,2022-04-11,2500000,FC Juárez,49283,MEX1,2022
339758,2022-04-11,1000000,Querétaro FC,4961,MEX1,2022
344854,2022-04-11,3000000,CF Monterrey,2407,MEX1,2022
347577,2022-04-11,1500000,Atlético de San Luis,40188,MEX1,2022
347932,2022-04-11,800000,Puebla FC,5662,MEX1,2022
348264,2022-04-11,1500000,Puebla FC,5662,MEX1,2022
349150,2022-04-11,1200000,FC Juárez,49283,MEX1,2022
351505,2022-04-11,3000000,CF América,3631,MEX1,2022
352552,2022-04-11,800000,FC Juárez,49283,MEX1,2022
353583,2022-04-11,5500000,Deportivo Guadalajara,6711,MEX1,2022
355998,2022-04-11,5000000,CD Cruz Azul,3711,MEX1,2022
356042,2022-04-11,5000000,Santos Laguna,1403,MEX1,2022
356044,2022-04-11,5000000,CF América,3631,MEX1,2022
356089,2022-04-11,1500000,Club Tijuana,13353,MEX1,2022
366143,2022-04-11,5000000,Club León FC,4941,MEX1,2022
370861,2022-04-11,500000,Club Tijuana,13353,MEX1,2022
370864,2022-04-11,1200000,Mazatlán FC,82696,MEX1,2022
370868,2022-04-11,300000,Atlético de San Luis,40188,MEX1,2022
370869,2022-04-11,400000,CF Monterrey,2407,MEX1,2022
370875,2022-04-11,7000000,CF Pachuca,4035,MEX1,2022
371168,2022-04-11,1000000,CF Pachuca,4035,MEX1,2022
371169,2022-04-11,3000000,Deportivo Toluca,1804,MEX1,2022
371185,2022-04-11,4000000,Atlas Guadalajara,8590,MEX1,2022
380996,2022-04-11,3500000,Club Tijuana,13353,MEX1,2022
384368,2022-04-11,800000,Mazatlán FC,82696,MEX1,2022
384761,2022-04-11,900000,Querétaro FC,4961,MEX1,2022
387687,2022-04-11,7000000,CF Monterrey,2407,MEX1,2022
395122,2022-04-11,2500000,Club León FC,4941,MEX1,2022
397003,2022-04-11,4000000,UNAM Pumas,7633,MEX1,2022
397680,2022-04-11,1400000,Club Necaxa,1146,MEX1,2022
400171,2022-04-11,2000000,Santos Laguna,1403,MEX1,2022
400173,2022-04-11,4000000,Santos Laguna,1403,MEX1,2022
400208,2022-04-11,400000,Tigres UANL,7055,MEX1,2022
401311,2022-04-11,700000,Atlas Guadalajara,8590,MEX1,2022
401340,2022-04-11,1500000,CF Pachuca,4035,MEX1,2022
401344,2022-04-11,2800000,CD Cruz Azul,3711,MEX1,2022
401349,2022-04-11,500000,Atlas Guadalajara,8590,MEX1,2022
401355,2022-04-11,1000000,Santos Laguna,1403,MEX1,2022
401572,2022-04-11,4500000,Atlético de San Luis,40188,MEX1,2022
403148,2022-04-11,1500000,Club Necaxa,1146,MEX1,2022
408534,2022-04-11,2000000,Deportivo Guadalajara,6711,MEX1,2022
411709,2022-04-11,3000000,Deportivo Guadalajara,6711,MEX1,2022
413658,2022-04-11,4000000,CF Monterrey,2407,MEX1,2022
416083,2022-04-11,2500000,Atlas Guadalajara,8590,MEX1,2022
416090,2022-04-11,5000000,Atlas Guadalajara,8590,MEX1,2022
419457,2022-04-11,800000,Atlas Guadalajara,8590,MEX1,2022
423619,2022-04-11,3000000,Club Necaxa,1146,MEX1,2022
424689,2022-04-11,7500000,Deportivo Guadalajara,6711,MEX1,2022
426324,2022-04-11,2500000,Club Tijuana,13353,MEX1,2022
427203,2022-04-11,2500000,Atlas Guadalajara,8590,MEX1,2022
430021,2022-04-11,1000000,Puebla FC,5662,MEX1,2022
431533,2022-04-11,5000000,Tigres UANL,7055,MEX1,2022
432222,2022-04-11,200000,Santos Laguna,1403,MEX1,2022
432225,2022-04-11,600000,Santos Laguna,1403,MEX1,2022
441385,2022-04-11,3000000,Atlas Guadalajara,8590,MEX1,2022
442231,2022-04-11,1000000,Club Necaxa,1146,MEX1,2022
446106,2022-04-11,3000000,Atlético de San Luis,40188,MEX1,2022
448414,2022-04-11,800000,Club Necaxa,1146,MEX1,2022
450406,2022-04-11,1000000,CD Cruz Azul,3711,MEX1,2022
461608,2022-04-11,800000,CD Cruz Azul,3711,MEX1,2022
465647,2022-04-11,200000,Tigres UANL,7055,MEX1,2022
468174,2022-04-11,5000000,Santos Laguna,1403,MEX1,2022
471988,2022-04-11,1000000,Club Necaxa,1146,MEX1,2022
495116,2022-04-11,800000,Atlético de San Luis,40188,MEX1,2022
504104,2022-04-11,400000,Atlas Guadalajara,8590,MEX1,2022
520405,2022-04-11,1800000,Deportivo Toluca,1804,MEX1,2022
532389,2022-04-11,5000000,CF América,3631,MEX1,2022
532938,2022-04-11,7000000,CF Monterrey,2407,MEX1,2022
534620,2022-04-11,10000000,CD Cruz Azul,3711,MEX1,2022
539067,2022-04-11,3000000,Mazatlán FC,82696,MEX1,2022
540306,2022-04-11,100000,CF Monterrey,2407,MEX1,2022
540315,2022-04-11,1000000,Deportivo Guadalajara,6711,MEX1,2022
546047,2022-04-11,7000000,Deportivo Guadalajara,6711,MEX1,2022
549294,2022-04-11,4500000,Deportivo Guadalajara,6711,MEX1,2022
549361,2022-04-11,3000000,Club León FC,4941,MEX1,2022
552955,2022-04-11,4000000,CD Cruz Azul,3711,MEX1,2022
552960,2022-04-11,700000,Tigres UANL,7055,MEX1,2022
553816,2022-04-11,300000,Tigres UANL,7055,MEX1,2022
557070,2022-04-11,3500000,CF América,3631,MEX1,2022
560312,2022-04-11,200000,Club León FC,4941,MEX1,2022
570431,2022-04-11,500000,CF Monterrey,2407,MEX1,2022
570547,2022-04-11,700000,Mazatlán FC,82696,MEX1,2022
570550,2022-04-11,300000,Atlas Guadalajara,8590,MEX1,2022
572675,2022-04-11,3500000,Puebla FC,5662,MEX1,2022
572705,2022-04-11,5000000,CF Pachuca,4035,MEX1,2022
577260,2022-04-11,600000,Club Necaxa,1146,MEX1,2022
578419,2022-04-11,2500000,CF América,3631,MEX1,2022
578737,2022-04-11,900000,Querétaro FC,4961,MEX1,2022
589363,2022-04-11,2000000,Club Necaxa,1146,MEX1,2022
596906,2022-04-11,2000000,Deportivo Guadalajara,6711,MEX1,2022
596929,2022-04-11,2300000,Deportivo Guadalajara,6711,MEX1,2022
597092,2022-04-11,600000,Mazatlán FC,82696,MEX1,2022
597727,2022-04-11,200000,Mazatlán FC,82696,MEX1,2022
597728,2022-04-11,3500000,Club Tijuana,13353,MEX1,2022
599331,2022-04-11,500000,Atlético de San Luis,40188,MEX1,2022
599569,2022-04-11,2500000,Club Tijuana,13353,MEX1,2022
599732,2022-04-11,1200000,Deportivo Toluca,1804,MEX1,2022
599909,2022-04-11,500000,Club Necaxa,1146,MEX1,2022
600905,2022-04-11,1000000,Tigres UANL,7055,MEX1,2022
600956,2022-04-11,200000,FC Juárez,49283,MEX1,2022
602324,2022-04-11,4000000,CD Cruz Azul,3711,MEX1,2022
614303,2022-04-11,800000,FC Juárez,49283,MEX1,2022
629006,2022-04-11,1000000,Atlas Guadalajara,8590,MEX1,2022
646432,2022-04-11,1200000,UNAM Pumas,7633,MEX1,2022
661481,2022-04-11,200000,CF Pachuca,4035,MEX1,2022
663290,2022-04-11,200000,Puebla FC,5662,MEX1,2022
670185,2022-04-11,400000,CF Monterrey,2407,MEX1,2022
686444,2022-04-11,2000000,Club Tijuana,13353,MEX1,2022
687558,2022-04-11,3500000,Puebla FC,5662,MEX1,2022
687559,2022-04-11,500000,Atlético de San Luis,40188,MEX1,2022
699797,2022-04-11,800000,Atlético de San Luis,40188,MEX1,2022
700503,2022-04-11,2000000,CF América,3631,MEX1,2022
704556,2022-04-11,500000,CF Pachuca,4035,MEX1,2022
723240,2022-04-11,1500000,Club León FC,4941,MEX1,2022
730779,2022-04-11,2000000,Club Necaxa,1146,MEX1,2022
735573,2022-04-11,300000,Mazatlán FC,82696,MEX1,2022
737125,2022-04-11,4000000,Atlas Guadalajara,8590,MEX1,2022
740574,2022-04-11,700000,Santos Laguna,1403,MEX1,2022
747820,2022-04-11,1000000,UNAM Pumas,7633,MEX1,2022
802855,2022-04-11,300000,Deportivo Guadalajara,6711,MEX1,2022
811373,2022-04-11,100000,CF Pachuca,4035,MEX1,2022
820227,2022-04-11,100000,Mazatlán FC,82696,MEX1,2022
833268,2022-04-11,1500000,CF Pachuca,4035,MEX1,2022
854360,2022-04-11,700000,Deportivo Toluca,1804,MEX1,2022
854454,2022-04-11,4000000,Santos Laguna,1403,MEX1,2022
950874,2022-04-11,700000,Club Necaxa,1146,MEX1,2022
431703,2022-04-21,2000000,Club Tijuana,13353,MEX1,2022
441477,2022-05-24,550000,CA Barracas Central,4961,MEX1,2022
694157,2022-06-02,50000,Unknown,13353,MEX1,2022
181781,2022-06-08,500000,Grasshopper Club Zurich,40188,MEX1,2022
580142,2022-06-10,325000,CA Atenas de San Carlos,13353,MEX1,2022
802855,2022-06-24,450000,Deportivo Guadalajara,6711,MEX1,2022
85324,2022-06-29,4000000,Real Oviedo,4035,MEX1,2022
295400,2022-08-18,1000000,Atlanta United FC,1146,MEX1,2022
227671,2022-08-19,1800000,Deportivo Toluca,1804,MEX1,2022
983609,2022-09-05,50000,Unknown,4941,MEX1,2022
175445,2022-09-06,2800000,Atlético de San Luis,40188,MEX1,2022
308560,2022-09-06,2000000,Atlético de San Luis,40188,MEX1,2022
322696,2022-09-06,2500000,Atlético de San Luis,40188,MEX1,2022
347577,2022-09-06,1800000,Atlético de San Luis,40188,MEX1,2022
441477,2022-09-06,425000,CA Barracas Central,4961,MEX1,2022
552960,2022-09-06,1200000,Atlético de San Luis,40188,MEX1,2022
599331,2022-09-06,300000,Atlético de San Luis,40188,MEX1,2022
644272,2022-09-06,400000,Atlético de San Luis,40188,MEX1,2022
1035924,2022-09-06,100000,Atlético de San Luis,40188,MEX1,2022
53180,2022-09-08,1200000,CD Cruz Azul,3711,MEX1,2022
64134,2022-09-08,3000000,CF América,3631,MEX1,2022
67917,2022-09-08,2000000,Tigres UANL,7055,MEX1,2022
84535,2022-09-08,3500000,UNAM Pumas,7633,MEX1,2022
87859,2022-09-08,1200000,Tigres UANL,7055,MEX1,2022
105899,2022-09-08,3200000,Tigres UANL,7055,MEX1,2022
107444,2022-09-08,1800000,Deportivo Guadalajara,6711,MEX1,2022
107503,2022-09-08,2300000,Atlas Guadalajara,8590,MEX1,2022
125019,2022-09-08,1800000,Club Tijuana,13353,MEX1,2022
135082,2022-09-08,4000000,CF Monterrey,2407,MEX1,2022
137840,2022-09-08,1800000,Club León FC,4941,MEX1,2022
142745,2022-09-08,2500000,Atlas Guadalajara,8590,MEX1,2022
184892,2022-09-08,10000000,Tigres UANL,7055,MEX1,2022
185012,2022-09-08,5500000,CF Monterrey,2407,MEX1,2022
189410,2022-09-08,4500000,CF Monterrey,2407,MEX1,2022
194998,2022-09-08,2000000,Atlas Guadalajara,8590,MEX1,2022
209513,2022-09-08,3500000,Tigres UANL,7055,MEX1,2022
211251,2022-09-08,4000000,FC Juárez,49283,MEX1,2022
212699,2022-09-08,3000000,Club León FC,4941,MEX1,2022
213841,2022-09-08,4500000,Santos Laguna,1403,MEX1,2022
234227,2022-09-08,2300000,Tigres UANL,7055,MEX1,2022
236710,2022-09-08,1000000,Deportivo Toluca,1804,MEX1,2022
242303,2022-09-08,3500000,Atlas Guadalajara,8590,MEX1,2022
243580,2022-09-08,1500000,Atlas Guadalajara,8590,MEX1,2022
244724,2022-09-08,1000000,FC Juárez,49283,MEX1,2022
249789,2022-09-08,2000000,Club Tijuana,13353,MEX1,2022
256866,2022-09-08,4000000,FC Juárez,49283,MEX1,2022
261503,2022-09-08,6000000,CF América,3631,MEX1,2022
262262,2022-09-08,2500000,CD Cruz Azul,3711,MEX1,2022
267753,2022-09-08,7500000,CF Pachuca,4035,MEX1,2022
273638,2022-09-08,4500000,CF América,3631,MEX1,2022
280379,2022-09-08,600000,CF Monterrey,2407,MEX1,2022
285771,2022-09-08,2800000,CF América,3631,MEX1,2022
286339,2022-09-08,4500000,CF América,3631,MEX1,2022
286779,2022-09-08,2000000,Mazatlán FC,82696,MEX1,2022
291262,2022-09-08,500000,Santos Laguna,1403,MEX1,2022
295426,2022-09-08,3200000,Club León FC,4941,MEX1,2022
311182,2022-09-08,800000,Puebla FC,5662,MEX1,2022
312568,2022-09-08,7000000,Tigres UANL,7055,MEX1,2022
322174,2022-09-08,1800000,Club León FC,4941,MEX1,2022
325598,2022-09-08,7000000,CF Pachuca,4035,MEX1,2022
325600,2022-09-08,1800000,FC Juárez,49283,MEX1,2022
330684,2022-09-08,4000000,CD Cruz Azul,3711,MEX1,2022
331059,2022-09-08,6000000,CF Pachuca,4035,MEX1,2022
332829,2022-09-08,2000000,Deportivo Toluca,1804,MEX1,2022
347932,2022-09-08,700000,Puebla FC,5662,MEX1,2022
348264,2022-09-08,2000000,Puebla FC,5662,MEX1,2022
349150,2022-09-08,1000000,FC Juárez,49283,MEX1,2022
351505,2022-09-08,4000000,CF América,3631,MEX1,2022
352552,2022-09-08,600000,FC Juárez,49283,MEX1,2022
353583,2022-09-08,5000000,Deportivo Guadalajara,6711,MEX1,2022
355998,2022-09-08,4000000,CD Cruz Azul,3711,MEX1,2022
356089,2022-09-08,1000000,Querétaro FC,4961,MEX1,2022
366143,2022-09-08,4000000,Club León FC,4941,MEX1,2022
370861,2022-09-08,700000,Club Tijuana,13353,MEX1,2022
370875,2022-09-08,8000000,CF Pachuca,4035,MEX1,2022
371169,2022-09-08,2300000,Deportivo Toluca,1804,MEX1,2022
378351,2022-09-08,1500000,Club León FC,4941,MEX1,2022
384368,2022-09-08,1000000,Mazatlán FC,82696,MEX1,2022
384761,2022-09-08,1000000,Querétaro FC,4961,MEX1,2022
397003,2022-09-08,3000000,Deportivo Guadalajara,6711,MEX1,2022
397680,2022-09-08,2000000,Club Necaxa,1146,MEX1,2022
400171,2022-09-08,2500000,Santos Laguna,1403,MEX1,2022
400173,2022-09-08,5000000,Santos Laguna,1403,MEX1,2022
401311,2022-09-08,1000000,Club Necaxa,1146,MEX1,2022
401340,2022-09-08,2000000,CF Pachuca,4035,MEX1,2022
401344,2022-09-08,2500000,CD Cruz Azul,3711,MEX1,2022
416083,2022-09-08,1800000,Atlas Guadalajara,8590,MEX1,2022
416090,2022-09-08,6000000,Atlas Guadalajara,8590,MEX1,2022
419457,2022-09-08,600000,Atlas Guadalajara,8590,MEX1,2022
424689,2022-09-08,8000000,Deportivo Guadalajara,6711,MEX1,2022
426324,2022-09-08,2000000,Club Tijuana,13353,MEX1,2022
430021,2022-09-08,1800000,Puebla FC,5662,MEX1,2022
432225,2022-09-08,500000,Santos Laguna,1403,MEX1,2022
439108,2022-09-08,1800000,Club León FC,4941,MEX1,2022
466268,2022-09-08,3000000,Santos Laguna,1403,MEX1,2022
468174,2022-09-08,6000000,Santos Laguna,1403,MEX1,2022
471639,2022-09-08,1200000,Querétaro FC,4961,MEX1,2022
471988,2022-09-08,1500000,Club Necaxa,1146,MEX1,2022
532389,2022-09-08,4000000,CF América,3631,MEX1,2022
534620,2022-09-08,8000000,CD Cruz Azul,3711,MEX1,2022
546047,2022-09-08,5000000,Deportivo Guadalajara,6711,MEX1,2022
549294,2022-09-08,5500000,Deportivo Guadalajara,6711,MEX1,2022
549361,2022-09-08,2500000,Club León FC,4941,MEX1,2022
572705,2022-09-08,6000000,CF Pachuca,4035,MEX1,2022
577260,2022-09-08,1000000,Club Necaxa,1146,MEX1,2022
578419,2022-09-08,2000000,CF América,3631,MEX1,2022
589363,2022-09-08,2300000,Club Necaxa,1146,MEX1,2022
596906,2022-09-08,1500000,Deportivo Guadalajara,6711,MEX1,2022
596929,2022-09-08,3000000,Deportivo Guadalajara,6711,MEX1,2022
597092,2022-09-08,800000,Puebla FC,5662,MEX1,2022
597728,2022-09-08,4000000,Deportivo Toluca,1804,MEX1,2022
599732,2022-09-08,1000000,Club Tijuana,13353,MEX1,2022
600905,2022-09-08,2500000,Tigres UANL,7055,MEX1,2022
602324,2022-09-08,3500000,CD Cruz Azul,3711,MEX1,2022
614303,2022-09-08,600000,FC Juárez,49283,MEX1,2022
629006,2022-09-08,2000000,Atlas Guadalajara,8590,MEX1,2022
646432,2022-09-08,1800000,UNAM Pumas,7633,MEX1,2022
662451,2022-09-08,300000,UNAM Pumas,7633,MEX1,2022
663319,2022-09-08,600000,CF Pachuca,4035,MEX1,2022
668529,2022-09-08,300000,CD Cruz Azul,3711,MEX1,2022
686444,2022-09-08,3000000,Club Tijuana,13353,MEX1,2022
686449,2022-09-08,1500000,CF América,3631,MEX1,2022
691075,2022-09-08,200000,Tigres UANL,7055,MEX1,2022
704556,2022-09-08,400000,CF Pachuca,4035,MEX1,2022
715428,2022-09-08,300000,Querétaro FC,4961,MEX1,2022
723240,2022-09-08,2000000,Club León FC,4941,MEX1,2022
799707,2022-09-08,1000000,CF Pachuca,4035,MEX1,2022
802855,2022-09-08,400000,Deportivo Guadalajara,6711,MEX1,2022
811373,2022-09-08,200000,CF Pachuca,4035,MEX1,2022
819874,2022-09-08,100000,CF América,3631,MEX1,2022
833271,2022-09-08,100000,Atlas Guadalajara,8590,MEX1,2022
854360,2022-09-08,600000,Deportivo Toluca,1804,MEX1,2022
854454,2022-09-08,5000000,Santos Laguna,1403,MEX1,2022
858660,2022-09-08,100000,CF Pachuca,4035,MEX1,2022
915155,2022-09-08,2000000,Deportivo Guadalajara,6711,MEX1,2022
923213,2022-09-08,1000000,UNAM Pumas,7633,MEX1,2022
945134,2022-09-08,200000,Puebla FC,5662,MEX1,2022
945935,2022-09-08,200000,Querétaro FC,4961,MEX1,2022
971630,2022-09-08,200000,CD Cruz Azul,3711,MEX1,2022
993722,2022-09-08,300000,Mazatlán FC,82696,MEX1,2022
431703,2022-10-07,1000000,Club Tijuana,13353,MEX1,2022
441477,2022-10-26,500000,CA Barracas Central,4961,MEX1,2022
11111,2022-10-31,1500000,CD Cruz Azul,3711,MEX1,2022
29559,2022-10-31,1200000,CF América,3631,MEX1,2022
30677,2022-10-31,1000000,CF Pachuca,4035,MEX1,2022
43907,2022-10-31,1500000,Tigres UANL,7055,MEX1,2022
51046,2022-10-31,1500000,CF Monterrey,2407,MEX1,2022
51546,2022-10-31,1000000,Querétaro FC,4961,MEX1,2022
53180,2022-10-31,1000000,CD Cruz Azul,3711,MEX1,2022
60445,2022-10-31,1000000,CF América,3631,MEX1,2022
63333,2022-10-31,500000,Club León FC,4941,MEX1,2022
64134,2022-10-31,3000000,CF América,3631,MEX1,2022
67917,2022-10-31,2000000,Tigres UANL,7055,MEX1,2022
71401,2022-10-31,1200000,Club León FC,4941,MEX1,2022
74113,2022-10-31,2300000,Atlas Guadalajara,8590,MEX1,2022
74421,2022-10-31,1800000,Deportivo Toluca,1804,MEX1,2022
84535,2022-10-31,3500000,UNAM Pumas,7633,MEX1,2022
87859,2022-10-31,1200000,Tigres UANL,7055,MEX1,2022
96313,2022-10-31,1000000,Puebla FC,5662,MEX1,2022
102699,2022-10-31,500000,FC Juárez,49283,MEX1,2022
105899,2022-10-31,3000000,Tigres UANL,7055,MEX1,2022
107444,2022-10-31,1800000,Deportivo Guadalajara,6711,MEX1,2022
107503,2022-10-31,2000000,Atlas Guadalajara,8590,MEX1,2022
111082,2022-10-31,2300000,Tigres UANL,7055,MEX1,2022
125019,2022-10-31,1800000,Club Tijuana,13353,MEX1,2022
125275,2022-10-31,400000,CF América,3631,MEX1,2022
129031,2022-10-31,800000,Club Necaxa,1146,MEX1,2022
131074,2022-10-31,1000000,Querétaro FC,4961,MEX1,2022
131090,2022-10-31,2200000,Tigres UANL,7055,MEX1,2022
131093,2022-10-31,3200000,CF Monterrey,2407,MEX1,2022
131248,2022-10-31,2500000,Club León FC,4941,MEX1,2022
135082,2022-10-31,3500000,CF Monterrey,2407,MEX1,2022
135851,2022-10-31,700000,Querétaro FC,4961,MEX1,2022
137840,2022-10-31,1800000,Club León FC,4941,MEX1,2022
142745,2022-10-31,2300000,Atlas Guadalajara,8590,MEX1,2022
148713,2022-10-31,1000000,CF Pachuca,4035,MEX1,2022
158327,2022-10-31,800000,UNAM Pumas,7633,MEX1,2022
160700,2022-10-31,1500000,Querétaro FC,4961,MEX1,2022
164749,2022-10-31,1500000,Atlético de San Luis,40188,MEX1,2022
175445,2022-10-31,2500000,Atlético de San Luis,40188,MEX1,2022
181780,2022-10-31,3000000,Atlético de San Luis,40188,MEX1,2022
184892,2022-10-31,10000000,Tigres UANL,7055,MEX1,2022
185012,2022-10-31,6000000,CF Monterrey,2407,MEX1,2022
189410,2022-10-31,4500000,CF Monterrey,2407,MEX1,2022
194998,2022-10-31,1800000,Atlas Guadalajara,8590,MEX1,2022
209513,2022-10-31,3500000,Tigres UANL,7055,MEX1,2022
211251,2022-10-31,4000000,FC Juárez,49283,MEX1,2022
212699,2022-10-31,3000000,Club León FC,4941,MEX1,2022
213841,2022-10-31,4500000,Santos Laguna,1403,MEX1,2022
221805,2022-10-31,3500000,CD Cruz Azul,3711,MEX1,2022
222010,2022-10-31,300000,Puebla FC,5662,MEX1,2022
227404,2022-10-31,2500000,Tigres UANL,7055,MEX1,2022
227671,2022-10-31,2200000,Deportivo Toluca,1804,MEX1,2022
234227,2022-10-31,2000000,Tigres UANL,7055,MEX1,2022
234918,2022-10-31,3500000,CF Monterrey,2407,MEX1,2022
236710,2022-10-31,800000,Deportivo Toluca,1804,MEX1,2022
240900,2022-10-31,3000000,CF Monterrey,2407,MEX1,2022
242303,2022-10-31,3500000,Atlas Guadalajara,8590,MEX1,2022
242580,2022-10-31,500000,Santos Laguna,1403,MEX1,2022
243580,2022-10-31,1500000,Atlas Guadalajara,8590,MEX1,2022
244724,2022-10-31,1000000,FC Juárez,49283,MEX1,2022
248346,2022-10-31,5500000,Deportivo Toluca,1804,MEX1,2022
249776,2022-10-31,6000000,CF América,3631,MEX1,2022
249789,2022-10-31,2000000,Club Tijuana,13353,MEX1,2022
255744,2022-10-31,6000000,Tigres UANL,7055,MEX1,2022
256866,2022-10-31,4000000,FC Juárez,49283,MEX1,2022
259930,2022-10-31,2000000,FC Juárez,49283,MEX1,2022
261503,2022-10-31,6000000,CF América,3631,MEX1,2022
262262,2022-10-31,2300000,CD Cruz Azul,3711,MEX1,2022
264133,2022-10-31,2300000,Atlas Guadalajara,8590,MEX1,2022
266809,2022-10-31,2800000,UNAM Pumas,7633,MEX1,2022
267753,2022-10-31,7500000,CF Pachuca,4035,MEX1,2022
273638,2022-10-31,4500000,CF América,3631,MEX1,2022
274963,2022-10-31,1800000,Deportivo Guadalajara,6711,MEX1,2022
280379,2022-10-31,600000,CF Monterrey,2407,MEX1,2022
282476,2022-10-31,8000000,CF Monterrey,2407,MEX1,2022
283473,2022-10-31,1500000,Mazatlán FC,82696,MEX1,2022
285771,2022-10-31,2800000,CF América,3631,MEX1,2022
285810,2022-10-31,3500000,Puebla FC,5662,MEX1,2022
286339,2022-10-31,6000000,CF América,3631,MEX1,2022
286779,2022-10-31,1500000,Mazatlán FC,82696,MEX1,2022
288609,2022-10-31,6000000,CF Monterrey,2407,MEX1,2022
288786,2022-10-31,4500000,UNAM Pumas,7633,MEX1,2022
291262,2022-10-31,400000,Santos Laguna,1403,MEX1,2022
294894,2022-10-31,2500000,Santos Laguna,1403,MEX1,2022
295373,2022-10-31,4500000,CF Monterrey,2407,MEX1,2022
295426,2022-10-31,3200000,Club León FC,4941,MEX1,2022
308560,2022-10-31,2000000,Atlético de San Luis,40188,MEX1,2022
309505,2022-10-31,1000000,Mazatlán FC,82696,MEX1,2022
310744,2022-10-31,9000000,Santos Laguna,1403,MEX1,2022
311182,2022-10-31,800000,Puebla FC,5662,MEX1,2022
312568,2022-10-31,7000000,Tigres UANL,7055,MEX1,2022
312576,2022-10-31,300000,Santos Laguna,1403,MEX1,2022
322174,2022-10-31,1800000,Club León FC,4941,MEX1,2022
322696,2022-10-31,2500000,Atlético de San Luis,40188,MEX1,2022
325598,2022-10-31,6500000,CF Pachuca,4035,MEX1,2022
325600,2022-10-31,1800000,FC Juárez,49283,MEX1,2022
330684,2022-10-31,4000000,CD Cruz Azul,3711,MEX1,2022
331059,2022-10-31,6500000,CF Pachuca,4035,MEX1,2022
332829,2022-10-31,2000000,Deportivo Toluca,1804,MEX1,2022
334538,2022-10-31,1000000,Querétaro FC,4961,MEX1,2022
335086,2022-10-31,2500000,Club Necaxa,1146,MEX1,2022
339758,2022-10-31,1000000,Querétaro FC,4961,MEX1,2022
344854,2022-10-31,3000000,CF Monterrey,2407,MEX1,2022
347577,2022-10-31,1800000,Atlético de San Luis,40188,MEX1,2022
347932,2022-10-31,700000,Puebla FC,5662,MEX1,2022
348264,2022-10-31,2000000,Puebla FC,5662,MEX1,2022
349150,2022-10-31,1000000,FC Juárez,49283,MEX1,2022
351505,2022-10-31,5000000,CF América,3631,MEX1,2022
352552,2022-10-31,600000,FC Juárez,49283,MEX1,2022
353583,2022-10-31,5000000,Deportivo Guadalajara,6711,MEX1,2022
355998,2022-10-31,4000000,CD Cruz Azul,3711,MEX1,2022
356042,2022-10-31,5000000,Santos Laguna,1403,MEX1,2022
356089,2022-10-31,800000,Querétaro FC,4961,MEX1,2022
360412,2022-10-31,2000000,Tigres UANL,7055,MEX1,2022
366143,2022-10-31,4000000,Club León FC,4941,MEX1,2022
370861,2022-10-31,700000,Club Tijuana,13353,MEX1,2022
370864,2022-10-31,1500000,Mazatlán FC,82696,MEX1,2022
370868,2022-10-31,400000,Mazatlán FC,82696,MEX1,2022
370869,2022-10-31,400000,Club Necaxa,1146,MEX1,2022
370875,2022-10-31,8000000,CF Pachuca,4035,MEX1,2022
371168,2022-10-31,800000,CF Pachuca,4035,MEX1,2022
371169,2022-10-31,2500000,Deportivo Toluca,1804,MEX1,2022
378351,2022-10-31,1500000,Club León FC,4941,MEX1,2022
380996,2022-10-31,2800000,Club Tijuana,13353,MEX1,2022
384368,2022-10-31,1200000,Mazatlán FC,82696,MEX1,2022
384761,2022-10-31,1000000,Querétaro FC,4961,MEX1,2022
387687,2022-10-31,7000000,CF Monterrey,2407,MEX1,2022
397003,2022-10-31,3000000,Deportivo Guadalajara,6711,MEX1,2022
397680,2022-10-31,2500000,Club Necaxa,1146,MEX1,2022
400171,2022-10-31,2800000,Santos Laguna,1403,MEX1,2022
400173,2022-10-31,5000000,Santos Laguna,1403,MEX1,2022
400208,2022-10-31,400000,Tigres UANL,7055,MEX1,2022
401311,2022-10-31,1000000,Club Necaxa,1146,MEX1,2022
401340,2022-10-31,2000000,CF Pachuca,4035,MEX1,2022
401344,2022-10-31,2500000,CD Cruz Azul,3711,MEX1,2022
401349,2022-10-31,400000,Atlas Guadalajara,8590,MEX1,2022
401355,2022-10-31,1000000,Atlas Guadalajara,8590,MEX1,2022
401572,2022-10-31,4500000,CF Monterrey,2407,MEX1,2022
403148,2022-10-31,1500000,Club Necaxa,1146,MEX1,2022
408534,2022-10-31,2000000,Deportivo Guadalajara,6711,MEX1,2022
411709,2022-10-31,2800000,Deportivo Guadalajara,6711,MEX1,2022
413658,2022-10-31,3000000,CF Monterrey,2407,MEX1,2022
416083,2022-10-31,1800000,Atlas Guadalajara,8590,MEX1,2022
416090,2022-10-31,6000000,Atlas Guadalajara,8590,MEX1,2022
419457,2022-10-31,600000,Atlas Guadalajara,8590,MEX1,2022
421920,2022-10-31,600000,CD Cruz Azul,3711,MEX1,2022
423619,2022-10-31,3500000,Club Necaxa,1146,MEX1,2022
424689,2022-10-31,8000000,Deportivo Guadalajara,6711,MEX1,2022
426324,2022-10-31,1500000,Club Tijuana,13353,MEX1,2022
427203,2022-10-31,2500000,Atlas Guadalajara,8590,MEX1,2022
430021,2022-10-31,2500000,Puebla FC,5662,MEX1,2022
431533,2022-10-31,5000000,Tigres UANL,7055,MEX1,2022
432222,2022-10-31,200000,Santos Laguna,1403,MEX1,2022
432225,2022-10-31,600000,Santos Laguna,1403,MEX1,2022
433962,2022-10-31,300000,Club Tijuana,13353,MEX1,2022
439108,2022-10-31,2500000,Club León FC,4941,MEX1,2022
446106,2022-10-31,3000000,Atlético de San Luis,40188,MEX1,2022
448414,2022-10-31,1000000,FC Juárez,49283,MEX1,2022
450406,2022-10-31,1000000,CD Cruz Azul,3711,MEX1,2022
461608,2022-10-31,500000,CD Cruz Azul,3711,MEX1,2022
465647,2022-10-31,200000,Tigres UANL,7055,MEX1,2022
465818,2022-10-31,5000000,CF América,3631,MEX1,2022
466268,2022-10-31,3500000,Santos Laguna,1403,MEX1,2022
468174,2022-10-31,6000000,Santos Laguna,1403,MEX1,2022
471639,2022-10-31,1200000,Querétaro FC,4961,MEX1,2022
471988,2022-10-31,1800000,Club Necaxa,1146,MEX1,2022
495116,2022-10-31,800000,Club Tijuana,13353,MEX1,2022
504104,2022-10-31,400000,Atlas Guadalajara,8590,MEX1,2022
518073,2022-10-31,800000,Club León FC,4941,MEX1,2022
532240,2022-10-31,400000,Club Necaxa,1146,MEX1,2022
532389,2022-10-31,4000000,CF América,3631,MEX1,2022
532938,2022-10-31,6500000,CF Monterrey,2407,MEX1,2022
534620,2022-10-31,8000000,CD Cruz Azul,3711,MEX1,2022
539067,2022-10-31,3000000,Club Tijuana,13353,MEX1,2022
540306,2022-10-31,200000,CF Monterrey,2407,MEX1,2022
540315,2022-10-31,1200000,UNAM Pumas,7633,MEX1,2022
546047,2022-10-31,5000000,Deportivo Guadalajara,6711,MEX1,2022
549294,2022-10-31,5500000,Deportivo Guadalajara,6711,MEX1,2022
549361,2022-10-31,2500000,Club León FC,4941,MEX1,2022
552960,2022-10-31,1200000,Atlético de San Luis,40188,MEX1,2022
553422,2022-10-31,3500000,CD Cruz Azul,3711,MEX1,2022
557070,2022-10-31,3500000,CF América,3631,MEX1,2022
560312,2022-10-31,200000,Club León FC,4941,MEX1,2022
570431,2022-10-31,600000,Club León FC,4941,MEX1,2022
570547,2022-10-31,700000,Mazatlán FC,82696,MEX1,2022
570550,2022-10-31,500000,Atlas Guadalajara,8590,MEX1,2022
572675,2022-10-31,4000000,Puebla FC,5662,MEX1,2022
572705,2022-10-31,6000000,CF Pachuca,4035,MEX1,2022
577260,2022-10-31,2000000,Club Necaxa,1146,MEX1,2022
578419,2022-10-31,2000000,CF América,3631,MEX1,2022
578737,2022-10-31,800000,Querétaro FC,4961,MEX1,2022
589363,2022-10-31,2300000,Club Necaxa,1146,MEX1,2022
596906,2022-10-31,1500000,Deportivo Guadalajara,6711,MEX1,2022
596929,2022-10-31,3000000,Deportivo Guadalajara,6711,MEX1,2022
597092,2022-10-31,800000,Puebla FC,5662,MEX1,2022
597727,2022-10-31,200000,Mazatlán FC,82696,MEX1,2022
597728,2022-10-31,4500000,Deportivo Toluca,1804,MEX1,2022
599331,2022-10-31,300000,Atlético de San Luis,40188,MEX1,2022
599569,2022-10-31,2500000,Tigres UANL,7055,MEX1,2022
599732,2022-10-31,1000000,Club Tijuana,13353,MEX1,2022
600905,2022-10-31,2500000,Tigres UANL,7055,MEX1,2022
600956,2022-10-31,500000,FC Juárez,49283,MEX1,2022
602324,2022-10-31,3500000,CD Cruz Azul,3711,MEX1,2022
614303,2022-10-31,500000,FC Juárez,49283,MEX1,2022
629006,2022-10-31,2000000,Atlas Guadalajara,8590,MEX1,2022
644272,2022-10-31,400000,Atlético de San Luis,40188,MEX1,2022
646432,2022-10-31,1800000,UNAM Pumas,7633,MEX1,2022
661481,2022-10-31,200000,CF Pachuca,4035,MEX1,2022
662451,2022-10-31,600000,UNAM Pumas,7633,MEX1,2022
663290,2022-10-31,200000,Puebla FC,5662,MEX1,2022
663319,2022-10-31,1000000,CF Pachuca,4035,MEX1,2022
668529,2022-10-31,600000,CD Cruz Azul,3711,MEX1,2022
670185,2022-10-31,400000,CF Monterrey,2407,MEX1,2022
671951,2022-10-31,3000000,UNAM Pumas,7633,MEX1,2022
686444,2022-10-31,3000000,Club Tijuana,13353,MEX1,2022
686449,2022-10-31,2500000,CF América,3631,MEX1,2022
687558,2022-10-31,4500000,Puebla FC,5662,MEX1,2022
687559,2022-10-31,400000,Santos Laguna,1403,MEX1,2022
690024,2022-10-31,500000,Santos Laguna,1403,MEX1,2022
691075,2022-10-31,400000,Tigres UANL,7055,MEX1,2022
699797,2022-10-31,800000,Atlético de San Luis,40188,MEX1,2022
704556,2022-10-31,400000,CF Pachuca,4035,MEX1,2022
715428,2022-10-31,300000,Querétaro FC,4961,MEX1,2022
723240,2022-10-31,2000000,Club León FC,4941,MEX1,2022
730779,2022-10-31,2000000,Club Necaxa,1146,MEX1,2022
737125,2022-10-31,4000000,Atlas Guadalajara,8590,MEX1,2022
747820,2022-10-31,1200000,UNAM Pumas,7633,MEX1,2022
786000,2022-10-31,1000000,Deportivo Guadalajara,6711,MEX1,2022
799707,2022-10-31,2500000,CF Pachuca,4035,MEX1,2022
802855,2022-10-31,400000,Deportivo Guadalajara,6711,MEX1,2022
811373,2022-10-31,400000,CF Pachuca,4035,MEX1,2022
819874,2022-10-31,100000,CF América,3631,MEX1,2022
820227,2022-10-31,100000,Mazatlán FC,82696,MEX1,2022
833271,2022-10-31,100000,Atlas Guadalajara,8590,MEX1,2022
854360,2022-10-31,600000,Deportivo Toluca,1804,MEX1,2022
854454,2022-10-31,5000000,Santos Laguna,1403,MEX1,2022
858660,2022-10-31,100000,CF Pachuca,4035,MEX1,2022
915155,2022-10-31,2500000,Deportivo Guadalajara,6711,MEX1,2022
923213,2022-10-31,1000000,UNAM Pumas,7633,MEX1,2022
945134,2022-10-31,200000,Puebla FC,5662,MEX1,2022
945935,2022-10-31,300000,Querétaro FC,4961,MEX1,2022
950873,2022-10-31,600000,UNAM Pumas,7633,MEX1,2022
950874,2022-10-31,1000000,Club Necaxa,1146,MEX1,2022
971630,2022-10-31,500000,CD Cruz Azul,3711,MEX1,2022
993722,2022-10-31,300000,Mazatlán FC,82696,MEX1,2022
1035924,2022-10-31,100000,Atlético de San Luis,40188,MEX1,2022
181781,2022-11-03,500000,Wolverhampton Wanderers,40188,MEX1,2022
295400,2022-11-08,1000000,Atlanta United FC,1146,MEX1,2022
580142,2022-11-12,300000,CA Atenas de San Carlos,13353,MEX1,2022
694157,2022-11-12,50000,Unknown,13353,MEX1,2022
923213,2022-11-17,1000000,UNAM Pumas,7633,MEX1,2022
331059,2022-12-23,8000000,CF Pachuca,4035,MEX1,2022
85324,2022-12-29,4000000,Real Oviedo,4035,MEX1,2022
983609,2022-12-30,50000,Unknown,4941,MEX1,2022
11111,2023-03-30,1500000,CD Cruz Azul,3711,MEX1,2023
30677,2023-03-30,1000000,CF Pachuca,4035,MEX1,2023
43907,2023-03-30,1500000,Tigres UANL,7055,MEX1,2023
51046,2023-03-30,1200000,CF Monterrey,2407,MEX1,2023
51546,2023-03-30,800000,Querétaro FC,4961,MEX1,2023
53180,2023-03-30,1000000,CD Cruz Azul,3711,MEX1,2023
60445,2023-03-30,1000000,CF América,3631,MEX1,2023
63333,2023-03-30,500000,Club León FC,4941,MEX1,2023
64134,2023-03-30,2500000,CF América,3631,MEX1,2023
67917,2023-03-30,1800000,Tigres UANL,7055,MEX1,2023
71401,2023-03-30,1200000,Club León FC,4941,MEX1,2023
74113,2023-03-30,2000000,Atlas Guadalajara,8590,MEX1,2023
74421,2023-03-30,1800000,Deportivo Toluca,1804,MEX1,2023
84535,2023-03-30,2500000,UNAM Pumas,7633,MEX1,2023
87859,2023-03-30,1000000,Tigres UANL,7055,MEX1,2023
96313,2023-03-30,1000000,Puebla FC,5662,MEX1,2023
102699,2023-03-30,400000,FC Juárez,49283,MEX1,2023
105899,2023-03-30,2000000,Tigres UANL,7055,MEX1,2023
107444,2023-03-30,1200000,Deportivo Guadalajara,6711,MEX1,2023
107503,2023-03-30,2000000,Atlas Guadalajara,8590,MEX1,2023
111082,2023-03-30,2000000,Tigres UANL,7055,MEX1,2023
125019,2023-03-30,1800000,Club Tijuana,13353,MEX1,2023
125275,2023-03-30,400000,CF América,3631,MEX1,2023
129031,2023-03-30,800000,Club Necaxa,1146,MEX1,2023
131074,2023-03-30,1500000,Club Tijuana,13353,MEX1,2023
131090,2023-03-30,2200000,Tigres UANL,7055,MEX1,2023
131093,2023-03-30,3200000,CF Monterrey,2407,MEX1,2023
131248,2023-03-30,2000000,Club León FC,4941,MEX1,2023
135082,2023-03-30,3500000,CF Monterrey,2407,MEX1,2023
135851,2023-03-30,700000,Querétaro FC,4961,MEX1,2023
137840,2023-03-30,1000000,Club León FC,4941,MEX1,2023
142745,2023-03-30,2000000,Atlas Guadalajara,8590,MEX1,2023
148713,2023-03-30,1000000,CF Pachuca,4035,MEX1,2023
158327,2023-03-30,800000,UNAM Pumas,7633,MEX1,2023
160700,2023-03-30,1000000,Querétaro FC,4961,MEX1,2023
164749,2023-03-30,1500000,Atlético de San Luis,40188,MEX1,2023
175445,2023-03-30,2500000,Atlético de San Luis,40188,MEX1,2023
181780,2023-03-30,3000000,Atlético de San Luis,40188,MEX1,2023
181781,2023-03-30,1000000,Atlético de San Luis,40188,MEX1,2023
185012,2023-03-30,7000000,CF Monterrey,2407,MEX1,2023
189410,2023-03-30,4500000,CF Monterrey,2407,MEX1,2023
194998,2023-03-30,1800000,Atlas Guadalajara,8590,MEX1,2023
209513,2023-03-30,3500000,Tigres UANL,7055,MEX1,2023
212699,2023-03-30,3000000,Club León FC,4941,MEX1,2023
213841,2023-03-30,4500000,Santos Laguna,1403,MEX1,2023
221805,2023-03-30,3500000,CD Cruz Azul,3711,MEX1,2023
222010,2023-03-30,300000,Puebla FC,5662,MEX1,2023
227404,2023-03-30,2500000,Tigres UANL,7055,MEX1,2023
227671,2023-03-30,2200000,Deportivo Toluca,1804,MEX1,2023
234227,2023-03-30,1500000,Tigres UANL,7055,MEX1,2023
236710,2023-03-30,600000,Deportivo Toluca,1804,MEX1,2023
242201,2023-03-30,3200000,Club León FC,4941,MEX1,2023
242303,2023-03-30,3500000,Atlas Guadalajara,8590,MEX1,2023
242580,2023-03-30,500000,Santos Laguna,1403,MEX1,2023
243580,2023-03-30,1500000,Atlas Guadalajara,8590,MEX1,2023
244724,2023-03-30,1000000,FC Juárez,49283,MEX1,2023
248346,2023-03-30,5500000,Deportivo Toluca,1804,MEX1,2023
249776,2023-03-30,6000000,CF América,3631,MEX1,2023
249789,2023-03-30,1800000,Club Tijuana,13353,MEX1,2023
255744,2023-03-30,7000000,Tigres UANL,7055,MEX1,2023
256866,2023-03-30,4000000,FC Juárez,49283,MEX1,2023
259930,2023-03-30,2000000,FC Juárez,49283,MEX1,2023
261503,2023-03-30,7000000,CF América,3631,MEX1,2023
262999,2023-03-30,7000000,CF Pachuca,4035,MEX1,2023
264133,2023-03-30,2000000,Atlas Guadalajara,8590,MEX1,2023
266809,2023-03-30,2500000,UNAM Pumas,7633,MEX1,2023
267753,2023-03-30,7500000,Tigres UANL,7055,MEX1,2023
273638,2023-03-30,3500000,CF América,3631,MEX1,2023
274963,2023-03-30,1800000,Deportivo Guadalajara,6711,MEX1,2023
280379,2023-03-30,600000,CF Monterrey,2407,MEX1,2023
282283,2023-03-30,2000000,CD Cruz Azul,3711,MEX1,2023
282476,2023-03-30,6000000,CF Monterrey,2407,MEX1,2023
282927,2023-03-30,500000,CF Monterrey,2407,MEX1,2023
283473,2023-03-30,1000000,Mazatlán FC,82696,MEX1,2023
285771,2023-03-30,2000000,CF América,3631,MEX1,2023
285810,2023-03-30,2300000,Puebla FC,5662,MEX1,2023
286339,2023-03-30,6000000,CF América,3631,MEX1,2023
288609,2023-03-30,4500000,CF Monterrey,2407,MEX1,2023
288786,2023-03-30,4500000,UNAM Pumas,7633,MEX1,2023
291262,2023-03-30,400000,Santos Laguna,1403,MEX1,2023
294894,2023-03-30,3000000,CF América,3631,MEX1,2023
295373,2023-03-30,4500000,CF Monterrey,2407,MEX1,2023
295400,2023-03-30,1000000,Club Necaxa,1146,MEX1,2023
295424,2023-03-30,1200000,UNAM Pumas,7633,MEX1,2023
295426,2023-03-30,3200000,Club León FC,4941,MEX1,2023
308560,2023-03-30,2000000,Atlético de San Luis,40188,MEX1,2023
309505,2023-03-30,1000000,Mazatlán FC,82696,MEX1,2023
310744,2023-03-30,9000000,Tigres UANL,7055,MEX1,2023
311182,2023-03-30,800000,Puebla FC,5662,MEX1,2023
312568,2023-03-30,7000000,Tigres UANL,7055,MEX1,2023
312576,2023-03-30,300000,Santos Laguna,1403,MEX1,2023
322174,2023-03-30,1500000,Club León FC,4941,MEX1,2023
322696,2023-03-30,2500000,Puebla FC,5662,MEX1,2023
325598,2023-03-30,6500000,Deportivo Guadalajara,6711,MEX1,2023
325600,2023-03-30,1800000,FC Juárez,49283,MEX1,2023
325603,2023-03-30,1200000,Deportivo Guadalajara,6711,MEX1,2023
331059,2023-03-30,8000000,CF Pachuca,4035,MEX1,2023
332764,2023-03-30,1000000,CF Monterrey,2407,MEX1,2023
332829,2023-03-30,2000000,FC Juárez,49283,MEX1,2023
334538,2023-03-30,1000000,CD Cruz Azul,3711,MEX1,2023
335086,2023-03-30,2500000,Club Necaxa,1146,MEX1,2023
339758,2023-03-30,1000000,Querétaro FC,4961,MEX1,2023
344854,2023-03-30,4000000,CF Monterrey,2407,MEX1,2023
347577,2023-03-30,1800000,Atlético de San Luis,40188,MEX1,2023
347932,2023-03-30,700000,Puebla FC,5662,MEX1,2023
348264,2023-03-30,2000000,Puebla FC,5662,MEX1,2023
349150,2023-03-30,1000000,Puebla FC,5662,MEX1,2023
351505,2023-03-30,5000000,CF América,3631,MEX1,2023
352552,2023-03-30,800000,Atlético de San Luis,40188,MEX1,2023
353583,2023-03-30,5000000,Deportivo Guadalajara,6711,MEX1,2023
355998,2023-03-30,4000000,CD Cruz Azul,3711,MEX1,2023
356042,2023-03-30,5000000,Santos Laguna,1403,MEX1,2023
357937,2023-03-30,2000000,Club Tijuana,13353,MEX1,2023
366143,2023-03-30,4500000,Club León FC,4941,MEX1,2023
370861,2023-03-30,1000000,Deportivo Toluca,1804,MEX1,2023
370864,2023-03-30,1500000,Mazatlán FC,82696,MEX1,2023
370868,2023-03-30,600000,Mazatlán FC,82696,MEX1,2023
370875,2023-03-30,8000000,CF Pachuca,4035,MEX1,2023
371168,2023-03-30,1500000,CF Pachuca,4035,MEX1,2023
371169,2023-03-30,1500000,Deportivo Toluca,1804,MEX1,2023
371171,2023-03-30,500000,CD Cruz Azul,3711,MEX1,2023
371174,2023-03-30,2500000,Tigres UANL,7055,MEX1,2023
378351,2023-03-30,1200000,Club León FC,4941,MEX1,2023
380996,2023-03-30,2800000,Club Tijuana,13353,MEX1,2023
384368,2023-03-30,1200000,Mazatlán FC,82696,MEX1,2023
397003,2023-03-30,3000000,Deportivo Guadalajara,6711,MEX1,2023
397680,2023-03-30,2500000,Club Necaxa,1146,MEX1,2023
400171,2023-03-30,2800000,Santos Laguna,1403,MEX1,2023
400173,2023-03-30,5000000,Santos Laguna,1403,MEX1,2023
400208,2023-03-30,400000,Mazatlán FC,82696,MEX1,2023
401311,2023-03-30,1000000,Club Necaxa,1146,MEX1,2023
401344,2023-03-30,1500000,Deportivo Guadalajara,6711,MEX1,2023
401349,2023-03-30,400000,Atlas Guadalajara,8590,MEX1,2023
401355,2023-03-30,1000000,Atlas Guadalajara,8590,MEX1,2023
401572,2023-03-30,5500000,CF Monterrey,2407,MEX1,2023
406296,2023-03-30,1800000,CD Cruz Azul,3711,MEX1,2023
408534,2023-03-30,2000000,Deportivo Guadalajara,6711,MEX1,2023
411709,2023-03-30,2000000,Club León FC,4941,MEX1,2023
413658,2023-03-30,3000000,CF Monterrey,2407,MEX1,2023
416083,2023-03-30,1800000,Atlas Guadalajara,8590,MEX1,2023
416090,2023-03-30,6000000,Atlas Guadalajara,8590,MEX1,2023
419457,2023-03-30,600000,Atlas Guadalajara,8590,MEX1,2023
421920,2023-03-30,600000,CD Cruz Azul,3711,MEX1,2023
423619,2023-03-30,3500000,CF América,3631,MEX1,2023
424689,2023-03-30,8000000,Deportivo Guadalajara,6711,MEX1,2023
426324,2023-03-30,1500000,Querétaro FC,4961,MEX1,2023
427203,2023-03-30,2000000,Atlas Guadalajara,8590,MEX1,2023
429591,2023-03-30,1000000,FC Juárez,49283,MEX1,2023
430021,2023-03-30,2500000,CF Monterrey,2407,MEX1,2023
431533,2023-03-30,4500000,Tigres UANL,7055,MEX1,2023
431703,2023-03-30,1000000,Querétaro FC,4961,MEX1,2023
432222,2023-03-30,200000,Santos Laguna,1403,MEX1,2023
432225,2023-03-30,600000,Santos Laguna,1403,MEX1,2023
439108,2023-03-30,2500000,Club León FC,4941,MEX1,2023
441477,2023-03-30,500000,Club Tijuana,4961,MEX1,2023
446106,2023-03-30,3000000,Atlético de San Luis,40188,MEX1,2023
448414,2023-03-30,1000000,FC Juárez,49283,MEX1,2023
450406,2023-03-30,800000,CD Cruz Azul,3711,MEX1,2023
461608,2023-03-30,500000,CD Cruz Azul,3711,MEX1,2023
465647,2023-03-30,200000,Tigres UANL,7055,MEX1,2023
465818,2023-03-30,4000000,CF América,3631,MEX1,2023
466268,2023-03-30,5500000,Santos Laguna,1403,MEX1,2023
468174,2023-03-30,6000000,Santos Laguna,1403,MEX1,2023
471988,2023-03-30,2500000,Deportivo Toluca,1804,MEX1,2023
495116,2023-03-30,800000,Club Tijuana,13353,MEX1,2023
504104,2023-03-30,400000,Atlas Guadalajara,8590,MEX1,2023
518073,2023-03-30,600000,Club León FC,4941,MEX1,2023
532240,2023-03-30,700000,Club Necaxa,1146,MEX1,2023
532389,2023-03-30,4000000,CF América,3631,MEX1,2023
532938,2023-03-30,6500000,CF Monterrey,2407,MEX1,2023
534620,2023-03-30,8000000,CD Cruz Azul,3711,MEX1,2023
539067,2023-03-30,3000000,Club Tijuana,13353,MEX1,2023
540306,2023-03-30,200000,CF Monterrey,2407,MEX1,2023
540315,2023-03-30,1200000,UNAM Pumas,7633,MEX1,2023
546047,2023-03-30,3000000,Deportivo Guadalajara,6711,MEX1,2023
549294,2023-03-30,5500000,Deportivo Guadalajara,6711,MEX1,2023
549361,2023-03-30,2500000,Club León FC,4941,MEX1,2023
552960,2023-03-30,1200000,Atlético de San Luis,40188,MEX1,2023
553422,2023-03-30,3500000,CD Cruz Azul,3711,MEX1,2023
557070,2023-03-30,3500000,CF América,3631,MEX1,2023
560312,2023-03-30,200000,Club León FC,4941,MEX1,2023
560325,2023-03-30,600000,Puebla FC,5662,MEX1,2023
570431,2023-03-30,600000,Club León FC,4941,MEX1,2023
570547,2023-03-30,700000,Club León FC,4941,MEX1,2023
570550,2023-03-30,500000,Atlas Guadalajara,8590,MEX1,2023
572675,2023-03-30,7000000,Deportivo Toluca,1804,MEX1,2023
572705,2023-03-30,7000000,CF Pachuca,4035,MEX1,2023
577260,2023-03-30,2000000,Club Necaxa,1146,MEX1,2023
578419,2023-03-30,1800000,CF América,3631,MEX1,2023
578737,2023-03-30,800000,CF Pachuca,4035,MEX1,2023
589363,2023-03-30,3000000,Club Necaxa,1146,MEX1,2023
596906,2023-03-30,1000000,Deportivo Guadalajara,6711,MEX1,2023
596929,2023-03-30,3000000,Deportivo Guadalajara,6711,MEX1,2023
597092,2023-03-30,800000,Club León FC,4941,MEX1,2023
597727,2023-03-30,200000,Mazatlán FC,82696,MEX1,2023
597728,2023-03-30,5000000,Deportivo Toluca,1804,MEX1,2023
598838,2023-03-30,4500000,Club León FC,4941,MEX1,2023
599331,2023-03-30,300000,Atlético de San Luis,40188,MEX1,2023
599569,2023-03-30,2000000,Tigres UANL,7055,MEX1,2023
599732,2023-03-30,1000000,Club Tijuana,13353,MEX1,2023
600905,2023-03-30,2500000,Tigres UANL,7055,MEX1,2023
600956,2023-03-30,600000,FC Juárez,49283,MEX1,2023
602324,2023-03-30,4500000,CD Cruz Azul,3711,MEX1,2023
614303,2023-03-30,500000,FC Juárez,49283,MEX1,2023
629006,2023-03-30,2000000,Atlas Guadalajara,8590,MEX1,2023
639390,2023-03-30,1000000,Mazatlán FC,82696,MEX1,2023
646432,2023-03-30,1800000,UNAM Pumas,7633,MEX1,2023
654144,2023-03-30,600000,Club Tijuana,13353,MEX1,2023
661481,2023-03-30,200000,CF Pachuca,4035,MEX1,2023
663290,2023-03-30,200000,Puebla FC,5662,MEX1,2023
663319,2023-03-30,1000000,CF Pachuca,4035,MEX1,2023
668529,2023-03-30,800000,CD Cruz Azul,3711,MEX1,2023
670185,2023-03-30,400000,CF Monterrey,2407,MEX1,2023
671951,2023-03-30,3000000,UNAM Pumas,7633,MEX1,2023
686444,2023-03-30,5000000,CF Monterrey,2407,MEX1,2023
686449,2023-03-30,3500000,CF América,3631,MEX1,2023
687558,2023-03-30,4500000,CF América,3631,MEX1,2023
687559,2023-03-30,400000,Santos Laguna,1403,MEX1,2023
688778,2023-03-30,1500000,Santos Laguna,1403,MEX1,2023
690024,2023-03-30,1500000,Santos Laguna,1403,MEX1,2023
690681,2023-03-30,800000,Querétaro FC,4961,MEX1,2023
691075,2023-03-30,1500000,Tigres UANL,7055,MEX1,2023
704554,2023-03-30,1000000,Santos Laguna,1403,MEX1,2023
704555,2023-03-30,1000000,CF Pachuca,4035,MEX1,2023
704556,2023-03-30,400000,CF Pachuca,4035,MEX1,2023
704868,2023-03-30,600000,CF Pachuca,4035,MEX1,2023
715428,2023-03-30,500000,Querétaro FC,4961,MEX1,2023
723240,2023-03-30,2000000,Club León FC,4941,MEX1,2023
729356,2023-03-30,1200000,Club Tijuana,13353,MEX1,2023
737125,2023-03-30,4000000,Atlas Guadalajara,8590,MEX1,2023
747820,2023-03-30,1200000,UNAM Pumas,7633,MEX1,2023
786000,2023-03-30,1000000,Deportivo Guadalajara,6711,MEX1,2023
799707,2023-03-30,4000000,CF Pachuca,4035,MEX1,2023
802855,2023-03-30,400000,Deportivo Guadalajara,6711,MEX1,2023
804282,2023-03-30,400000,UNAM Pumas,7633,MEX1,2023
810710,2023-03-30,50000,Puebla FC,5662,MEX1,2023
811373,2023-03-30,400000,CF Pachuca,4035,MEX1,2023
820227,2023-03-30,100000,Mazatlán FC,82696,MEX1,2023
833271,2023-03-30,100000,Atlas Guadalajara,8590,MEX1,2023
854360,2023-03-30,600000,Deportivo Toluca,1804,MEX1,2023
854454,2023-03-30,5000000,Santos Laguna,1403,MEX1,2023
854686,2023-03-30,200000,CF Pachuca,4035,MEX1,2023
858660,2023-03-30,100000,CF Pachuca,4035,MEX1,2023
891804,2023-03-30,800000,Querétaro FC,4961,MEX1,2023
915016,2023-03-30,850000,Club Necaxa,1146,MEX1,2023
915155,2023-03-30,4000000,Deportivo Guadalajara,6711,MEX1,2023
923213,2023-03-30,800000,UNAM Pumas,7633,MEX1,2023
936956,2023-03-30,1000000,Deportivo Guadalajara,6711,MEX1,2023
945134,2023-03-30,200000,Puebla FC,5662,MEX1,2023
945935,2023-03-30,300000,Querétaro FC,4961,MEX1,2023
950872,2023-03-30,1000000,CF Pachuca,4035,MEX1,2023
950873,2023-03-30,600000,UNAM Pumas,7633,MEX1,2023
950874,2023-03-30,1000000,Club Necaxa,1146,MEX1,2023
971630,2023-03-30,500000,CD Cruz Azul,3711,MEX1,2023
993722,2023-03-30,300000,Mazatlán FC,82696,MEX1,2023
997057,2023-03-30,700000,FC Juárez,49283,MEX1,2023
1011115,2023-03-30,200000,CF Pachuca,4035,MEX1,2023
1030003,2023-03-30,700000,Querétaro FC,4961,MEX1,2023
1035924,2023-03-30,100000,Atlético de San Luis,40188,MEX1,2023
1087306,2023-03-30,400000,UNAM Pumas,7633,MEX1,2023
580142,2023-04-03,175000,CA Boston River,13353,MEX1,2023
85324,2023-06-14,3500000,Real Oviedo,4035,MEX1,2023
11111,2023-06-29,1000000,CD Cruz Azul,3711,MEX1,2023
30677,2023-06-29,1000000,CF Pachuca,4035,MEX1,2023
43907,2023-06-29,1200000,Tigres UANL,7055,MEX1,2023
51046,2023-06-29,1200000,CF Monterrey,2407,MEX1,2023
51546,2023-06-29,900000,Querétaro FC,4961,MEX1,2023
53180,2023-06-29,1000000,CD Cruz Azul,3711,MEX1,2023
60445,2023-06-29,800000,CF América,3631,MEX1,2023
63333,2023-06-29,300000,Club León FC,4941,MEX1,2023
64134,2023-06-29,2000000,CF América,3631,MEX1,2023
67917,2023-06-29,1800000,Tigres UANL,7055,MEX1,2023
71401,2023-06-29,1200000,Club León FC,4941,MEX1,2023
74113,2023-06-29,1800000,Atlas Guadalajara,8590,MEX1,2023
74421,2023-06-29,1500000,Deportivo Toluca,1804,MEX1,2023
84535,2023-06-29,2200000,UNAM Pumas,7633,MEX1,2023
87859,2023-06-29,1000000,Tigres UANL,7055,MEX1,2023
96313,2023-06-29,1000000,Puebla FC,5662,MEX1,2023
102699,2023-06-29,300000,FC Juárez,49283,MEX1,2023
105899,2023-06-29,1800000,Tigres UANL,7055,MEX1,2023
107444,2023-06-29,1500000,Deportivo Guadalajara,6711,MEX1,2023
107503,2023-06-29,1800000,Atlas Guadalajara,8590,MEX1,2023
111082,2023-06-29,1800000,Tigres UANL,7055,MEX1,2023
125019,2023-06-29,1500000,Club Tijuana,13353,MEX1,2023
125275,2023-06-29,400000,CF América,3631,MEX1,2023
129031,2023-06-29,1000000,Club Necaxa,1146,MEX1,2023
131074,2023-06-29,1500000,Club Tijuana,13353,MEX1,2023
131090,2023-06-29,2000000,Tigres UANL,7055,MEX1,2023
131093,2023-06-29,3200000,CF Monterrey,2407,MEX1,2023
131248,2023-06-29,1500000,Club León FC,4941,MEX1,2023
135082,2023-06-29,3200000,CF Monterrey,2407,MEX1,2023
135851,2023-06-29,700000,Querétaro FC,4961,MEX1,2023
137840,2023-06-29,1000000,Club León FC,4941,MEX1,2023
142745,2023-06-29,1800000,Atlas Guadalajara,8590,MEX1,2023
148713,2023-06-29,1000000,CF Pachuca,4035,MEX1,2023
158327,2023-06-29,800000,UNAM Pumas,7633,MEX1,2023
160700,2023-06-29,1000000,Querétaro FC,4961,MEX1,2023
164749,2023-06-29,1500000,Atlético de San Luis,40188,MEX1,2023
175445,2023-06-29,3000000,Atlético de San Luis,40188,MEX1,2023
181780,2023-06-29,3000000,Atlético de San Luis,40188,MEX1,2023
181781,2023-06-29,1200000,Atlético de San Luis,40188,MEX1,2023
185012,2023-06-29,7000000,CF Monterrey,2407,MEX1,2023
189410,2023-06-29,4500000,CF Monterrey,2407,MEX1,2023
194998,2023-06-29,1500000,Atlas Guadalajara,8590,MEX1,2023
209513,2023-06-29,3500000,Tigres UANL,7055,MEX1,2023
212699,2023-06-29,3200000,Club León FC,4941,MEX1,2023
213841,2023-06-29,4500000,Santos Laguna,1403,MEX1,2023
221805,2023-06-29,2500000,CD Cruz Azul,3711,MEX1,2023
222010,2023-06-29,300000,Puebla FC,5662,MEX1,2023
227404,2023-06-29,2500000,Tigres UANL,7055,MEX1,2023
227671,2023-06-29,2200000,Deportivo Toluca,1804,MEX1,2023
234227,2023-06-29,1500000,Tigres UANL,7055,MEX1,2023
236710,2023-06-29,600000,Deportivo Toluca,1804,MEX1,2023
242201,2023-06-29,3200000,Club León FC,4941,MEX1,2023
242303,2023-06-29,3000000,Atlas Guadalajara,8590,MEX1,2023
242580,2023-06-29,300000,Santos Laguna,1403,MEX1,2023
243580,2023-06-29,1500000,Atlas Guadalajara,8590,MEX1,2023
244724,2023-06-29,800000,FC Juárez,49283,MEX1,2023
248346,2023-06-29,5500000,Deportivo Toluca,1804,MEX1,2023
249776,2023-06-29,6500000,CF América,3631,MEX1,2023
249789,2023-06-29,1800000,Club Tijuana,13353,MEX1,2023
255744,2023-06-29,7000000,Tigres UANL,7055,MEX1,2023
256866,2023-06-29,4000000,FC Juárez,49283,MEX1,2023
259930,2023-06-29,2000000,FC Juárez,49283,MEX1,2023
261503,2023-06-29,7000000,CF América,3631,MEX1,2023
262999,2023-06-29,5000000,CF Pachuca,4035,MEX1,2023
264133,2023-06-29,1800000,Atlas Guadalajara,8590,MEX1,2023
266809,2023-06-29,2500000,UNAM Pumas,7633,MEX1,2023
267753,2023-06-29,7000000,Tigres UANL,7055,MEX1,2023
273638,2023-06-29,3000000,CF América,3631,MEX1,2023
274963,2023-06-29,1800000,Deportivo Guadalajara,6711,MEX1,2023
280379,2023-06-29,600000,CF Monterrey,2407,MEX1,2023
282283,2023-06-29,1500000,CD Cruz Azul,3711,MEX1,2023
282476,2023-06-29,5000000,CF Monterrey,2407,MEX1,2023
282927,2023-06-29,700000,CF Monterrey,2407,MEX1,2023
283473,2023-06-29,1000000,Mazatlán FC,82696,MEX1,2023
285771,2023-06-29,1500000,CF América,3631,MEX1,2023
285810,2023-06-29,1800000,Puebla FC,5662,MEX1,2023
286339,2023-06-29,6000000,CF América,3631,MEX1,2023
288609,2023-06-29,4000000,CF Monterrey,2407,MEX1,2023
288786,2023-06-29,4500000,UNAM Pumas,7633,MEX1,2023
291262,2023-06-29,400000,Santos Laguna,1403,MEX1,2023
294894,2023-06-29,3000000,CF América,3631,MEX1,2023
295373,2023-06-29,4000000,CF Monterrey,2407,MEX1,2023
295400,2023-06-29,800000,Club Necaxa,1146,MEX1,2023
295424,2023-06-29,1000000,UNAM Pumas,7633,MEX1,2023
295426,2023-06-29,3200000,Club León FC,4941,MEX1,2023
308560,2023-06-29,2000000,Atlético de San Luis,40188,MEX1,2023
309505,2023-06-29,800000,Mazatlán FC,82696,MEX1,2023
310744,2023-06-29,9000000,Tigres UANL,7055,MEX1,2023
311182,2023-06-29,800000,Puebla FC,5662,MEX1,2023
312568,2023-06-29,7000000,Tigres UANL,7055,MEX1,2023
312576,2023-06-29,300000,Santos Laguna,1403,MEX1,2023
322174,2023-06-29,1000000,Club León FC,4941,MEX1,2023
322696,2023-06-29,2500000,Puebla FC,5662,MEX1,2023
325598,2023-06-29,7000000,Deportivo Guadalajara,6711,MEX1,2023
325600,2023-06-29,1000000,FC Juárez,49283,MEX1,2023
325603,2023-06-29,1000000,Deportivo Guadalajara,6711,MEX1,2023
331059,2023-06-29,8000000,CF Pachuca,4035,MEX1,2023
332764,2023-06-29,500000,CF Monterrey,2407,MEX1,2023
332829,2023-06-29,2000000,FC Juárez,49283,MEX1,2023
334538,2023-06-29,800000,CD Cruz Azul,3711,MEX1,2023
335086,2023-06-29,2500000,Club Necaxa,1146,MEX1,2023
339758,2023-06-29,1800000,Querétaro FC,4961,MEX1,2023
344854,2023-06-29,5000000,CF Monterrey,2407,MEX1,2023
347577,2023-06-29,2000000,Atlético de San Luis,40188,MEX1,2023
347932,2023-06-29,900000,Puebla FC,5662,MEX1,2023
348264,2023-06-29,2000000,Puebla FC,5662,MEX1,2023
349150,2023-06-29,1000000,Puebla FC,5662,MEX1,2023
351505,2023-06-29,5000000,CF América,3631,MEX1,2023
352552,2023-06-29,800000,Atlético de San Luis,40188,MEX1,2023
353583,2023-06-29,5500000,Deportivo Guadalajara,6711,MEX1,2023
355998,2023-06-29,4000000,CD Cruz Azul,3711,MEX1,2023
356042,2023-06-29,5000000,Santos Laguna,1403,MEX1,2023
357937,2023-06-29,1800000,Club Tijuana,13353,MEX1,2023
366143,2023-06-29,5500000,Club León FC,4941,MEX1,2023
370861,2023-06-29,1500000,Deportivo Toluca,1804,MEX1,2023
370864,2023-06-29,2500000,Mazatlán FC,82696,MEX1,2023
370868,2023-06-29,800000,Mazatlán FC,82696,MEX1,2023
370875,2023-06-29,8000000,CF Pachuca,4035,MEX1,2023
371168,2023-06-29,1500000,CF Pachuca,4035,MEX1,2023
371169,2023-06-29,1200000,Deportivo Toluca,1804,MEX1,2023
371171,2023-06-29,500000,CD Cruz Azul,3711,MEX1,2023
371174,2023-06-29,2500000,Tigres UANL,7055,MEX1,2023
378351,2023-06-29,1200000,Club León FC,4941,MEX1,2023
380996,2023-06-29,2800000,Club Tijuana,13353,MEX1,2023
384368,2023-06-29,1200000,Mazatlán FC,82696,MEX1,2023
397003,2023-06-29,4500000,Deportivo Guadalajara,6711,MEX1,2023
397680,2023-06-29,2800000,Club Necaxa,1146,MEX1,2023
400171,2023-06-29,2000000,Santos Laguna,1403,MEX1,2023
400173,2023-06-29,5000000,Santos Laguna,1403,MEX1,2023
400208,2023-06-29,900000,Mazatlán FC,82696,MEX1,2023
401311,2023-06-29,1000000,Club Necaxa,1146,MEX1,2023
401344,2023-06-29,1500000,Deportivo Guadalajara,6711,MEX1,2023
401349,2023-06-29,400000,Atlas Guadalajara,8590,MEX1,2023
401355,2023-06-29,800000,Atlas Guadalajara,8590,MEX1,2023
401572,2023-06-29,5500000,CF Monterrey,2407,MEX1,2023
406296,2023-06-29,1500000,CD Cruz Azul,3711,MEX1,2023
408534,2023-06-29,2000000,Deportivo Guadalajara,6711,MEX1,2023
411709,2023-06-29,2000000,Club León FC,4941,MEX1,2023
413658,2023-06-29,2000000,CF Monterrey,2407,MEX1,2023
416083,2023-06-29,1800000,Atlas Guadalajara,8590,MEX1,2023
416090,2023-06-29,9000000,Atlas Guadalajara,8590,MEX1,2023
419457,2023-06-29,1000000,Atlas Guadalajara,8590,MEX1,2023
421920,2023-06-29,600000,CD Cruz Azul,3711,MEX1,2023
423619,2023-06-29,4500000,CF América,3631,MEX1,2023
424689,2023-06-29,7500000,Deportivo Guadalajara,6711,MEX1,2023
426324,2023-06-29,2000000,Querétaro FC,4961,MEX1,2023
427203,2023-06-29,1500000,Atlas Guadalajara,8590,MEX1,2023
429591,2023-06-29,1500000,FC Juárez,49283,MEX1,2023
430021,2023-06-29,2000000,CF Monterrey,2407,MEX1,2023
431533,2023-06-29,6500000,Tigres UANL,7055,MEX1,2023
431703,2023-06-29,1500000,Querétaro FC,4961,MEX1,2023
432222,2023-06-29,200000,Santos Laguna,1403,MEX1,2023
432225,2023-06-29,900000,Santos Laguna,1403,MEX1,2023
439108,2023-06-29,2500000,CF Pachuca,4035,MEX1,2023
441477,2023-06-29,1000000,Club Tijuana,4961,MEX1,2023
446106,2023-06-29,5000000,Atlético de San Luis,40188,MEX1,2023
448414,2023-06-29,1000000,FC Juárez,49283,MEX1,2023
450406,2023-06-29,800000,CD Cruz Azul,3711,MEX1,2023
461608,2023-06-29,500000,CD Cruz Azul,3711,MEX1,2023
465647,2023-06-29,200000,Tigres UANL,7055,MEX1,2023
465818,2023-06-29,3000000,CF América,3631,MEX1,2023
466268,2023-06-29,5500000,Santos Laguna,1403,MEX1,2023
468174,2023-06-29,6000000,Santos Laguna,1403,MEX1,2023
471988,2023-06-29,3000000,Deportivo Toluca,1804,MEX1,2023
495116,2023-06-29,800000,Club Tijuana,13353,MEX1,2023
504104,2023-06-29,400000,Atlas Guadalajara,8590,MEX1,2023
532240,2023-06-29,800000,Club Necaxa,1146,MEX1,2023
532389,2023-06-29,4000000,CF América,3631,MEX1,2023
532938,2023-06-29,6500000,CF Monterrey,2407,MEX1,2023
534620,2023-06-29,8000000,CD Cruz Azul,3711,MEX1,2023
539067,2023-06-29,3000000,Club Tijuana,13353,MEX1,2023
540306,2023-06-29,200000,CF Monterrey,2407,MEX1,2023
540315,2023-06-29,1200000,UNAM Pumas,7633,MEX1,2023
546047,2023-06-29,3000000,Deportivo Guadalajara,6711,MEX1,2023
549294,2023-06-29,6000000,Deportivo Guadalajara,6711,MEX1,2023
549361,2023-06-29,2000000,Club León FC,4941,MEX1,2023
552960,2023-06-29,1200000,Atlético de San Luis,40188,MEX1,2023
553422,2023-06-29,3500000,CD Cruz Azul,3711,MEX1,2023
557070,2023-06-29,3500000,CF América,3631,MEX1,2023
560312,2023-06-29,200000,Club León FC,4941,MEX1,2023
560325,2023-06-29,600000,Puebla FC,5662,MEX1,2023
570431,2023-06-29,900000,Club León FC,4941,MEX1,2023
570547,2023-06-29,1000000,Club León FC,4941,MEX1,2023
570550,2023-06-29,400000,Atlas Guadalajara,8590,MEX1,2023
572675,2023-06-29,8500000,Deportivo Toluca,1804,MEX1,2023
572705,2023-06-29,7000000,CF Pachuca,4035,MEX1,2023
577260,2023-06-29,2000000,Club Necaxa,1146,MEX1,2023
578419,2023-06-29,1500000,CF América,3631,MEX1,2023
578737,2023-06-29,800000,CF Pachuca,4035,MEX1,2023
589363,2023-06-29,3000000,Club Necaxa,1146,MEX1,2023
596906,2023-06-29,1000000,Deportivo Guadalajara,6711,MEX1,2023
596929,2023-06-29,4000000,Deportivo Guadalajara,6711,MEX1,2023
597092,2023-06-29,1500000,Club León FC,4941,MEX1,2023
597727,2023-06-29,700000,Mazatlán FC,82696,MEX1,2023
597728,2023-06-29,5000000,Deportivo Toluca,1804,MEX1,2023
598838,2023-06-29,4500000,Club León FC,4941,MEX1,2023
599331,2023-06-29,400000,Atlético de San Luis,40188,MEX1,2023
599569,2023-06-29,1000000,Tigres UANL,7055,MEX1,2023
599732,2023-06-29,700000,Club Tijuana,13353,MEX1,2023
600905,2023-06-29,2500000,Tigres UANL,7055,MEX1,2023
600956,2023-06-29,500000,FC Juárez,49283,MEX1,2023
602324,2023-06-29,4500000,CD Cruz Azul,3711,MEX1,2023
614303,2023-06-29,400000,FC Juárez,49283,MEX1,2023
629006,2023-06-29,3500000,Atlas Guadalajara,8590,MEX1,2023
639390,2023-06-29,1500000,Mazatlán FC,82696,MEX1,2023
646432,2023-06-29,1500000,UNAM Pumas,7633,MEX1,2023
654144,2023-06-29,600000,Club Tijuana,13353,MEX1,2023
661481,2023-06-29,200000,CF Pachuca,4035,MEX1,2023
663290,2023-06-29,200000,Puebla FC,5662,MEX1,2023
663319,2023-06-29,1000000,CF Pachuca,4035,MEX1,2023
668529,2023-06-29,2500000,CD Cruz Azul,3711,MEX1,2023
670185,2023-06-29,400000,CF Monterrey,2407,MEX1,2023
671951,2023-06-29,3000000,UNAM Pumas,7633,MEX1,2023
686444,2023-06-29,6000000,CF Monterrey,2407,MEX1,2023
686449,2023-06-29,3000000,CF América,3631,MEX1,2023
687558,2023-06-29,5000000,CF América,3631,MEX1,2023
687559,2023-06-29,400000,Santos Laguna,1403,MEX1,2023
688778,2023-06-29,1500000,Santos Laguna,1403,MEX1,2023
690024,2023-06-29,1500000,Santos Laguna,1403,MEX1,2023
690681,2023-06-29,800000,Querétaro FC,4961,MEX1,2023
691075,2023-06-29,3000000,Tigres UANL,7055,MEX1,2023
704554,2023-06-29,1000000,Santos Laguna,1403,MEX1,2023
704555,2023-06-29,1000000,CF Pachuca,4035,MEX1,2023
704556,2023-06-29,400000,CF Pachuca,4035,MEX1,2023
704868,2023-06-29,600000,CF Pachuca,4035,MEX1,2023
715428,2023-06-29,900000,Querétaro FC,4961,MEX1,2023
723240,2023-06-29,4000000,Club León FC,4941,MEX1,2023
729356,2023-06-29,1200000,Club Tijuana,13353,MEX1,2023
737125,2023-06-29,3500000,Atlas Guadalajara,8590,MEX1,2023
747820,2023-06-29,1000000,UNAM Pumas,7633,MEX1,2023
786000,2023-06-29,1000000,Deportivo Guadalajara,6711,MEX1,2023
799707,2023-06-29,4000000,CF Pachuca,4035,MEX1,2023
802855,2023-06-29,400000,Deportivo Guadalajara,6711,MEX1,2023
804282,2023-06-29,400000,UNAM Pumas,7633,MEX1,2023
810710,2023-06-29,50000,Puebla FC,5662,MEX1,2023
811373,2023-06-29,400000,CF Pachuca,4035,MEX1,2023
820227,2023-06-29,100000,Mazatlán FC,82696,MEX1,2023
833271,2023-06-29,100000,Atlas Guadalajara,8590,MEX1,2023
838928,2023-06-29,600000,Puebla FC,5662,MEX1,2023
854360,2023-06-29,500000,Deportivo Toluca,1804,MEX1,2023
854454,2023-06-29,5000000,Santos Laguna,1403,MEX1,2023
854686,2023-06-29,200000,CF Pachuca,4035,MEX1,2023
858660,2023-06-29,100000,CF Pachuca,4035,MEX1,2023
891804,2023-06-29,800000,Querétaro FC,4961,MEX1,2023
915016,2023-06-29,800000,Club Necaxa,1146,MEX1,2023
915155,2023-06-29,5500000,Deportivo Guadalajara,6711,MEX1,2023
923213,2023-06-29,1200000,UNAM Pumas,7633,MEX1,2023
936956,2023-06-29,1000000,Deportivo Guadalajara,6711,MEX1,2023
945134,2023-06-29,200000,Puebla FC,5662,MEX1,2023
945935,2023-06-29,500000,Querétaro FC,4961,MEX1,2023
950872,2023-06-29,1500000,CF Pachuca,4035,MEX1,2023
950873,2023-06-29,600000,UNAM Pumas,7633,MEX1,2023
950874,2023-06-29,1000000,Club Necaxa,1146,MEX1,2023
971630,2023-06-29,600000,CD Cruz Azul,3711,MEX1,2023
993722,2023-06-29,900000,Mazatlán FC,82696,MEX1,2023
997057,2023-06-29,1000000,FC Juárez,49283,MEX1,2023
1011115,2023-06-29,200000,CF Pachuca,4035,MEX1,2023
1030003,2023-06-29,900000,Querétaro FC,4961,MEX1,2023
1035924,2023-06-29,100000,Atlético de San Luis,40188,MEX1,2023
1087306,2023-06-29,1000000,UNAM Pumas,7633,MEX1,2023
520405,2023-06-30,1800000,Deportivo Toluca,1804,MEX1,2023
337600,2023-07-04,4000000,Club Necaxa,1146,MEX1,2023
424984,2023-07-04,3500000,Mazatlán FC,82696,MEX1,2023
556047,2023-07-04,2700000,CF Pachuca,4035,MEX1,2023
571912,2023-07-07,1000000,Club Necaxa,1146,MEX1,2023
600857,2023-07-07,1200000,Puebla FC,5662,MEX1,2023
650861,2023-07-07,1200000,CD Cruz Azul,3711,MEX1,2023
659693,2023-07-07,1000000,Atlas Guadalajara,8590,MEX1,2023
857948,2023-07-07,1800000,CD Cruz Azul,3711,MEX1,2023
580142,2023-07-10,175000,CA Boston River,13353,MEX1,2023
261309,2023-07-25,6000000,CF Pachuca,4035,MEX1,2023
440652,2023-07-25,5000000,UNAM Pumas,7633,MEX1,2023
547443,2023-07-25,5000000,Deportivo Toluca,1804,MEX1,2023
788361,2023-07-25,1300000,CD Cruz Azul,3711,MEX1,2023
51046,2023-10-03,1000000,CF Monterrey,2407,MEX1,2023
60445,2023-10-03,1000000,CF América,3631,MEX1,2023
66106,2023-10-03,13000000,CF Monterrey,2407,MEX1,2023
71401,2023-10-03,1000000,Club León FC,4941,MEX1,2023
125165,2023-10-03,7000000,CF Monterrey,2407,MEX1,2023
131093,2023-10-03,3000000,CF Monterrey,2407,MEX1,2023
135082,2023-10-03,3000000,CF Monterrey,2407,MEX1,2023
158327,2023-10-03,1000000,UNAM Pumas,7633,MEX1,2023
175445,2023-10-03,4000000,Atlético de San Luis,40188,MEX1,2023
181780,2023-10-03,4000000,Atlético de San Luis,40188,MEX1,2023
185012,2023-10-03,6000000,CF Monterrey,2407,MEX1,2023
222010,2023-10-03,700000,Puebla FC,5662,MEX1,2023
242303,2023-10-03,2500000,Atlas Guadalajara,8590,MEX1,2023
242580,2023-10-03,700000,Santos Laguna,1403,MEX1,2023
243580,2023-10-03,1800000,Atlas Guadalajara,8590,MEX1,2023
248346,2023-10-03,5000000,Deportivo Toluca,1804,MEX1,2023
261309,2023-10-03,4000000,CF Pachuca,4035,MEX1,2023
267753,2023-10-03,5500000,Tigres UANL,7055,MEX1,2023
286339,2023-10-03,5000000,CF América,3631,MEX1,2023
288786,2023-10-03,4000000,UNAM Pumas,7633,MEX1,2023
295426,2023-10-03,2500000,Club León FC,4941,MEX1,2023
308560,2023-10-03,2500000,Atlético de San Luis,40188,MEX1,2023
322696,2023-10-03,2000000,Puebla FC,5662,MEX1,2023
325598,2023-10-03,6000000,Deportivo Guadalajara,6711,MEX1,2023
347932,2023-10-03,1000000,Puebla FC,5662,MEX1,2023
356042,2023-10-03,4500000,Santos Laguna,1403,MEX1,2023
360412,2023-10-03,3500000,Atlas Guadalajara,8590,MEX1,2023
370869,2023-10-03,400000,CF Monterrey,2407,MEX1,2023
400194,2023-10-03,1000000,Deportivo Guadalajara,6711,MEX1,2023
424689,2023-10-03,7000000,Deportivo Guadalajara,6711,MEX1,2023
439108,2023-10-03,2000000,CF Pachuca,4035,MEX1,2023
446106,2023-10-03,7000000,Atlético de San Luis,40188,MEX1,2023
465818,2023-10-03,5000000,CF América,3631,MEX1,2023
466268,2023-10-03,7000000,Santos Laguna,1403,MEX1,2023
532389,2023-10-03,3500000,CF América,3631,MEX1,2023
534620,2023-10-03,7000000,CD Cruz Azul,3711,MEX1,2023
540305,2023-10-03,500000,Atlético de San Luis,40188,MEX1,2023
540315,2023-10-03,4000000,UNAM Pumas,7633,MEX1,2023
570431,2023-10-03,1300000,Club León FC,4941,MEX1,2023
597092,2023-10-03,2000000,Club León FC,4941,MEX1,2023
598838,2023-10-03,5000000,Club León FC,4941,MEX1,2023
599569,2023-10-03,700000,Tigres UANL,7055,MEX1,2023
611018,2023-10-03,200000,FC Juárez,49283,MEX1,2023
646297,2023-10-03,500000,Club Tijuana,13353,MEX1,2023
650861,2023-10-03,3000000,CD Cruz Azul,3711,MEX1,2023
661481,2023-10-03,800000,CF Pachuca,4035,MEX1,2023
662451,2023-10-03,1500000,UNAM Pumas,7633,MEX1,2023
686447,2023-10-03,200000,Santos Laguna,1403,MEX1,2023
691075,2023-10-03,2000000,Tigres UANL,7055,MEX1,2023
699797,2023-10-03,1000000,CF América,3631,MEX1,2023
737125,2023-10-03,2500000,Atlas Guadalajara,8590,MEX1,2023
798507,2023-10-03,900000,FC Juárez,49283,MEX1,2023
802857,2023-10-03,800000,FC Juárez,49283,MEX1,2023
811373,2023-10-03,1200000,CF Pachuca,4035,MEX1,2023
817133,2023-10-03,1000000,FC Juárez,49283,MEX1,2023
819874,2023-10-03,700000,Querétaro FC,4961,MEX1,2023
822164,2023-10-03,400000,Club Tijuana,13353,MEX1,2023
857897,2023-10-03,500000,Club Tijuana,13353,MEX1,2023
915016,2023-10-03,2000000,Deportivo Toluca,1804,MEX1,2023
915155,2023-10-03,6000000,Deportivo Guadalajara,6711,MEX1,2023
923688,2023-10-03,300000,UNAM Pumas,7633,MEX1,2023
1041475,2023-10-03,100000,CF América,3631,MEX1,2023
1053536,2023-10-03,200000,Club Necaxa,1146,MEX1,2023
1086862,2023-10-03,200000,Tigres UANL,7055,MEX1,2023
1086870,2023-10-03,200000,Tigres UANL,7055,MEX1,2023
1087262,2023-10-03,1000000,CF Pachuca,4035,MEX1,2023
1087349,2023-10-03,150000,Mazatlán FC,82696,MEX1,2023
1087352,2023-10-03,100000,Mazatlán FC,82696,MEX1,2023
1125592,2023-10-03,1800000,CF Pachuca,4035,MEX1,2023
1132762,2023-12-05,50000,Unknown,13353,MEX1,2023
802855,2023-12-06,700000,Deportivo Guadalajara,6711,MEX1,2023
43907,2023-12-29,1000000,Tigres UANL,7055,MEX1,2023
51546,2023-12-29,1000000,Querétaro FC,4961,MEX1,2023
53180,2023-12-29,900000,Atlético de San Luis,40188,MEX1,2023
60445,2023-12-29,1000000,CF América,3631,MEX1,2023
63333,2023-12-29,300000,Club León FC,4941,MEX1,2023
64134,2023-12-29,1500000,CF América,3631,MEX1,2023
66106,2023-12-29,11000000,CF Monterrey,2407,MEX1,2023
66736,2023-12-29,1800000,UNAM Pumas,7633,MEX1,2023
71401,2023-12-29,1000000,Club León FC,4941,MEX1,2023
73523,2023-12-29,500000,Querétaro FC,4961,MEX1,2023
74113,2023-12-29,1800000,Atlas Guadalajara,8590,MEX1,2023
74421,2023-12-29,1300000,Deportivo Toluca,1804,MEX1,2023
84535,2023-12-29,1800000,UNAM Pumas,7633,MEX1,2023
87859,2023-12-29,900000,Tigres UANL,7055,MEX1,2023
102699,2023-12-29,300000,Tigres UANL,7055,MEX1,2023
107444,2023-12-29,1500000,Deportivo Guadalajara,6711,MEX1,2023
107503,2023-12-29,1500000,Atlas Guadalajara,8590,MEX1,2023
111082,2023-12-29,1500000,Tigres UANL,7055,MEX1,2023
125165,2023-12-29,5000000,CF Monterrey,2407,MEX1,2023
125275,2023-12-29,400000,CF América,3631,MEX1,2023
129031,2023-12-29,1000000,Mazatlán FC,82696,MEX1,2023
131074,2023-12-29,1500000,Club Tijuana,13353,MEX1,2023
131090,2023-12-29,1800000,Tigres UANL,7055,MEX1,2023
131093,2023-12-29,2300000,CF Monterrey,2407,MEX1,2023
135082,2023-12-29,2800000,CF Monterrey,2407,MEX1,2023
135851,2023-12-29,700000,Querétaro FC,4961,MEX1,2023
137840,2023-12-29,900000,Club León FC,4941,MEX1,2023
142745,2023-12-29,1200000,Atlas Guadalajara,8590,MEX1,2023
148713,2023-12-29,900000,FC Juárez,49283,MEX1,2023
158327,2023-12-29,1000000,UNAM Pumas,7633,MEX1,2023
160700,2023-12-29,1000000,CD Cruz Azul,3711,MEX1,2023
164749,2023-12-29,1500000,Atlético de San Luis,40188,MEX1,2023
175445,2023-12-29,4500000,Atlético de San Luis,40188,MEX1,2023
178107,2023-12-29,2500000,FC Juárez,49283,MEX1,2023
181780,2023-12-29,5000000,Atlético de San Luis,40188,MEX1,2023
185012,2023-12-29,5000000,CF Monterrey,2407,MEX1,2023
189410,2023-12-29,3000000,CF Monterrey,2407,MEX1,2023
209513,2023-12-29,4000000,CF América,3631,MEX1,2023
212699,2023-12-29,3200000,Club León FC,4941,MEX1,2023
213614,2023-12-29,400000,Club Necaxa,1146,MEX1,2023
213841,2023-12-29,4000000,Santos Laguna,1403,MEX1,2023
221805,2023-12-29,2500000,CD Cruz Azul,3711,MEX1,2023
222010,2023-12-29,1200000,Puebla FC,5662,MEX1,2023
227404,2023-12-29,2000000,Tigres UANL,7055,MEX1,2023
227671,2023-12-29,2000000,Deportivo Toluca,1804,MEX1,2023
234227,2023-12-29,1500000,Tigres UANL,7055,MEX1,2023
236710,2023-12-29,600000,Deportivo Toluca,1804,MEX1,2023
241391,2023-12-29,5500000,CF Pachuca,4035,MEX1,2023
242201,2023-12-29,3200000,Club León FC,4941,MEX1,2023
242303,2023-12-29,2300000,Atlas Guadalajara,8590,MEX1,2023
242580,2023-12-29,700000,Santos Laguna,1403,MEX1,2023
243580,2023-12-29,2000000,Atlas Guadalajara,8590,MEX1,2023
244724,2023-12-29,800000,Querétaro FC,4961,MEX1,2023
248346,2023-12-29,4000000,Deportivo Toluca,1804,MEX1,2023
249776,2023-12-29,7000000,CF América,3631,MEX1,2023
255744,2023-12-29,6000000,Tigres UANL,7055,MEX1,2023
256866,2023-12-29,3500000,CD Cruz Azul,3711,MEX1,2023
259930,2023-12-29,2800000,UNAM Pumas,7633,MEX1,2023
260662,2023-12-29,600000,Deportivo Guadalajara,6711,MEX1,2023
261309,2023-12-29,4000000,CF Pachuca,4035,MEX1,2023
261503,2023-12-29,8000000,CF América,3631,MEX1,2023
264133,2023-12-29,1500000,Atlas Guadalajara,8590,MEX1,2023
267753,2023-12-29,5500000,Tigres UANL,7055,MEX1,2023
273638,2023-12-29,3000000,Santos Laguna,1403,MEX1,2023
274963,2023-12-29,2000000,Deportivo Guadalajara,6711,MEX1,2023
280379,2023-12-29,500000,CF Monterrey,2407,MEX1,2023
282476,2023-12-29,5000000,CF Monterrey,2407,MEX1,2023
282694,2023-12-29,1000000,Atlas Guadalajara,8590,MEX1,2023
282927,2023-12-29,1800000,CF Monterrey,2407,MEX1,2023
283473,2023-12-29,1000000,Mazatlán FC,82696,MEX1,2023
285127,2023-12-29,2000000,Club Tijuana,13353,MEX1,2023
285810,2023-12-29,1500000,Club León FC,4941,MEX1,2023
286339,2023-12-29,5000000,CF América,3631,MEX1,2023
288251,2023-12-29,1000000,Atlético de San Luis,40188,MEX1,2023
288609,2023-12-29,4000000,CF Monterrey,2407,MEX1,2023
288786,2023-12-29,4000000,UNAM Pumas,7633,MEX1,2023
294894,2023-12-29,3000000,CF América,3631,MEX1,2023
294987,2023-12-29,1000000,FC Juárez,49283,MEX1,2023
295373,2023-12-29,3500000,CF Monterrey,2407,MEX1,2023
295424,2023-12-29,1500000,UNAM Pumas,7633,MEX1,2023
295426,2023-12-29,2500000,Club León FC,4941,MEX1,2023
298796,2023-12-29,5500000,Deportivo Guadalajara,6711,MEX1,2023
308560,2023-12-29,2500000,Atlético de San Luis,40188,MEX1,2023
309505,2023-12-29,800000,Mazatlán FC,82696,MEX1,2023
310744,2023-12-29,9000000,Tigres UANL,7055,MEX1,2023
312568,2023-12-29,7000000,Tigres UANL,7055,MEX1,2023
312576,2023-12-29,800000,Querétaro FC,4961,MEX1,2023
322174,2023-12-29,1000000,Club León FC,4941,MEX1,2023
322696,2023-12-29,1500000,Puebla FC,5662,MEX1,2023
325598,2023-12-29,4500000,Deportivo Guadalajara,6711,MEX1,2023
325600,2023-12-29,800000,Querétaro FC,4961,MEX1,2023
325603,2023-12-29,800000,Deportivo Guadalajara,6711,MEX1,2023
332764,2023-12-29,1000000,CF Monterrey,2407,MEX1,2023
332829,2023-12-29,2000000,Querétaro FC,4961,MEX1,2023
334538,2023-12-29,700000,Atlético de San Luis,40188,MEX1,2023
335086,2023-12-29,2000000,Mazatlán FC,82696,MEX1,2023
337600,2023-12-29,3000000,Club Necaxa,1146,MEX1,2023
339758,2023-12-29,2000000,Club Tijuana,13353,MEX1,2023
344854,2023-12-29,5000000,CF Monterrey,2407,MEX1,2023
347577,2023-12-29,3500000,Atlético de San Luis,40188,MEX1,2023
347932,2023-12-29,3000000,Puebla FC,5662,MEX1,2023
348264,2023-12-29,2500000,Puebla FC,5662,MEX1,2023
349150,2023-12-29,1000000,Club Necaxa,1146,MEX1,2023
351505,2023-12-29,5000000,CF América,3631,MEX1,2023
352552,2023-12-29,1000000,FC Juárez,49283,MEX1,2023
353583,2023-12-29,6500000,Deportivo Guadalajara,6711,MEX1,2023
355998,2023-12-29,4000000,CD Cruz Azul,3711,MEX1,2023
356042,2023-12-29,4000000,Santos Laguna,1403,MEX1,2023
360412,2023-12-29,3500000,Atlas Guadalajara,8590,MEX1,2023
370861,2023-12-29,1500000,Deportivo Toluca,1804,MEX1,2023
370864,2023-12-29,2000000,Mazatlán FC,82696,MEX1,2023
370868,2023-12-29,600000,Puebla FC,5662,MEX1,2023
370869,2023-12-29,400000,CF Monterrey,2407,MEX1,2023
370875,2023-12-29,9000000,CF Pachuca,4035,MEX1,2023
371168,2023-12-29,1500000,CF Pachuca,4035,MEX1,2023
371169,2023-12-29,1200000,FC Juárez,49283,MEX1,2023
371171,2023-12-29,500000,CD Cruz Azul,3711,MEX1,2023
371174,2023-12-29,3500000,Tigres UANL,7055,MEX1,2023
378351,2023-12-29,1200000,Club León FC,4941,MEX1,2023
380996,2023-12-29,2800000,Club Tijuana,13353,MEX1,2023
384368,2023-12-29,1200000,Mazatlán FC,82696,MEX1,2023
397003,2023-12-29,4500000,Deportivo Guadalajara,6711,MEX1,2023
397680,2023-12-29,2800000,Club Necaxa,1146,MEX1,2023
400171,2023-12-29,1800000,Atlas Guadalajara,8590,MEX1,2023
400173,2023-12-29,5000000,Santos Laguna,1403,MEX1,2023
400194,2023-12-29,1000000,Deportivo Guadalajara,6711,MEX1,2023
400208,2023-12-29,900000,Mazatlán FC,82696,MEX1,2023
401311,2023-12-29,1000000,Club Necaxa,1146,MEX1,2023
401344,2023-12-29,1000000,Deportivo Guadalajara,6711,MEX1,2023
401349,2023-12-29,400000,Atlas Guadalajara,8590,MEX1,2023
401355,2023-12-29,800000,Santos Laguna,1403,MEX1,2023
401572,2023-12-29,5500000,CF Monterrey,2407,MEX1,2023
408534,2023-12-29,2000000,Deportivo Guadalajara,6711,MEX1,2023
411709,2023-12-29,2000000,Deportivo Toluca,1804,MEX1,2023
413658,2023-12-29,2500000,Santos Laguna,1403,MEX1,2023
413983,2023-12-29,5500000,FC Juárez,49283,MEX1,2023
416083,2023-12-29,2500000,Club Tijuana,13353,MEX1,2023
416090,2023-12-29,10000000,CF América,3631,MEX1,2023
419457,2023-12-29,1000000,Atlas Guadalajara,8590,MEX1,2023
421920,2023-12-29,1000000,CD Cruz Azul,3711,MEX1,2023
423619,2023-12-29,5000000,CF América,3631,MEX1,2023
424689,2023-12-29,5500000,Deportivo Guadalajara,6711,MEX1,2023
424984,2023-12-29,3000000,Mazatlán FC,82696,MEX1,2023
426324,2023-12-29,2500000,Club Tijuana,13353,MEX1,2023
427203,2023-12-29,1500000,Atlas Guadalajara,8590,MEX1,2023
430021,2023-12-29,2000000,CF Monterrey,2407,MEX1,2023
431533,2023-12-29,6000000,Tigres UANL,7055,MEX1,2023
431703,2023-12-29,1500000,Querétaro FC,4961,MEX1,2023
432222,2023-12-29,400000,Santos Laguna,1403,MEX1,2023
432225,2023-12-29,900000,Santos Laguna,1403,MEX1,2023
433962,2023-12-29,300000,Club Tijuana,13353,MEX1,2023
439108,2023-12-29,1800000,CF Pachuca,4035,MEX1,2023
440652,2023-12-29,5000000,UNAM Pumas,7633,MEX1,2023
441287,2023-12-29,1200000,Atlas Guadalajara,8590,MEX1,2023
446106,2023-12-29,7500000,Atlético de San Luis,40188,MEX1,2023
448414,2023-12-29,1000000,Mazatlán FC,82696,MEX1,2023
450406,2023-12-29,800000,CD Cruz Azul,3711,MEX1,2023
461608,2023-12-29,500000,CD Cruz Azul,3711,MEX1,2023
465647,2023-12-29,200000,Tigres UANL,7055,MEX1,2023
465818,2023-12-29,5000000,CF América,3631,MEX1,2023
466268,2023-12-29,10000000,Santos Laguna,1403,MEX1,2023
468174,2023-12-29,6000000,Santos Laguna,1403,MEX1,2023
471988,2023-12-29,3000000,Deportivo Toluca,1804,MEX1,2023
483446,2023-12-29,3500000,Deportivo Toluca,1804,MEX1,2023
495116,2023-12-29,1000000,Mazatlán FC,82696,MEX1,2023
504104,2023-12-29,400000,Santos Laguna,1403,MEX1,2023
504113,2023-12-29,4000000,Club Tijuana,13353,MEX1,2023
520405,2023-12-29,1000000,Club Necaxa,1146,MEX1,2023
532240,2023-12-29,800000,Club Necaxa,1146,MEX1,2023
532389,2023-12-29,7000000,CF América,3631,MEX1,2023
532938,2023-12-29,6500000,CF Monterrey,2407,MEX1,2023
534620,2023-12-29,6000000,CD Cruz Azul,3711,MEX1,2023
539067,2023-12-29,3000000,Club Tijuana,13353,MEX1,2023
540305,2023-12-29,500000,Atlético de San Luis,40188,MEX1,2023
540306,2023-12-29,200000,CF Monterrey,2407,MEX1,2023
540315,2023-12-29,5000000,UNAM Pumas,7633,MEX1,2023
546047,2023-12-29,2000000,Deportivo Guadalajara,6711,MEX1,2023
547443,2023-12-29,4000000,Deportivo Toluca,1804,MEX1,2023
549294,2023-12-29,6000000,Deportivo Guadalajara,6711,MEX1,2023
549361,2023-12-29,2000000,Club León FC,4941,MEX1,2023
552960,2023-12-29,1200000,FC Juárez,49283,MEX1,2023
553422,2023-12-29,3000000,CD Cruz Azul,3711,MEX1,2023
556047,2023-12-29,3000000,CF Pachuca,4035,MEX1,2023
557070,2023-12-29,3500000,CF América,3631,MEX1,2023
560325,2023-12-29,600000,Puebla FC,5662,MEX1,2023
563812,2023-12-29,700000,FC Juárez,49283,MEX1,2023
570431,2023-12-29,2000000,Club León FC,4941,MEX1,2023
570547,2023-12-29,800000,Club León FC,4941,MEX1,2023
570550,2023-12-29,400000,Atlas Guadalajara,8590,MEX1,2023
571912,2023-12-29,1000000,Club Necaxa,1146,MEX1,2023
572675,2023-12-29,8500000,Deportivo Toluca,1804,MEX1,2023
572705,2023-12-29,7000000,CF América,3631,MEX1,2023
577260,2023-12-29,2000000,Club Necaxa,1146,MEX1,2023
578419,2023-12-29,3500000,Club León FC,4941,MEX1,2023
589363,2023-12-29,3000000,Club Necaxa,1146,MEX1,2023
596906,2023-12-29,700000,Deportivo Guadalajara,6711,MEX1,2023
596929,2023-12-29,3000000,Deportivo Guadalajara,6711,MEX1,2023
597092,2023-12-29,2500000,Club León FC,4941,MEX1,2023
597727,2023-12-29,700000,Mazatlán FC,82696,MEX1,2023
597728,2023-12-29,6000000,Deportivo Toluca,1804,MEX1,2023
598838,2023-12-29,5000000,Club León FC,4941,MEX1,2023
599331,2023-12-29,1200000,Atlético de San Luis,40188,MEX1,2023
599569,2023-12-29,700000,Tigres UANL,7055,MEX1,2023
599732,2023-12-29,800000,Club Tijuana,13353,MEX1,2023
600857,2023-12-29,1800000,Puebla FC,5662,MEX1,2023
600905,2023-12-29,2500000,Tigres UANL,7055,MEX1,2023
600956,2023-12-29,500000,FC Juárez,49283,MEX1,2023
602324,2023-12-29,4500000,CD Cruz Azul,3711,MEX1,2023
609255,2023-12-29,4000000,CD Cruz Azul,3711,MEX1,2023
611018,2023-12-29,200000,FC Juárez,49283,MEX1,2023
614303,2023-12-29,400000,Deportivo Toluca,1804,MEX1,2023
629006,2023-12-29,3500000,Tigres UANL,7055,MEX1,2023
639390,2023-12-29,2500000,Mazatlán FC,82696,MEX1,2023
646297,2023-12-29,500000,Club Tijuana,13353,MEX1,2023
648309,2023-12-29,800000,Club Necaxa,1146,MEX1,2023
650861,2023-12-29,3000000,CD Cruz Azul,3711,MEX1,2023
652948,2023-12-29,1200000,Querétaro FC,4961,MEX1,2023
654144,2023-12-29,600000,Club Tijuana,13353,MEX1,2023
659693,2023-12-29,1500000,Atlas Guadalajara,8590,MEX1,2023
660990,2023-12-29,200000,Atlético de San Luis,40188,MEX1,2023
661481,2023-12-29,1000000,CF Pachuca,4035,MEX1,2023
662451,2023-12-29,1500000,UNAM Pumas,7633,MEX1,2023
663319,2023-12-29,1000000,CF Pachuca,4035,MEX1,2023
668495,2023-12-29,800000,Tigres UANL,7055,MEX1,2023
668529,2023-12-29,3500000,CD Cruz Azul,3711,MEX1,2023
670185,2023-12-29,400000,CF Pachuca,4035,MEX1,2023
671951,2023-12-29,2000000,UNAM Pumas,7633,MEX1,2023
686444,2023-12-29,6000000,CF Monterrey,2407,MEX1,2023
686447,2023-12-29,200000,Santos Laguna,1403,MEX1,2023
686449,2023-12-29,1800000,CF América,3631,MEX1,2023
687558,2023-12-29,4000000,CF América,3631,MEX1,2023
687559,2023-12-29,500000,Atlas Guadalajara,8590,MEX1,2023
690024,2023-12-29,1800000,Santos Laguna,1403,MEX1,2023
690681,2023-12-29,1400000,Querétaro FC,4961,MEX1,2023
691075,2023-12-29,1500000,Tigres UANL,7055,MEX1,2023
699797,2023-12-29,2000000,CF América,3631,MEX1,2023
700503,2023-12-29,400000,CF América,3631,MEX1,2023
704554,2023-12-29,800000,Santos Laguna,1403,MEX1,2023
704555,2023-12-29,1000000,CF Pachuca,4035,MEX1,2023
704556,2023-12-29,1000000,CF Pachuca,4035,MEX1,2023
704868,2023-12-29,600000,CF Pachuca,4035,MEX1,2023
715428,2023-12-29,900000,Club Tijuana,13353,MEX1,2023
723240,2023-12-29,4500000,Club León FC,4941,MEX1,2023
729356,2023-12-29,1200000,Club Tijuana,13353,MEX1,2023
737125,2023-12-29,2500000,Atlas Guadalajara,8590,MEX1,2023
786000,2023-12-29,1000000,Deportivo Guadalajara,6711,MEX1,2023
788361,2023-12-29,1300000,CD Cruz Azul,3711,MEX1,2023
798507,2023-12-29,900000,FC Juárez,49283,MEX1,2023
799707,2023-12-29,3500000,Deportivo Toluca,1804,MEX1,2023
802855,2023-12-29,700000,Deportivo Guadalajara,6711,MEX1,2023
802857,2023-12-29,800000,FC Juárez,49283,MEX1,2023
810710,2023-12-29,50000,Puebla FC,5662,MEX1,2023
811373,2023-12-29,1500000,CF Pachuca,4035,MEX1,2023
817133,2023-12-29,1000000,FC Juárez,49283,MEX1,2023
819874,2023-12-29,700000,Querétaro FC,4961,MEX1,2023
822164,2023-12-29,400000,Club Tijuana,13353,MEX1,2023
832340,2023-12-29,1800000,Deportivo Toluca,1804,MEX1,2023
838928,2023-12-29,800000,Club Necaxa,1146,MEX1,2023
854360,2023-12-29,800000,Club Necaxa,1146,MEX1,2023
854454,2023-12-29,5000000,Santos Laguna,1403,MEX1,2023
854686,2023-12-29,300000,CF Pachuca,4035,MEX1,2023
857897,2023-12-29,500000,Club Tijuana,13353,MEX1,2023
857948,2023-12-29,4000000,CD Cruz Azul,3711,MEX1,2023
858660,2023-12-29,100000,CF Pachuca,4035,MEX1,2023
915016,2023-12-29,2000000,Deportivo Toluca,1804,MEX1,2023
915155,2023-12-29,6000000,Deportivo Guadalajara,6711,MEX1,2023
923213,2023-12-29,1200000,UNAM Pumas,7633,MEX1,2023
923688,2023-12-29,600000,UNAM Pumas,7633,MEX1,2023
936956,2023-12-29,1000000,FC Juárez,49283,MEX1,2023
945134,2023-12-29,200000,Puebla FC,5662,MEX1,2023
945935,2023-12-29,500000,Querétaro FC,4961,MEX1,2023
950872,2023-12-29,1500000,CF Pachuca,4035,MEX1,2023
950874,2023-12-29,1500000,Club Necaxa,1146,MEX1,2023
971630,2023-12-29,900000,CD Cruz Azul,3711,MEX1,2023
993722,2023-12-29,900000,Mazatlán FC,82696,MEX1,2023
997057,2023-12-29,1500000,FC Juárez,49283,MEX1,2023
1030003,2023-12-29,900000,UNAM Pumas,7633,MEX1,2023
1035924,2023-12-29,200000,Atlético de San Luis,40188,MEX1,2023
1041475,2023-12-29,100000,CF América,3631,MEX1,2023
1053536,2023-12-29,200000,Club Necaxa,1146,MEX1,2023
1086862,2023-12-29,200000,Tigres UANL,7055,MEX1,2023
1086870,2023-12-29,400000,Tigres UANL,7055,MEX1,2023
1087262,2023-12-29,1000000,CF Pachuca,4035,MEX1,2023
1087306,2023-12-29,1000000,UNAM Pumas,7633,MEX1,2023
1087352,2023-12-29,100000,Mazatlán FC,82696,MEX1,2023
1125592,2023-12-29,1800000,CF Pachuca,4035,MEX1,2023
20506,2024-03-04,1200000,Club León FC,4941,MEX1,2024
53180,2024-03-04,800000,Atlético de San Luis,40188,MEX1,2024
60445,2024-03-04,800000,CF América,3631,MEX1,2024
71401,2024-03-04,800000,Club León FC,4941,MEX1,2024
74113,2024-03-04,1500000,Atlas Guadalajara,8590,MEX1,2024
87859,2024-03-04,800000,Tigres UANL,7055,MEX1,2024
111082,2024-03-04,1000000,Tigres UANL,7055,MEX1,2024
125275,2024-03-04,200000,CF América,3631,MEX1,2024
129031,2024-03-04,900000,Mazatlán FC,82696,MEX1,2024
135082,2024-03-04,2500000,UNAM Pumas,7633,MEX1,2024
135851,2024-03-04,500000,Querétaro FC,4961,MEX1,2024
137840,2024-03-04,700000,Club León FC,4941,MEX1,2024
148713,2024-03-04,800000,FC Juárez,49283,MEX1,2024
160700,2024-03-04,900000,CD Cruz Azul,3711,MEX1,2024
178107,2024-03-04,2200000,FC Juárez,49283,MEX1,2024
188470,2024-03-04,1500000,FC Juárez,49283,MEX1,2024
213841,2024-03-04,3000000,Santos Laguna,1403,MEX1,2024
227404,2024-03-04,1500000,Tigres UANL,7055,MEX1,2024
227671,2024-03-04,1800000,Deportivo Toluca,1804,MEX1,2024
234227,2024-03-04,1000000,Tigres UANL,7055,MEX1,2024
241391,2024-03-04,7000000,CF Pachuca,4035,MEX1,2024
242303,2024-03-04,2000000,Atlas Guadalajara,8590,MEX1,2024
255744,2024-03-04,4000000,Tigres UANL,7055,MEX1,2024
256866,2024-03-04,2000000,CD Cruz Azul,3711,MEX1,2024
264133,2024-03-04,1200000,Atlas Guadalajara,8590,MEX1,2024
282476,2024-03-04,4000000,CF Monterrey,2407,MEX1,2024
282927,2024-03-04,2000000,CF Monterrey,2407,MEX1,2024
288251,2024-03-04,2000000,Atlético de San Luis,40188,MEX1,2024
295424,2024-03-04,2300000,UNAM Pumas,7633,MEX1,2024
310744,2024-03-04,8000000,Tigres UANL,7055,MEX1,2024
333760,2024-03-04,5000000,CF Monterrey,2407,MEX1,2024
335086,2024-03-04,1800000,Mazatlán FC,82696,MEX1,2024
349150,2024-03-04,1500000,Club Necaxa,1146,MEX1,2024
351505,2024-03-04,4000000,CF América,3631,MEX1,2024
353583,2024-03-04,7000000,Deportivo Guadalajara,6711,MEX1,2024
370875,2024-03-04,10000000,CF Pachuca,4035,MEX1,2024
371168,2024-03-04,1000000,CF Pachuca,4035,MEX1,2024
371169,2024-03-04,1000000,FC Juárez,49283,MEX1,2024
380996,2024-03-04,3000000,Club Tijuana,13353,MEX1,2024
400194,2024-03-04,1800000,Deportivo Guadalajara,6711,MEX1,2024
401311,2024-03-04,1500000,Club Necaxa,1146,MEX1,2024
401349,2024-03-04,350000,Atlas Guadalajara,8590,MEX1,2024
401572,2024-03-04,7000000,CF Monterrey,2407,MEX1,2024
413658,2024-03-04,2000000,Santos Laguna,1403,MEX1,2024
413983,2024-03-04,4000000,FC Juárez,49283,MEX1,2024
419457,2024-03-04,1200000,Atlas Guadalajara,8590,MEX1,2024
430021,2024-03-04,4000000,CF Monterrey,2407,MEX1,2024
432225,2024-03-04,1000000,Santos Laguna,1403,MEX1,2024
483446,2024-03-04,5000000,Deportivo Toluca,1804,MEX1,2024
491542,2024-03-04,4500000,CD Cruz Azul,3711,MEX1,2024
532240,2024-03-04,1500000,Club Necaxa,1146,MEX1,2024
549361,2024-03-04,1800000,Club León FC,4941,MEX1,2024
556047,2024-03-04,3500000,CF Pachuca,4035,MEX1,2024
557070,2024-03-04,2000000,CF América,3631,MEX1,2024
572675,2024-03-04,7500000,Deportivo Toluca,1804,MEX1,2024
572705,2024-03-04,6000000,CF América,3631,MEX1,2024
578419,2024-03-04,4500000,Club León FC,4941,MEX1,2024
650861,2024-03-04,3500000,Club Necaxa,1146,MEX1,2024
662451,2024-03-04,2300000,UNAM Pumas,7633,MEX1,2024
668529,2024-03-04,5000000,CD Cruz Azul,3711,MEX1,2024
671479,2024-03-04,3500000,Deportivo Toluca,1804,MEX1,2024
671951,2024-03-04,2500000,Mazatlán FC,82696,MEX1,2024
687559,2024-03-04,1000000,Atlas Guadalajara,8590,MEX1,2024
690024,2024-03-04,1500000,Santos Laguna,1403,MEX1,2024
704556,2024-03-04,1500000,CF Pachuca,4035,MEX1,2024
704868,2024-03-04,1500000,CF Pachuca,4035,MEX1,2024
799707,2024-03-04,2500000,Deportivo Toluca,1804,MEX1,2024
802855,2024-03-04,1000000,Deportivo Guadalajara,6711,MEX1,2024
819874,2024-03-04,1000000,Querétaro FC,4961,MEX1,2024
833269,2024-03-04,400000,CF Pachuca,4035,MEX1,2024
854360,2024-03-04,600000,Club Necaxa,1146,MEX1,2024
871655,2024-03-04,1800000,UNAM Pumas,7633,MEX1,2024
886290,2024-03-04,200000,Mazatlán FC,82696,MEX1,2024
936956,2024-03-04,800000,FC Juárez,49283,MEX1,2024
950872,2024-03-04,1000000,CF Pachuca,4035,MEX1,2024
950874,2024-03-04,1800000,Club Necaxa,1146,MEX1,2024
955338,2024-03-04,700000,CF Pachuca,4035,MEX1,2024
993722,2024-03-04,1200000,Mazatlán FC,82696,MEX1,2024
1086814,2024-03-04,400000,Querétaro FC,4961,MEX1,2024
1087253,2024-03-04,500000,CF Pachuca,4035,MEX1,2024
1094366,2024-03-04,200000,Atlas Guadalajara,8590,MEX1,2024
1094383,2024-03-04,2000000,CF Pachuca,4035,MEX1,2024
20506,2024-06-14,1000000,Club León FC,4941,MEX1,2024
43907,2024-06-14,800000,Tigres UANL,7055,MEX1,2024
51546,2024-06-14,1000000,Querétaro FC,4961,MEX1,2024
53180,2024-06-14,700000,Atlético de San Luis,40188,MEX1,2024
60445,2024-06-14,800000,CF América,3631,MEX1,2024
63333,2024-06-14,300000,Club León FC,4941,MEX1,2024
64134,2024-06-14,1000000,CF América,3631,MEX1,2024
66106,2024-06-14,10000000,CF Monterrey,2407,MEX1,2024
66736,2024-06-14,1800000,UNAM Pumas,7633,MEX1,2024
71401,2024-06-14,700000,Club León FC,4941,MEX1,2024
73523,2024-06-14,500000,Querétaro FC,4961,MEX1,2024
74113,2024-06-14,1500000,Atlas Guadalajara,8590,MEX1,2024
80197,2024-06-14,1000000,CF Pachuca,4035,MEX1,2024
84535,2024-06-14,1500000,UNAM Pumas,7633,MEX1,2024
87859,2024-06-14,600000,Tigres UANL,7055,MEX1,2024
102699,2024-06-14,300000,Tigres UANL,7055,MEX1,2024
107444,2024-06-14,1500000,Deportivo Guadalajara,6711,MEX1,2024
107503,2024-06-14,1200000,Atlas Guadalajara,8590,MEX1,2024
111082,2024-06-14,800000,Tigres UANL,7055,MEX1,2024
125165,2024-06-14,3500000,CF Monterrey,2407,MEX1,2024
125275,2024-06-14,150000,CF América,3631,MEX1,2024
129031,2024-06-14,800000,Mazatlán FC,82696,MEX1,2024
131074,2024-06-14,1500000,Club Tijuana,13353,MEX1,2024
131090,2024-06-14,1800000,Tigres UANL,7055,MEX1,2024
131093,2024-06-14,2000000,CF Monterrey,2407,MEX1,2024
135082,2024-06-14,2000000,UNAM Pumas,7633,MEX1,2024
135851,2024-06-14,500000,Querétaro FC,4961,MEX1,2024
137840,2024-06-14,550000,Club León FC,4941,MEX1,2024
142745,2024-06-14,1000000,Atlas Guadalajara,8590,MEX1,2024
148713,2024-06-14,600000,FC Juárez,49283,MEX1,2024
158327,2024-06-14,1000000,UNAM Pumas,7633,MEX1,2024
160700,2024-06-14,800000,CD Cruz Azul,3711,MEX1,2024
164749,2024-06-14,1200000,Atlético de San Luis,40188,MEX1,2024
175445,2024-06-14,3500000,Atlético de San Luis,40188,MEX1,2024
178107,2024-06-14,1500000,FC Juárez,49283,MEX1,2024
181706,2024-06-14,1800000,CD Cruz Azul,3711,MEX1,2024
181780,2024-06-14,4500000,Atlético de San Luis,40188,MEX1,2024
185012,2024-06-14,3500000,CF Monterrey,2407,MEX1,2024
188470,2024-06-14,1500000,FC Juárez,49283,MEX1,2024
189410,2024-06-14,2300000,CF Monterrey,2407,MEX1,2024
209513,2024-06-14,4000000,CF América,3631,MEX1,2024
212699,2024-06-14,3200000,Club León FC,4941,MEX1,2024
213841,2024-06-14,3000000,Santos Laguna,1403,MEX1,2024
221805,2024-06-14,2300000,CD Cruz Azul,3711,MEX1,2024
222010,2024-06-14,1200000,Puebla FC,5662,MEX1,2024
227404,2024-06-14,1000000,Tigres UANL,7055,MEX1,2024
227671,2024-06-14,1500000,Deportivo Toluca,1804,MEX1,2024
234227,2024-06-14,1000000,Tigres UANL,7055,MEX1,2024
236710,2024-06-14,600000,Deportivo Toluca,1804,MEX1,2024
241391,2024-06-14,8000000,CF Pachuca,4035,MEX1,2024
242303,2024-06-14,2000000,Atlas Guadalajara,8590,MEX1,2024
242580,2024-06-14,700000,Santos Laguna,1403,MEX1,2024
243580,2024-06-14,1500000,FC Juárez,49283,MEX1,2024
244724,2024-06-14,800000,Querétaro FC,4961,MEX1,2024
248346,2024-06-14,4000000,Deportivo Toluca,1804,MEX1,2024
249776,2024-06-14,6500000,CF América,3631,MEX1,2024
255744,2024-06-14,3500000,Tigres UANL,7055,MEX1,2024
256866,2024-06-14,2000000,CD Cruz Azul,3711,MEX1,2024
259930,2024-06-14,2800000,CD Cruz Azul,3711,MEX1,2024
260662,2024-06-14,500000,Deportivo Guadalajara,6711,MEX1,2024
261503,2024-06-14,8000000,CF América,3631,MEX1,2024
264133,2024-06-14,1000000,Atlas Guadalajara,8590,MEX1,2024
267753,2024-06-14,5000000,Tigres UANL,7055,MEX1,2024
273638,2024-06-14,3000000,Santos Laguna,1403,MEX1,2024
274963,2024-06-14,1500000,Deportivo Guadalajara,6711,MEX1,2024
280379,2024-06-14,400000,CF Monterrey,2407,MEX1,2024
282476,2024-06-14,4000000,CF Monterrey,2407,MEX1,2024
282694,2024-06-14,800000,Atlas Guadalajara,8590,MEX1,2024
282927,2024-06-14,2000000,CF Monterrey,2407,MEX1,2024
283473,2024-06-14,1000000,Mazatlán FC,82696,MEX1,2024
284120,2024-06-14,2500000,CD Cruz Azul,3711,MEX1,2024
285127,2024-06-14,2000000,Club Tijuana,13353,MEX1,2024
286339,2024-06-14,4500000,CF América,3631,MEX1,2024
288251,2024-06-14,2000000,Atlético de San Luis,40188,MEX1,2024
288609,2024-06-14,4000000,CF Monterrey,2407,MEX1,2024
294894,2024-06-14,3000000,UNAM Pumas,7633,MEX1,2024
294987,2024-06-14,1000000,FC Juárez,49283,MEX1,2024
295373,2024-06-14,3500000,CF Monterrey,2407,MEX1,2024
295424,2024-06-14,3000000,UNAM Pumas,7633,MEX1,2024
295426,2024-06-14,2500000,Club León FC,4941,MEX1,2024
298796,2024-06-14,6000000,Deportivo Guadalajara,6711,MEX1,2024
308560,2024-06-14,2500000,Atlas Guadalajara,8590,MEX1,2024
309505,2024-06-14,800000,Mazatlán FC,82696,MEX1,2024
310744,2024-06-14,7500000,Tigres UANL,7055,MEX1,2024
312568,2024-06-14,6000000,Tigres UANL,7055,MEX1,2024
312576,2024-06-14,1200000,Querétaro FC,4961,MEX1,2024
315125,2024-06-14,4000000,CF América,3631,MEX1,2024
322174,2024-06-14,1000000,Club León FC,4941,MEX1,2024
322696,2024-06-14,1000000,Puebla FC,5662,MEX1,2024
325598,2024-06-14,4500000,Deportivo Guadalajara,6711,MEX1,2024
325600,2024-06-14,700000,CF América,3631,MEX1,2024
331282,2024-06-14,1000000,Querétaro FC,4961,MEX1,2024
332764,2024-06-14,800000,CF Monterrey,2407,MEX1,2024
332829,2024-06-14,2000000,Querétaro FC,4961,MEX1,2024
333760,2024-06-14,5000000,CF Monterrey,2407,MEX1,2024
334538,2024-06-14,700000,Atlético de San Luis,40188,MEX1,2024
335086,2024-06-14,1500000,Mazatlán FC,82696,MEX1,2024
337600,2024-06-14,3500000,Club Necaxa,1146,MEX1,2024
339758,2024-06-14,2000000,Club Tijuana,13353,MEX1,2024
344854,2024-06-14,4000000,CF Monterrey,2407,MEX1,2024
347577,2024-06-14,3000000,Atlético de San Luis,40188,MEX1,2024
347932,2024-06-14,3000000,UNAM Pumas,7633,MEX1,2024
348264,2024-06-14,2000000,Puebla FC,5662,MEX1,2024
349150,2024-06-14,1500000,Club Necaxa,1146,MEX1,2024
351505,2024-06-14,5500000,CF América,3631,MEX1,2024
352552,2024-06-14,800000,FC Juárez,49283,MEX1,2024
353583,2024-06-14,7000000,Deportivo Guadalajara,6711,MEX1,2024
355998,2024-06-14,6500000,CD Cruz Azul,3711,MEX1,2024
356042,2024-06-14,4000000,Santos Laguna,1403,MEX1,2024
360412,2024-06-14,3000000,Atlas Guadalajara,8590,MEX1,2024
370861,2024-06-14,1500000,Deportivo Toluca,1804,MEX1,2024
370864,2024-06-14,2000000,Mazatlán FC,82696,MEX1,2024
370868,2024-06-14,600000,Puebla FC,5662,MEX1,2024
370875,2024-06-14,10000000,CF Pachuca,4035,MEX1,2024
371168,2024-06-14,800000,CF Pachuca,4035,MEX1,2024
371169,2024-06-14,1000000,FC Juárez,49283,MEX1,2024
371171,2024-06-14,1200000,CD Cruz Azul,3711,MEX1,2024
371174,2024-06-14,4000000,Tigres UANL,7055,MEX1,2024
371185,2024-06-14,3000000,FC Juárez,49283,MEX1,2024
378351,2024-06-14,1200000,Club León FC,4941,MEX1,2024
380996,2024-06-14,3000000,Club Tijuana,13353,MEX1,2024
384368,2024-06-14,1200000,Mazatlán FC,82696,MEX1,2024
389255,2024-06-14,8000000,CF Monterrey,2407,MEX1,2024
397003,2024-06-14,5000000,Deportivo Guadalajara,6711,MEX1,2024
397680,2024-06-14,3500000,Club Necaxa,1146,MEX1,2024
400171,2024-06-14,2000000,Atlas Guadalajara,8590,MEX1,2024
400173,2024-06-14,5000000,Santos Laguna,1403,MEX1,2024
400194,2024-06-14,1500000,Deportivo Guadalajara,6711,MEX1,2024
400208,2024-06-14,1000000,Querétaro FC,4961,MEX1,2024
401311,2024-06-14,1500000,Club Necaxa,1146,MEX1,2024
401344,2024-06-14,1000000,Club Necaxa,1146,MEX1,2024
401349,2024-06-14,350000,Atlas Guadalajara,8590,MEX1,2024
401355,2024-06-14,800000,Santos Laguna,1403,MEX1,2024
401572,2024-06-14,7000000,CF Monterrey,2407,MEX1,2024
408534,2024-06-14,3000000,CF América,3631,MEX1,2024
411709,2024-06-14,2500000,Deportivo Toluca,1804,MEX1,2024
413658,2024-06-14,1800000,Santos Laguna,1403,MEX1,2024
413983,2024-06-14,3000000,FC Juárez,49283,MEX1,2024
416083,2024-06-14,2500000,Club Tijuana,13353,MEX1,2024
416090,2024-06-14,10000000,CF América,3631,MEX1,2024
419457,2024-06-14,1200000,Atlas Guadalajara,8590,MEX1,2024
421920,2024-06-14,800000,CD Cruz Azul,3711,MEX1,2024
423619,2024-06-14,5500000,CF América,3631,MEX1,2024
424689,2024-06-14,5500000,Deportivo Toluca,1804,MEX1,2024
424984,2024-06-14,3000000,Mazatlán FC,82696,MEX1,2024
426324,2024-06-14,3000000,Club Tijuana,13353,MEX1,2024
427203,2024-06-14,1000000,Atlas Guadalajara,8590,MEX1,2024
430021,2024-06-14,4000000,CF Monterrey,2407,MEX1,2024
431533,2024-06-14,5000000,Tigres UANL,7055,MEX1,2024
431703,2024-06-14,1500000,Querétaro FC,4961,MEX1,2024
432222,2024-06-14,400000,Santos Laguna,1403,MEX1,2024
432225,2024-06-14,1500000,Santos Laguna,1403,MEX1,2024
433962,2024-06-14,400000,FC Juárez,49283,MEX1,2024
440652,2024-06-14,5000000,UNAM Pumas,7633,MEX1,2024
441287,2024-06-14,1200000,Atlas Guadalajara,8590,MEX1,2024
446106,2024-06-14,7000000,Atlético de San Luis,40188,MEX1,2024
448414,2024-06-14,800000,Mazatlán FC,82696,MEX1,2024
450406,2024-06-14,1000000,FC Juárez,49283,MEX1,2024
465647,2024-06-14,200000,Tigres UANL,7055,MEX1,2024
465818,2024-06-14,4000000,CF América,3631,MEX1,2024
466268,2024-06-14,10000000,Tigres UANL,7055,MEX1,2024
469718,2024-06-14,6000000,CF Monterrey,2407,MEX1,2024
469855,2024-06-14,400000,Deportivo Guadalajara,6711,MEX1,2024
471988,2024-06-14,4000000,Deportivo Toluca,1804,MEX1,2024
483446,2024-06-14,5000000,Deportivo Toluca,1804,MEX1,2024
491542,2024-06-14,5500000,CD Cruz Azul,3711,MEX1,2024
495116,2024-06-14,1000000,Mazatlán FC,82696,MEX1,2024
504104,2024-06-14,600000,Club Tijuana,13353,MEX1,2024
504113,2024-06-14,4000000,Club Tijuana,13353,MEX1,2024
520405,2024-06-14,1000000,Club Necaxa,1146,MEX1,2024
532240,2024-06-14,2000000,Club Necaxa,1146,MEX1,2024
532389,2024-06-14,7000000,CF América,3631,MEX1,2024
532938,2024-06-14,6000000,CF Monterrey,2407,MEX1,2024
534620,2024-06-14,7000000,CD Cruz Azul,3711,MEX1,2024
539067,2024-06-14,3000000,Club Tijuana,13353,MEX1,2024
540305,2024-06-14,500000,Atlético de San Luis,40188,MEX1,2024
540306,2024-06-14,200000,CF Monterrey,2407,MEX1,2024
540315,2024-06-14,5000000,UNAM Pumas,7633,MEX1,2024
546047,2024-06-14,1500000,Deportivo Guadalajara,6711,MEX1,2024
549294,2024-06-14,6000000,Deportivo Guadalajara,6711,MEX1,2024
549361,2024-06-14,1800000,Club León FC,4941,MEX1,2024
549419,2024-06-14,600000,Atlético de San Luis,40188,MEX1,2024
552960,2024-06-14,1000000,Atlético de San Luis,40188,MEX1,2024
553422,2024-06-14,3500000,CD Cruz Azul,3711,MEX1,2024
553816,2024-06-14,2000000,Tigres UANL,7055,MEX1,2024
556047,2024-06-14,3000000,CF Pachuca,4035,MEX1,2024
557070,2024-06-14,2000000,CF América,3631,MEX1,2024
560325,2024-06-14,600000,Puebla FC,5662,MEX1,2024
570431,2024-06-14,1500000,Club León FC,4941,MEX1,2024
570547,2024-06-14,800000,Mazatlán FC,82696,MEX1,2024
570550,2024-06-14,100000,Atlas Guadalajara,8590,MEX1,2024
572675,2024-06-14,5500000,Deportivo Toluca,1804,MEX1,2024
572705,2024-06-14,5500000,CF América,3631,MEX1,2024
577260,2024-06-14,1800000,Querétaro FC,4961,MEX1,2024
578419,2024-06-14,5000000,Club León FC,4941,MEX1,2024
589363,2024-06-14,3500000,Club Necaxa,1146,MEX1,2024
596906,2024-06-14,700000,Deportivo Guadalajara,6711,MEX1,2024
596929,2024-06-14,4000000,Deportivo Guadalajara,6711,MEX1,2024
597092,2024-06-14,2000000,Club León FC,4941,MEX1,2024
597727,2024-06-14,700000,Mazatlán FC,82696,MEX1,2024
597728,2024-06-14,6000000,Deportivo Toluca,1804,MEX1,2024
598838,2024-06-14,5000000,Club León FC,4941,MEX1,2024
599331,2024-06-14,1200000,Atlético de San Luis,40188,MEX1,2024
599569,2024-06-14,500000,Santos Laguna,1403,MEX1,2024
599732,2024-06-14,1000000,Club Tijuana,13353,MEX1,2024
600857,2024-06-14,1800000,Puebla FC,5662,MEX1,2024
600905,2024-06-14,2500000,Atlas Guadalajara,8590,MEX1,2024
602324,2024-06-14,5000000,CD Cruz Azul,3711,MEX1,2024
609255,2024-06-14,4500000,CD Cruz Azul,3711,MEX1,2024
614303,2024-06-14,400000,Deportivo Toluca,1804,MEX1,2024
629006,2024-06-14,3500000,Tigres UANL,7055,MEX1,2024
639152,2024-06-14,4500000,Club Necaxa,1146,MEX1,2024
639390,2024-06-14,2500000,Mazatlán FC,82696,MEX1,2024
644676,2024-06-14,3000000,Santos Laguna,1403,MEX1,2024
646297,2024-06-14,400000,Club Tijuana,13353,MEX1,2024
647235,2024-06-14,4000000,Deportivo Guadalajara,6711,MEX1,2024
648309,2024-06-14,800000,Club Necaxa,1146,MEX1,2024
650861,2024-06-14,4000000,Club Necaxa,1146,MEX1,2024
652948,2024-06-14,800000,Querétaro FC,4961,MEX1,2024
654144,2024-06-14,600000,Club Tijuana,13353,MEX1,2024
659693,2024-06-14,1500000,Atlas Guadalajara,8590,MEX1,2024
660990,2024-06-14,800000,Atlético de San Luis,40188,MEX1,2024
661481,2024-06-14,2500000,CF Pachuca,4035,MEX1,2024
662451,2024-06-14,3000000,UNAM Pumas,7633,MEX1,2024
668495,2024-06-14,2000000,Tigres UANL,7055,MEX1,2024
668529,2024-06-14,6000000,CD Cruz Azul,3711,MEX1,2024
670185,2024-06-14,400000,Mazatlán FC,82696,MEX1,2024
671479,2024-06-14,5000000,Deportivo Toluca,1804,MEX1,2024
671951,2024-06-14,2500000,Mazatlán FC,82696,MEX1,2024
686332,2024-06-14,800000,FC Juárez,49283,MEX1,2024
686444,2024-06-14,7000000,CF Monterrey,2407,MEX1,2024
686447,2024-06-14,400000,Santos Laguna,1403,MEX1,2024
686449,2024-06-14,1200000,CF América,3631,MEX1,2024
687558,2024-06-14,5000000,CF América,3631,MEX1,2024
687559,2024-06-14,1000000,Atlas Guadalajara,8590,MEX1,2024
690024,2024-06-14,1500000,Santos Laguna,1403,MEX1,2024
690681,2024-06-14,1200000,Club Tijuana,13353,MEX1,2024
691075,2024-06-14,1500000,Tigres UANL,7055,MEX1,2024
694156,2024-06-14,600000,Deportivo Guadalajara,6711,MEX1,2024
699797,2024-06-14,2500000,CF América,3631,MEX1,2024
700503,2024-06-14,400000,CF América,3631,MEX1,2024
704554,2024-06-14,800000,Santos Laguna,1403,MEX1,2024
704555,2024-06-14,800000,CF Pachuca,4035,MEX1,2024
704556,2024-06-14,3000000,CF Pachuca,4035,MEX1,2024
704557,2024-06-14,750000,UNAM Pumas,7633,MEX1,2024
704868,2024-06-14,3000000,CF Pachuca,4035,MEX1,2024
715428,2024-06-14,800000,Club Tijuana,13353,MEX1,2024
723240,2024-06-14,4500000,Club León FC,4941,MEX1,2024
737125,2024-06-14,2500000,Atlas Guadalajara,8590,MEX1,2024
740574,2024-06-14,1000000,Santos Laguna,1403,MEX1,2024
745454,2024-06-14,200000,CF Monterrey,2407,MEX1,2024
786000,2024-06-14,1200000,Deportivo Guadalajara,6711,MEX1,2024
798507,2024-06-14,700000,FC Juárez,49283,MEX1,2024
799707,2024-06-14,1500000,Deportivo Toluca,1804,MEX1,2024
802855,2024-06-14,2000000,Deportivo Guadalajara,6711,MEX1,2024
802857,2024-06-14,800000,FC Juárez,49283,MEX1,2024
803608,2024-06-14,450000,CF Pachuca,4035,MEX1,2024
810710,2024-06-14,50000,Puebla FC,5662,MEX1,2024
811373,2024-06-14,1500000,Deportivo Guadalajara,6711,MEX1,2024
816843,2024-06-14,500000,Querétaro FC,4961,MEX1,2024
817133,2024-06-14,1500000,FC Juárez,49283,MEX1,2024
819874,2024-06-14,1000000,Querétaro FC,4961,MEX1,2024
822164,2024-06-14,400000,Club Tijuana,13353,MEX1,2024
830112,2024-06-14,2500000,Santos Laguna,1403,MEX1,2024
832340,2024-06-14,1500000,Deportivo Toluca,1804,MEX1,2024
833268,2024-06-14,800000,CF Pachuca,4035,MEX1,2024
833269,2024-06-14,400000,CF Pachuca,4035,MEX1,2024
837619,2024-06-14,200000,Deportivo Guadalajara,6711,MEX1,2024
838928,2024-06-14,1800000,Club Necaxa,1146,MEX1,2024
854360,2024-06-14,600000,Club Necaxa,1146,MEX1,2024
857491,2024-06-14,1000000,Club León FC,4941,MEX1,2024
857897,2024-06-14,500000,Querétaro FC,4961,MEX1,2024
858660,2024-06-14,100000,CF Pachuca,4035,MEX1,2024
871655,2024-06-14,1800000,UNAM Pumas,7633,MEX1,2024
883265,2024-06-14,2500000,CF Pachuca,4035,MEX1,2024
886290,2024-06-14,300000,Mazatlán FC,82696,MEX1,2024
907559,2024-06-14,4000000,CF Pachuca,4035,MEX1,2024
915016,2024-06-14,2500000,Deportivo Toluca,1804,MEX1,2024
915155,2024-06-14,6000000,Deportivo Guadalajara,6711,MEX1,2024
923213,2024-06-14,1200000,UNAM Pumas,7633,MEX1,2024
923688,2024-06-14,600000,UNAM Pumas,7633,MEX1,2024
929438,2024-06-14,1200000,Santos Laguna,1403,MEX1,2024
936956,2024-06-14,600000,FC Juárez,49283,MEX1,2024
945134,2024-06-14,600000,Puebla FC,5662,MEX1,2024
945935,2024-06-14,1200000,Querétaro FC,4961,MEX1,2024
950872,2024-06-14,1000000,CF Pachuca,4035,MEX1,2024
950874,2024-06-14,2000000,Club Necaxa,1146,MEX1,2024
955338,2024-06-14,700000,CF Pachuca,4035,MEX1,2024
955756,2024-06-14,1200000,Deportivo Guadalajara,6711,MEX1,2024
959208,2024-06-14,2700000,Santos Laguna,1403,MEX1,2024
993722,2024-06-14,2300000,Mazatlán FC,82696,MEX1,2024
997057,2024-06-14,1500000,FC Juárez,49283,MEX1,2024
1030003,2024-06-14,1000000,UNAM Pumas,7633,MEX1,2024
1035924,2024-06-14,200000,Atlético de San Luis,40188,MEX1,2024
1041475,2024-06-14,400000,FC Juárez,49283,MEX1,2024
1086814,2024-06-14,800000,Querétaro FC,4961,MEX1,2024
1086862,2024-06-14,200000,Tigres UANL,7055,MEX1,2024
1086870,2024-06-14,400000,Tigres UANL,7055,MEX1,2024
1087253,2024-06-14,800000,CF Pachuca,4035,MEX1,2024
1087262,2024-06-14,2000000,CF Pachuca,4035,MEX1,2024
1087306,2024-06-14,1500000,UNAM Pumas,7633,MEX1,2024
1087349,2024-06-14,450000,Mazatlán FC,82696,MEX1,2024
1087352,2024-06-14,100000,Mazatlán FC,82696,MEX1,2024
1091807,2024-06-14,100000,CD Cruz Azul,3711,MEX1,2024
1091863,2024-06-14,100000,Deportivo Toluca,1804,MEX1,2024
1094366,2024-06-14,300000,Atlas Guadalajara,8590,MEX1,2024
1094383,2024-06-14,2000000,CF Pachuca,4035,MEX1,2024
1125592,2024-06-14,1800000,CF Pachuca,4035,MEX1,2024
309505,2024-07-19,1500000,Mazatlán FC,82696,MEX1,2024
572675,2024-07-19,7500000,Deportivo Toluca,1804,MEX1,2024
66106,2024-10-10,7500000,CF Monterrey,2407,MEX1,2024
71401,2024-10-10,500000,CF América,3631,MEX1,2024
107503,2024-10-10,1000000,Atlas Guadalajara,8590,MEX1,2024
125165,2024-10-10,3000000,CF Monterrey,2407,MEX1,2024
131074,2024-10-10,1000000,Club Tijuana,13353,MEX1,2024
131090,2024-10-10,1500000,Tigres UANL,7055,MEX1,2024
131093,2024-10-10,1800000,CF Monterrey,2407,MEX1,2024
135082,2024-10-10,1800000,UNAM Pumas,7633,MEX1,2024
158327,2024-10-10,1200000,UNAM Pumas,7633,MEX1,2024
175445,2024-10-10,2800000,Club Tijuana,13353,MEX1,2024
181706,2024-10-10,2000000,CD Cruz Azul,3711,MEX1,2024
185012,2024-10-10,2800000,CF Pachuca,4035,MEX1,2024
189441,2024-10-10,7500000,CF Monterrey,2407,MEX1,2024
209513,2024-10-10,2500000,CF América,3631,MEX1,2024
211072,2024-10-10,8000000,Deportivo Toluca,1804,MEX1,2024
212699,2024-10-10,3000000,Club León FC,4941,MEX1,2024
221805,2024-10-10,2500000,CD Cruz Azul,3711,MEX1,2024
234850,2024-10-10,9000000,CD Cruz Azul,3711,MEX1,2024
241391,2024-10-10,7000000,CF Pachuca,4035,MEX1,2024
242303,2024-10-10,1800000,Atlas Guadalajara,8590,MEX1,2024
248346,2024-10-10,3500000,Deportivo Toluca,1804,MEX1,2024
249776,2024-10-10,5000000,CF América,3631,MEX1,2024
255744,2024-10-10,3000000,Tigres UANL,7055,MEX1,2024
256866,2024-10-10,1500000,FC Juárez,49283,MEX1,2024
261503,2024-10-10,7500000,CF América,3631,MEX1,2024
267753,2024-10-10,4000000,Tigres UANL,7055,MEX1,2024
284120,2024-10-10,3000000,CD Cruz Azul,3711,MEX1,2024
288609,2024-10-10,3500000,CF Monterrey,2407,MEX1,2024
298796,2024-10-10,5000000,Deportivo Guadalajara,6711,MEX1,2024
308560,2024-10-10,2200000,Atlas Guadalajara,8590,MEX1,2024
310744,2024-10-10,7000000,Tigres UANL,7055,MEX1,2024
325598,2024-10-10,3500000,Deportivo Guadalajara,6711,MEX1,2024
347932,2024-10-10,2800000,UNAM Pumas,7633,MEX1,2024
353583,2024-10-10,7500000,Deportivo Guadalajara,6711,MEX1,2024
355998,2024-10-10,6000000,Tigres UANL,7055,MEX1,2024
356042,2024-10-10,3800000,Santos Laguna,1403,MEX1,2024
356044,2024-10-10,3000000,CD Cruz Azul,3711,MEX1,2024
370875,2024-10-10,9000000,CF América,3631,MEX1,2024
371171,2024-10-10,1500000,CD Cruz Azul,3711,MEX1,2024
371174,2024-10-10,3500000,Tigres UANL,7055,MEX1,2024
378351,2024-10-10,1000000,Club León FC,4941,MEX1,2024
397003,2024-10-10,5500000,Deportivo Guadalajara,6711,MEX1,2024
400173,2024-10-10,4000000,CF América,3631,MEX1,2024
401572,2024-10-10,7500000,CF Monterrey,2407,MEX1,2024
408534,2024-10-10,2500000,CF América,3631,MEX1,2024
411709,2024-10-10,3000000,Deportivo Toluca,1804,MEX1,2024
412365,2024-10-10,8000000,Deportivo Toluca,1804,MEX1,2024
423619,2024-10-10,7000000,CF América,3631,MEX1,2024
424689,2024-10-10,5000000,Deportivo Toluca,1804,MEX1,2024
426324,2024-10-10,3200000,Club Tijuana,13353,MEX1,2024
430021,2024-10-10,3500000,CF Monterrey,2407,MEX1,2024
431533,2024-10-10,4000000,Tigres UANL,7055,MEX1,2024
466268,2024-10-10,9000000,Tigres UANL,7055,MEX1,2024
469718,2024-10-10,5500000,CF Monterrey,2407,MEX1,2024
491542,2024-10-10,6000000,CD Cruz Azul,3711,MEX1,2024
504113,2024-10-10,4500000,Club Tijuana,13353,MEX1,2024
532938,2024-10-10,5000000,CD Cruz Azul,3711,MEX1,2024
540315,2024-10-10,6000000,UNAM Pumas,7633,MEX1,2024
549361,2024-10-10,1500000,CF América,3631,MEX1,2024
553422,2024-10-10,5000000,CD Cruz Azul,3711,MEX1,2024
553816,2024-10-10,1500000,Tigres UANL,7055,MEX1,2024
556047,2024-10-10,2800000,CF Pachuca,4035,MEX1,2024
557070,2024-10-10,1800000,Club León FC,4941,MEX1,2024
589363,2024-10-10,4000000,Club Necaxa,1146,MEX1,2024
598838,2024-10-10,4500000,Club León FC,4941,MEX1,2024
600905,2024-10-10,3000000,Atlas Guadalajara,8590,MEX1,2024
602324,2024-10-10,6000000,CD Cruz Azul,3711,MEX1,2024
609255,2024-10-10,5000000,CD Cruz Azul,3711,MEX1,2024
610590,2024-10-10,2000000,Club Necaxa,1146,MEX1,2024
629006,2024-10-10,4500000,Tigres UANL,7055,MEX1,2024
639152,2024-10-10,5000000,Club Necaxa,1146,MEX1,2024
647235,2024-10-10,5000000,Deportivo Guadalajara,6711,MEX1,2024
671951,2024-10-10,2000000,Mazatlán FC,82696,MEX1,2024
687558,2024-10-10,4500000,CF América,3631,MEX1,2024
699797,2024-10-10,3000000,CF América,3631,MEX1,2024
704554,2024-10-10,1200000,Santos Laguna,1403,MEX1,2024
704556,2024-10-10,4000000,CF Pachuca,4035,MEX1,2024
723240,2024-10-10,6000000,CF Monterrey,2407,MEX1,2024
802855,2024-10-10,4000000,Deportivo Guadalajara,6711,MEX1,2024
811373,2024-10-10,2000000,Deportivo Guadalajara,6711,MEX1,2024
822164,2024-10-10,1000000,Club Tijuana,13353,MEX1,2024
830112,2024-10-10,2800000,Santos Laguna,1403,MEX1,2024
837619,2024-10-10,1500000,Deportivo Guadalajara,6711,MEX1,2024
860857,2024-10-10,5000000,Tigres UANL,7055,MEX1,2024
886304,2024-10-10,1000000,Santos Laguna,1403,MEX1,2024
907559,2024-10-10,4200000,CF Pachuca,4035,MEX1,2024
915155,2024-10-10,6500000,Deportivo Guadalajara,6711,MEX1,2024
923213,2024-10-10,1200000,UNAM Pumas,7633,MEX1,2024
928648,2024-10-10,3500000,Deportivo Toluca,1804,MEX1,2024
950873,2024-10-10,700000,UNAM Pumas,7633,MEX1,2024
994267,2024-10-10,3000000,Deportivo Guadalajara,6711,MEX1,2024
1041475,2024-10-10,1000000,FC Juárez,49283,MEX1,2024
1155723,2024-10-14,1000000,Club Tijuana,13353,MEX1,2024
43907,2024-12-11,700000,Tigres UANL,7055,MEX1,2024
51546,2024-12-11,1000000,Querétaro FC,4961,MEX1,2024
53180,2024-12-11,650000,Atlético de San Luis,40188,MEX1,2024
60445,2024-12-11,600000,CF América,3631,MEX1,2024
63333,2024-12-11,150000,Club León FC,4941,MEX1,2024
64134,2024-12-11,800000,CF América,3631,MEX1,2024
66106,2024-12-11,7000000,CF Monterrey,2407,MEX1,2024
66736,2024-12-11,1800000,UNAM Pumas,7633,MEX1,2024
71401,2024-12-11,350000,CF América,3631,MEX1,2024
73523,2024-12-11,300000,Querétaro FC,4961,MEX1,2024
74113,2024-12-11,1000000,Atlas Guadalajara,8590,MEX1,2024
80197,2024-12-11,800000,CF Pachuca,4035,MEX1,2024
87859,2024-12-11,300000,Tigres UANL,7055,MEX1,2024
102699,2024-12-11,200000,Tigres UANL,7055,MEX1,2024
107444,2024-12-11,1500000,Deportivo Guadalajara,6711,MEX1,2024
107503,2024-12-11,800000,Atlas Guadalajara,8590,MEX1,2024
111082,2024-12-11,600000,Tigres UANL,7055,MEX1,2024
125165,2024-12-11,2500000,CF Monterrey,2407,MEX1,2024
125275,2024-12-11,100000,Club León FC,4941,MEX1,2024
129031,2024-12-11,600000,Mazatlán FC,82696,MEX1,2024
131074,2024-12-11,800000,Club Tijuana,13353,MEX1,2024
131090,2024-12-11,1000000,Tigres UANL,7055,MEX1,2024
131093,2024-12-11,1500000,CF Monterrey,2407,MEX1,2024
131101,2024-12-11,900000,Club León FC,4941,MEX1,2024
131275,2024-12-11,1200000,Santos Laguna,1403,MEX1,2024
135082,2024-12-11,1000000,UNAM Pumas,7633,MEX1,2024
135851,2024-12-11,300000,Querétaro FC,4961,MEX1,2024
142745,2024-12-11,900000,Santos Laguna,1403,MEX1,2024
148713,2024-12-11,500000,FC Juárez,49283,MEX1,2024
158327,2024-12-11,1000000,UNAM Pumas,7633,MEX1,2024
160700,2024-12-11,750000,CD Cruz Azul,3711,MEX1,2024
164749,2024-12-11,1000000,Atlético de San Luis,40188,MEX1,2024
175445,2024-12-11,2800000,Club Tijuana,13353,MEX1,2024
177046,2024-12-11,3000000,UNAM Pumas,7633,MEX1,2024
178984,2024-12-11,1800000,Deportivo Toluca,1804,MEX1,2024
181706,2024-12-11,2500000,CD Cruz Azul,3711,MEX1,2024
181780,2024-12-11,4500000,Atlético de San Luis,40188,MEX1,2024
185012,2024-12-11,2800000,CF Pachuca,4035,MEX1,2024
189410,2024-12-11,3000000,CF América,3631,MEX1,2024
189441,2024-12-11,7500000,CF Monterrey,2407,MEX1,2024
190804,2024-12-11,1000000,Atlas Guadalajara,8590,MEX1,2024
209513,2024-12-11,2000000,CF América,3631,MEX1,2024
211072,2024-12-11,8000000,Deportivo Toluca,1804,MEX1,2024
212699,2024-12-11,3000000,Club León FC,4941,MEX1,2024
213841,2024-12-11,2500000,Atlas Guadalajara,8590,MEX1,2024
214775,2024-12-11,5000000,CF Monterrey,2407,MEX1,2024
221805,2024-12-11,2000000,CD Cruz Azul,3711,MEX1,2024
222010,2024-12-11,800000,Puebla FC,5662,MEX1,2024
227404,2024-12-11,800000,Puebla FC,5662,MEX1,2024
227671,2024-12-11,1000000,Deportivo Toluca,1804,MEX1,2024
234227,2024-12-11,800000,Tigres UANL,7055,MEX1,2024
234850,2024-12-11,9000000,CD Cruz Azul,3711,MEX1,2024
234918,2024-12-11,1500000,Mazatlán FC,82696,MEX1,2024
236710,2024-12-11,500000,Deportivo Toluca,1804,MEX1,2024
241391,2024-12-11,7000000,CF Pachuca,4035,MEX1,2024
242303,2024-12-11,1500000,Atlas Guadalajara,8590,MEX1,2024
243580,2024-12-11,1500000,FC Juárez,49283,MEX1,2024
244724,2024-12-11,700000,Querétaro FC,4961,MEX1,2024
248346,2024-12-11,3000000,Deportivo Toluca,1804,MEX1,2024
249776,2024-12-11,4000000,CF América,3631,MEX1,2024
255744,2024-12-11,2000000,Tigres UANL,7055,MEX1,2024
256866,2024-12-11,1200000,FC Juárez,49283,MEX1,2024
259930,2024-12-11,2500000,CD Cruz Azul,3711,MEX1,2024
260662,2024-12-11,500000,Deportivo Guadalajara,6711,MEX1,2024
261503,2024-12-11,8000000,CF América,3631,MEX1,2024
264133,2024-12-11,800000,Atlas Guadalajara,8590,MEX1,2024
267753,2024-12-11,3000000,Tigres UANL,7055,MEX1,2024
271256,2024-12-11,3000000,Club León FC,4941,MEX1,2024
273638,2024-12-11,2500000,Santos Laguna,1403,MEX1,2024
274963,2024-12-11,1500000,Deportivo Guadalajara,6711,MEX1,2024
280379,2024-12-11,350000,CF Monterrey,2407,MEX1,2024
282927,2024-12-11,1500000,Deportivo Guadalajara,6711,MEX1,2024
283473,2024-12-11,1000000,Mazatlán FC,82696,MEX1,2024
283528,2024-12-11,2200000,UNAM Pumas,7633,MEX1,2024
284120,2024-12-11,3000000,CD Cruz Azul,3711,MEX1,2024
285127,2024-12-11,1800000,Club Tijuana,13353,MEX1,2024
286339,2024-12-11,4000000,CF América,3631,MEX1,2024
288251,2024-12-11,3000000,Atlético de San Luis,40188,MEX1,2024
288609,2024-12-11,3000000,CF Monterrey,2407,MEX1,2024
294894,2024-12-11,3000000,UNAM Pumas,7633,MEX1,2024
295373,2024-12-11,3000000,CF Monterrey,2407,MEX1,2024
295424,2024-12-11,2500000,UNAM Pumas,7633,MEX1,2024
295426,2024-12-11,2000000,Tigres UANL,7055,MEX1,2024
298796,2024-12-11,5000000,Deportivo Guadalajara,6711,MEX1,2024
308560,2024-12-11,2200000,Atlas Guadalajara,8590,MEX1,2024
310744,2024-12-11,7000000,Tigres UANL,7055,MEX1,2024
311680,2024-12-11,1200000,Santos Laguna,1403,MEX1,2024
312568,2024-12-11,6000000,Tigres UANL,7055,MEX1,2024
312576,2024-12-11,1000000,Querétaro FC,4961,MEX1,2024
322174,2024-12-11,1000000,Club León FC,4941,MEX1,2024
322610,2024-12-11,1800000,Club León FC,4941,MEX1,2024
322696,2024-12-11,900000,Puebla FC,5662,MEX1,2024
325598,2024-12-11,3000000,Deportivo Guadalajara,6711,MEX1,2024
325600,2024-12-11,600000,Mazatlán FC,82696,MEX1,2024
331282,2024-12-11,800000,Querétaro FC,4961,MEX1,2024
332764,2024-12-11,700000,FC Juárez,49283,MEX1,2024
332829,2024-12-11,2000000,Mazatlán FC,82696,MEX1,2024
333760,2024-12-11,4000000,CF Monterrey,2407,MEX1,2024
335086,2024-12-11,1200000,Mazatlán FC,82696,MEX1,2024
337600,2024-12-11,3500000,Club Necaxa,1146,MEX1,2024
339758,2024-12-11,2000000,Club Tijuana,13353,MEX1,2024
344854,2024-12-11,3800000,Deportivo Toluca,1804,MEX1,2024
347577,2024-12-11,3200000,Atlético de San Luis,40188,MEX1,2024
347932,2024-12-11,2800000,UNAM Pumas,7633,MEX1,2024
348264,2024-12-11,2000000,Puebla FC,5662,MEX1,2024
349150,2024-12-11,1500000,Club Necaxa,1146,MEX1,2024
351505,2024-12-11,5000000,CF América,3631,MEX1,2024
352552,2024-12-11,800000,FC Juárez,49283,MEX1,2024
353583,2024-12-11,7500000,Deportivo Guadalajara,6711,MEX1,2024
355998,2024-12-11,5000000,Tigres UANL,7055,MEX1,2024
356042,2024-12-11,3800000,Santos Laguna,1403,MEX1,2024
356044,2024-12-11,2800000,CD Cruz Azul,3711,MEX1,2024
356099,2024-12-11,2000000,CF América,3631,MEX1,2024
366143,2024-12-11,6000000,CF América,3631,MEX1,2024
370861,2024-12-11,1500000,Deportivo Toluca,1804,MEX1,2024
370864,2024-12-11,2000000,Mazatlán FC,82696,MEX1,2024
370868,2024-12-11,800000,Puebla FC,5662,MEX1,2024
370875,2024-12-11,7500000,CF América,3631,MEX1,2024
371168,2024-12-11,1000000,CF Monterrey,2407,MEX1,2024
371169,2024-12-11,1000000,FC Juárez,49283,MEX1,2024
371171,2024-12-11,3000000,CD Cruz Azul,3711,MEX1,2024
371174,2024-12-11,3000000,Tigres UANL,7055,MEX1,2024
371185,2024-12-11,3000000,FC Juárez,49283,MEX1,2024
378351,2024-12-11,1200000,Club León FC,4941,MEX1,2024
380996,2024-12-11,2500000,Querétaro FC,4961,MEX1,2024
384368,2024-12-11,1500000,Mazatlán FC,82696,MEX1,2024
388266,2024-12-11,5000000,FC Juárez,49283,MEX1,2024
389255,2024-12-11,6000000,CF Monterrey,2407,MEX1,2024
397003,2024-12-11,5500000,Deportivo Guadalajara,6711,MEX1,2024
397680,2024-12-11,3500000,Club Necaxa,1146,MEX1,2024
400171,2024-12-11,2500000,Atlas Guadalajara,8590,MEX1,2024
400173,2024-12-11,4500000,CF América,3631,MEX1,2024
400194,2024-12-11,1500000,Deportivo Guadalajara,6711,MEX1,2024
400208,2024-12-11,1000000,Querétaro FC,4961,MEX1,2024
401311,2024-12-11,1500000,Club Necaxa,1146,MEX1,2024
401344,2024-12-11,1200000,Club Necaxa,1146,MEX1,2024
401349,2024-12-11,350000,Atlas Guadalajara,8590,MEX1,2024
401572,2024-12-11,7000000,CF Monterrey,2407,MEX1,2024
402627,2024-12-11,600000,Querétaro FC,4961,MEX1,2024
408534,2024-12-11,2200000,CF América,3631,MEX1,2024
411709,2024-12-11,4000000,Deportivo Toluca,1804,MEX1,2024
412365,2024-12-11,8000000,Deportivo Toluca,1804,MEX1,2024
413983,2024-12-11,3000000,FC Juárez,49283,MEX1,2024
416083,2024-12-11,2000000,Club Tijuana,13353,MEX1,2024
419457,2024-12-11,1200000,Atlas Guadalajara,8590,MEX1,2024
421920,2024-12-11,700000,CD Cruz Azul,3711,MEX1,2024
422990,2024-12-11,900000,CF Pachuca,4035,MEX1,2024
423619,2024-12-11,7000000,CF América,3631,MEX1,2024
424689,2024-12-11,5500000,Deportivo Toluca,1804,MEX1,2024
424984,2024-12-11,3000000,Mazatlán FC,82696,MEX1,2024
425028,2024-12-11,1800000,FC Juárez,49283,MEX1,2024
426324,2024-12-11,3500000,Club Tijuana,13353,MEX1,2024
427203,2024-12-11,1200000,Atlas Guadalajara,8590,MEX1,2024
430021,2024-12-11,3000000,CF Monterrey,2407,MEX1,2024
431533,2024-12-11,4000000,Tigres UANL,7055,MEX1,2024
432222,2024-12-11,400000,Santos Laguna,1403,MEX1,2024
432225,2024-12-11,1200000,Santos Laguna,1403,MEX1,2024
433962,2024-12-11,700000,FC Juárez,49283,MEX1,2024
439626,2024-12-11,2500000,Club Tijuana,13353,MEX1,2024
440652,2024-12-11,6000000,UNAM Pumas,7633,MEX1,2024
441287,2024-12-11,1200000,Atlas Guadalajara,8590,MEX1,2024
446106,2024-12-11,8000000,Atlético de San Luis,40188,MEX1,2024
448414,2024-12-11,800000,Querétaro FC,4961,MEX1,2024
450406,2024-12-11,1000000,FC Juárez,49283,MEX1,2024
465647,2024-12-11,200000,Tigres UANL,7055,MEX1,2024
465818,2024-12-11,6000000,CF América,3631,MEX1,2024
466268,2024-12-11,8000000,Tigres UANL,7055,MEX1,2024
469718,2024-12-11,5000000,CF Monterrey,2407,MEX1,2024
469855,2024-12-11,400000,Deportivo Guadalajara,6711,MEX1,2024
471988,2024-12-11,3800000,Deportivo Toluca,1804,MEX1,2024
491542,2024-12-11,8000000,CD Cruz Azul,3711,MEX1,2024
495116,2024-12-11,1000000,Mazatlán FC,82696,MEX1,2024
504104,2024-12-11,1500000,Club Tijuana,13353,MEX1,2024
504113,2024-12-11,4500000,Club Tijuana,13353,MEX1,2024
532240,2024-12-11,1800000,Club Necaxa,1146,MEX1,2024
532389,2024-12-11,6500000,CF América,3631,MEX1,2024
532938,2024-12-11,5500000,CD Cruz Azul,3711,MEX1,2024
534620,2024-12-11,6000000,CD Cruz Azul,3711,MEX1,2024
539067,2024-12-11,2800000,Club Tijuana,13353,MEX1,2024
540305,2024-12-11,500000,Atlético de San Luis,40188,MEX1,2024
540306,2024-12-11,200000,CF Monterrey,2407,MEX1,2024
540315,2024-12-11,6000000,UNAM Pumas,7633,MEX1,2024
546047,2024-12-11,1200000,Santos Laguna,1403,MEX1,2024
549294,2024-12-11,6000000,Deportivo Guadalajara,6711,MEX1,2024
549361,2024-12-11,800000,CF América,3631,MEX1,2024
549419,2024-12-11,800000,Atlético de San Luis,40188,MEX1,2024
552912,2024-12-11,4500000,Deportivo Toluca,1804,MEX1,2024
552958,2024-12-11,600000,Puebla FC,5662,MEX1,2024
552960,2024-12-11,1200000,Atlético de San Luis,40188,MEX1,2024
553422,2024-12-11,6000000,CD Cruz Azul,3711,MEX1,2024
553816,2024-12-11,1500000,Tigres UANL,7055,MEX1,2024
556047,2024-12-11,2800000,CF Pachuca,4035,MEX1,2024
557070,2024-12-11,1800000,Club León FC,4941,MEX1,2024
568546,2024-12-11,1200000,Club Necaxa,1146,MEX1,2024
570431,2024-12-11,1500000,Club León FC,4941,MEX1,2024
570547,2024-12-11,800000,Mazatlán FC,82696,MEX1,2024
572705,2024-12-11,5500000,CF América,3631,MEX1,2024
575368,2024-12-11,2500000,Deportivo Toluca,1804,MEX1,2024
577489,2024-12-11,1600000,Puebla FC,5662,MEX1,2024
582513,2024-12-11,300000,Querétaro FC,4961,MEX1,2024
589363,2024-12-11,3500000,Club Necaxa,1146,MEX1,2024
596906,2024-12-11,700000,Mazatlán FC,82696,MEX1,2024
596929,2024-12-11,4000000,Deportivo Guadalajara,6711,MEX1,2024
597092,2024-12-11,2000000,Club León FC,4941,MEX1,2024
597727,2024-12-11,600000,Mazatlán FC,82696,MEX1,2024
597728,2024-12-11,6500000,Deportivo Toluca,1804,MEX1,2024
598838,2024-12-11,4000000,Club León FC,4941,MEX1,2024
599331,2024-12-11,2000000,Atlético de San Luis,40188,MEX1,2024
599569,2024-12-11,500000,Santos Laguna,1403,MEX1,2024
599732,2024-12-11,1800000,Club Tijuana,13353,MEX1,2024
600857,2024-12-11,1000000,Puebla FC,5662,MEX1,2024
600905,2024-12-11,3500000,Atlas Guadalajara,8590,MEX1,2024
602324,2024-12-11,7500000,CD Cruz Azul,3711,MEX1,2024
609255,2024-12-11,6000000,CD Cruz Azul,3711,MEX1,2024
610590,2024-12-11,2000000,Club Necaxa,1146,MEX1,2024
614303,2024-12-11,600000,Atlas Guadalajara,8590,MEX1,2024
627211,2024-12-11,150000,Atlético de San Luis,40188,MEX1,2024
629006,2024-12-11,4500000,Tigres UANL,7055,MEX1,2024
630032,2024-12-11,500000,Club Necaxa,1146,MEX1,2024
636066,2024-12-11,300000,Deportivo Guadalajara,6711,MEX1,2024
639152,2024-12-11,5000000,Club Necaxa,1146,MEX1,2024
639390,2024-12-11,2000000,Mazatlán FC,82696,MEX1,2024
644271,2024-12-11,700000,Club Tijuana,13353,MEX1,2024
644676,2024-12-11,3000000,Santos Laguna,1403,MEX1,2024
646297,2024-12-11,1200000,Club Tijuana,13353,MEX1,2024
647235,2024-12-11,5000000,Deportivo Guadalajara,6711,MEX1,2024
650861,2024-12-11,4000000,Club Necaxa,1146,MEX1,2024
654144,2024-12-11,600000,Club Tijuana,13353,MEX1,2024
654326,2024-12-11,400000,Querétaro FC,4961,MEX1,2024
660990,2024-12-11,1000000,Atlético de San Luis,40188,MEX1,2024
661481,2024-12-11,2500000,CF Pachuca,4035,MEX1,2024
662451,2024-12-11,4000000,UNAM Pumas,7633,MEX1,2024
663290,2024-12-11,800000,Puebla FC,5662,MEX1,2024
668495,2024-12-11,1800000,Tigres UANL,7055,MEX1,2024
668496,2024-12-11,1500000,Deportivo Toluca,1804,MEX1,2024
670185,2024-12-11,1200000,Mazatlán FC,82696,MEX1,2024
671479,2024-12-11,5000000,Deportivo Toluca,1804,MEX1,2024
671951,2024-12-11,2000000,Mazatlán FC,82696,MEX1,2024
686332,2024-12-11,700000,FC Juárez,49283,MEX1,2024
686444,2024-12-11,8500000,CF Monterrey,2407,MEX1,2024
686447,2024-12-11,400000,Puebla FC,5662,MEX1,2024
686449,2024-12-11,1200000,Club Necaxa,1146,MEX1,2024
687558,2024-12-11,4000000,CF América,3631,MEX1,2024
687559,2024-12-11,1500000,Atlas Guadalajara,8590,MEX1,2024
689837,2024-12-11,500000,CD Cruz Azul,3711,MEX1,2024
690024,2024-12-11,1500000,Santos Laguna,1403,MEX1,2024
690469,2024-12-11,300000,CD Cruz Azul,3711,MEX1,2024
690681,2024-12-11,1800000,Club Tijuana,13353,MEX1,2024
691075,2024-12-11,1500000,Tigres UANL,7055,MEX1,2024
694156,2024-12-11,600000,Deportivo Guadalajara,6711,MEX1,2024
699797,2024-12-11,4500000,CF América,3631,MEX1,2024
700503,2024-12-11,800000,Santos Laguna,1403,MEX1,2024
704554,2024-12-11,1200000,Santos Laguna,1403,MEX1,2024
704555,2024-12-11,800000,CF Pachuca,4035,MEX1,2024
704556,2024-12-11,4000000,CF Pachuca,4035,MEX1,2024
704557,2024-12-11,750000,UNAM Pumas,7633,MEX1,2024
704868,2024-12-11,3000000,CF Pachuca,4035,MEX1,2024
715428,2024-12-11,1500000,Club Tijuana,13353,MEX1,2024
716750,2024-12-11,800000,UNAM Pumas,7633,MEX1,2024
723240,2024-12-11,6500000,CF Monterrey,2407,MEX1,2024
726005,2024-12-11,1400000,FC Juárez,49283,MEX1,2024
737125,2024-12-11,3000000,Atlas Guadalajara,8590,MEX1,2024
740574,2024-12-11,1500000,Santos Laguna,1403,MEX1,2024
745454,2024-12-11,200000,CF Monterrey,2407,MEX1,2024
786000,2024-12-11,1000000,Deportivo Guadalajara,6711,MEX1,2024
799707,2024-12-11,1200000,Club León FC,4941,MEX1,2024
800732,2024-12-11,2000000,Club León FC,4941,MEX1,2024
802855,2024-12-11,4000000,Deportivo Guadalajara,6711,MEX1,2024
802857,2024-12-11,1200000,FC Juárez,49283,MEX1,2024
803608,2024-12-11,800000,CF Pachuca,4035,MEX1,2024
810710,2024-12-11,50000,Puebla FC,5662,MEX1,2024
811373,2024-12-11,2000000,Deportivo Guadalajara,6711,MEX1,2024
816843,2024-12-11,700000,Querétaro FC,4961,MEX1,2024
817133,2024-12-11,1500000,FC Juárez,49283,MEX1,2024
819874,2024-12-11,1000000,Tigres UANL,7055,MEX1,2024
822164,2024-12-11,1800000,Club Tijuana,13353,MEX1,2024
829063,2024-12-11,700000,Club León FC,4941,MEX1,2024
830112,2024-12-11,2800000,Santos Laguna,1403,MEX1,2024
832340,2024-12-11,1500000,Deportivo Toluca,1804,MEX1,2024
833268,2024-12-11,800000,CF Pachuca,4035,MEX1,2024
833271,2024-12-11,400000,Atlas Guadalajara,8590,MEX1,2024
837619,2024-12-11,1500000,Deportivo Guadalajara,6711,MEX1,2024
838928,2024-12-11,1800000,Club Necaxa,1146,MEX1,2024
854360,2024-12-11,600000,Puebla FC,5662,MEX1,2024
857491,2024-12-11,1000000,Club León FC,4941,MEX1,2024
857897,2024-12-11,500000,Club Tijuana,13353,MEX1,2024
858660,2024-12-11,200000,CF Pachuca,4035,MEX1,2024
860857,2024-12-11,5000000,Tigres UANL,7055,MEX1,2024
871655,2024-12-11,2800000,UNAM Pumas,7633,MEX1,2024
883265,2024-12-11,2500000,CF Pachuca,4035,MEX1,2024
886290,2024-12-11,300000,Mazatlán FC,82696,MEX1,2024
886304,2024-12-11,1500000,Santos Laguna,1403,MEX1,2024
907559,2024-12-11,4500000,CF Pachuca,4035,MEX1,2024
915016,2024-12-11,2500000,Deportivo Toluca,1804,MEX1,2024
915155,2024-12-11,8500000,Deportivo Guadalajara,6711,MEX1,2024
923213,2024-12-11,2000000,UNAM Pumas,7633,MEX1,2024
923688,2024-12-11,600000,UNAM Pumas,7633,MEX1,2024
928648,2024-12-11,3500000,Deportivo Toluca,1804,MEX1,2024
929438,2024-12-11,1200000,Santos Laguna,1403,MEX1,2024
936956,2024-12-11,500000,FC Juárez,49283,MEX1,2024
945134,2024-12-11,900000,Puebla FC,5662,MEX1,2024
945935,2024-12-11,1000000,Club León FC,4941,MEX1,2024
950872,2024-12-11,800000,Club León FC,4941,MEX1,2024
950873,2024-12-11,1200000,UNAM Pumas,7633,MEX1,2024
950874,2024-12-11,2000000,Club Necaxa,1146,MEX1,2024
955283,2024-12-11,700000,UNAM Pumas,7633,MEX1,2024
955338,2024-12-11,700000,CF Pachuca,4035,MEX1,2024
955756,2024-12-11,1200000,Deportivo Guadalajara,6711,MEX1,2024
959193,2024-12-11,100000,CF América,3631,MEX1,2024
959208,2024-12-11,2700000,Santos Laguna,1403,MEX1,2024
974652,2024-12-11,3000000,CF Monterrey,2407,MEX1,2024
993722,2024-12-11,3000000,CD Cruz Azul,3711,MEX1,2024
994267,2024-12-11,3000000,Deportivo Guadalajara,6711,MEX1,2024
997057,2024-12-11,1000000,FC Juárez,49283,MEX1,2024
1002127,2024-12-11,100000,Atlético de San Luis,40188,MEX1,2024
1011115,2024-12-11,300000,Atlas Guadalajara,8590,MEX1,2024
1019485,2024-12-11,100000,CF América,3631,MEX1,2024
1030003,2024-12-11,1000000,UNAM Pumas,7633,MEX1,2024
1035924,2024-12-11,1500000,Atlético de San Luis,40188,MEX1,2024
1041475,2024-12-11,2000000,FC Juárez,49283,MEX1,2024
1053536,2024-12-11,600000,Club Necaxa,1146,MEX1,2024
1086814,2024-12-11,700000,Querétaro FC,4961,MEX1,2024
1086862,2024-12-11,200000,Tigres UANL,7055,MEX1,2024
1086870,2024-12-11,400000,Tigres UANL,7055,MEX1,2024
1086892,2024-12-11,100000,Mazatlán FC,82696,MEX1,2024
1087247,2024-12-11,700000,Club León FC,4941,MEX1,2024
1087253,2024-12-11,800000,CF Pachuca,4035,MEX1,2024
1087306,2024-12-11,1200000,UNAM Pumas,7633,MEX1,2024
1087349,2024-12-11,1000000,Mazatlán FC,82696,MEX1,2024
1087352,2024-12-11,100000,Mazatlán FC,82696,MEX1,2024
1087365,2024-12-11,1000000,Santos Laguna,1403,MEX1,2024
1091807,2024-12-11,100000,CD Cruz Azul,3711,MEX1,2024
1091863,2024-12-11,500000,Deportivo Toluca,1804,MEX1,2024
1094366,2024-12-11,700000,Atlas Guadalajara,8590,MEX1,2024
1094383,2024-12-11,2000000,CF Pachuca,4035,MEX1,2024
1094384,2024-12-11,1200000,CF Pachuca,4035,MEX1,2024
1118326,2024-12-11,500000,CD Cruz Azul,3711,MEX1,2024
1125592,2024-12-11,3500000,CF Pachuca,4035,MEX1,2024
1150567,2024-12-11,150000,Puebla FC,5662,MEX1,2024
1154123,2024-12-11,500000,CD Cruz Azul,3711,MEX1,2024
1155723,2024-12-11,2000000,Club Tijuana,13353,MEX1,2024
1193298,2024-12-11,700000,Santos Laguna,1403,MEX1,2024
43907,2025-03-31,500000,Tigres UANL,7055,MEX1,2025
64134,2025-03-31,700000,CF América,3631,MEX1,2025
66106,2025-03-31,6500000,CF Monterrey,2407,MEX1,2025
74113,2025-03-31,800000,Atlas Guadalajara,8590,MEX1,2025
122043,2025-03-31,1300000,Deportivo Toluca,1804,MEX1,2025
135082,2025-03-31,700000,UNAM Pumas,7633,MEX1,2025
143045,2025-03-31,1300000,Deportivo Guadalajara,6711,MEX1,2025
158327,2025-03-31,800000,Puebla FC,5662,MEX1,2025
175445,2025-03-31,2500000,Club Tijuana,13353,MEX1,2025
181706,2025-03-31,2000000,CD Cruz Azul,3711,MEX1,2025
181780,2025-03-31,4000000,Atlético de San Luis,40188,MEX1,2025
185012,2025-03-31,2500000,CF Pachuca,4035,MEX1,2025
189441,2025-03-31,6500000,CF Monterrey,2407,MEX1,2025
190804,2025-03-31,1800000,Atlas Guadalajara,8590,MEX1,2025
209513,2025-03-31,1500000,CF América,3631,MEX1,2025
213841,2025-03-31,1800000,Atlas Guadalajara,8590,MEX1,2025
214775,2025-03-31,4500000,CF Monterrey,2407,MEX1,2025
234850,2025-03-31,7500000,CD Cruz Azul,3711,MEX1,2025
234918,2025-03-31,1200000,Mazatlán FC,82696,MEX1,2025
241391,2025-03-31,7500000,CF Pachuca,4035,MEX1,2025
242303,2025-03-31,1000000,Atlas Guadalajara,8590,MEX1,2025
261503,2025-03-31,8500000,CF América,3631,MEX1,2025
267753,2025-03-31,2800000,Tigres UANL,7055,MEX1,2025
271256,2025-03-31,3200000,Club León FC,4941,MEX1,2025
273638,2025-03-31,1800000,Santos Laguna,1403,MEX1,2025
286339,2025-03-31,3500000,CF América,3631,MEX1,2025
286415,2025-03-31,3000000,Deportivo Toluca,1804,MEX1,2025
288251,2025-03-31,2500000,Atlético de San Luis,40188,MEX1,2025
294894,2025-03-31,2800000,UNAM Pumas,7633,MEX1,2025
298796,2025-03-31,3800000,Deportivo Guadalajara,6711,MEX1,2025
310744,2025-03-31,6500000,Tigres UANL,7055,MEX1,2025
325598,2025-03-31,2500000,Deportivo Guadalajara,6711,MEX1,2025
344854,2025-03-31,3500000,Deportivo Toluca,1804,MEX1,2025
347932,2025-03-31,2300000,UNAM Pumas,7633,MEX1,2025
348264,2025-03-31,1500000,Puebla FC,5662,MEX1,2025
349150,2025-03-31,1200000,Puebla FC,5662,MEX1,2025
351505,2025-03-31,7000000,CF América,3631,MEX1,2025
353583,2025-03-31,7000000,Deportivo Guadalajara,6711,MEX1,2025
355998,2025-03-31,4000000,Tigres UANL,7055,MEX1,2025
356042,2025-03-31,3500000,Santos Laguna,1403,MEX1,2025
366143,2025-03-31,5500000,CF América,3631,MEX1,2025
370868,2025-03-31,1200000,Puebla FC,5662,MEX1,2025
370875,2025-03-31,6000000,CF América,3631,MEX1,2025
371174,2025-03-31,3500000,Tigres UANL,7055,MEX1,2025
375300,2025-03-31,4000000,UNAM Pumas,7633,MEX1,2025
380996,2025-03-31,2200000,Querétaro FC,4961,MEX1,2025
388266,2025-03-31,4000000,FC Juárez,49283,MEX1,2025
397003,2025-03-31,4500000,Deportivo Guadalajara,6711,MEX1,2025
397680,2025-03-31,3000000,Club Necaxa,1146,MEX1,2025
400171,2025-03-31,2000000,Atlas Guadalajara,8590,MEX1,2025
400194,2025-03-31,1700000,Puebla FC,5662,MEX1,2025
401311,2025-03-31,1200000,Puebla FC,5662,MEX1,2025
401340,2025-03-31,1800000,Deportivo Guadalajara,6711,MEX1,2025
401572,2025-03-31,6000000,CF Monterrey,2407,MEX1,2025
412365,2025-03-31,7000000,Deportivo Toluca,1804,MEX1,2025
423619,2025-03-31,8000000,CF América,3631,MEX1,2025
424689,2025-03-31,8000000,Deportivo Toluca,1804,MEX1,2025
424984,2025-03-31,2800000,Mazatlán FC,82696,MEX1,2025
431533,2025-03-31,3800000,Tigres UANL,7055,MEX1,2025
440652,2025-03-31,5500000,UNAM Pumas,7633,MEX1,2025
446106,2025-03-31,7000000,Atlético de San Luis,40188,MEX1,2025
462070,2025-03-31,3500000,Club León FC,4941,MEX1,2025
465818,2025-03-31,6500000,CF América,3631,MEX1,2025
466268,2025-03-31,7000000,Tigres UANL,7055,MEX1,2025
469718,2025-03-31,4000000,CF Monterrey,2407,MEX1,2025
471988,2025-03-31,3500000,Deportivo Toluca,1804,MEX1,2025
491542,2025-03-31,7000000,CD Cruz Azul,3711,MEX1,2025
504113,2025-03-31,5000000,Club Tijuana,13353,MEX1,2025
532240,2025-03-31,1500000,Club Necaxa,1146,MEX1,2025
532389,2025-03-31,6000000,CF América,3631,MEX1,2025
532938,2025-03-31,5000000,Deportivo Guadalajara,6711,MEX1,2025
534620,2025-03-31,5000000,CD Cruz Azul,3711,MEX1,2025
549294,2025-03-31,4500000,Deportivo Guadalajara,6711,MEX1,2025
553422,2025-03-31,5000000,CD Cruz Azul,3711,MEX1,2025
572705,2025-03-31,5000000,CF América,3631,MEX1,2025
596929,2025-03-31,3800000,Deportivo Guadalajara,6711,MEX1,2025
597728,2025-03-31,7000000,Deportivo Toluca,1804,MEX1,2025
600905,2025-03-31,3300000,Tigres UANL,7055,MEX1,2025
609255,2025-03-31,5500000,CD Cruz Azul,3711,MEX1,2025
610590,2025-03-31,4000000,Club Necaxa,1146,MEX1,2025
629006,2025-03-31,3500000,Tigres UANL,7055,MEX1,2025
639152,2025-03-31,6500000,Club Necaxa,1146,MEX1,2025
647235,2025-03-31,4000000,Deportivo Guadalajara,6711,MEX1,2025
650861,2025-03-31,6500000,Club Necaxa,1146,MEX1,2025
661481,2025-03-31,3500000,CF Pachuca,4035,MEX1,2025
662451,2025-03-31,5000000,UNAM Pumas,7633,MEX1,2025
668495,2025-03-31,1500000,Tigres UANL,7055,MEX1,2025
668496,2025-03-31,2500000,Deportivo Toluca,1804,MEX1,2025
671951,2025-03-31,1800000,Atlas Guadalajara,8590,MEX1,2025
686444,2025-03-31,6000000,CF Monterrey,2407,MEX1,2025
686449,2025-03-31,1800000,Club Necaxa,1146,MEX1,2025
687359,2025-03-31,4500000,Tigres UANL,7055,MEX1,2025
687558,2025-03-31,4500000,CF América,3631,MEX1,2025
690469,2025-03-31,500000,CD Cruz Azul,3711,MEX1,2025
690681,2025-03-31,2300000,Club Tijuana,13353,MEX1,2025
699797,2025-03-31,6000000,CF América,3631,MEX1,2025
704554,2025-03-31,1000000,Santos Laguna,1403,MEX1,2025
704556,2025-03-31,4500000,CF Pachuca,4035,MEX1,2025
704868,2025-03-31,3500000,CF Pachuca,4035,MEX1,2025
723240,2025-03-31,5000000,CF Monterrey,2407,MEX1,2025
726005,2025-03-31,1800000,FC Juárez,49283,MEX1,2025
737125,2025-03-31,2800000,Atlas Guadalajara,8590,MEX1,2025
737920,2025-03-31,3000000,Santos Laguna,1403,MEX1,2025
740574,2025-03-31,1300000,Santos Laguna,1403,MEX1,2025
802855,2025-03-31,4500000,Deportivo Guadalajara,6711,MEX1,2025
811373,2025-03-31,2500000,Deportivo Guadalajara,6711,MEX1,2025
817133,2025-03-31,2000000,FC Juárez,49283,MEX1,2025
833268,2025-03-31,1000000,CF Pachuca,4035,MEX1,2025
834483,2025-03-31,3000000,UNAM Pumas,7633,MEX1,2025
854454,2025-03-31,3800000,CD Cruz Azul,3711,MEX1,2025
856085,2025-03-31,6500000,CF Pachuca,4035,MEX1,2025
860857,2025-03-31,6500000,Tigres UANL,7055,MEX1,2025
871655,2025-03-31,2500000,UNAM Pumas,7633,MEX1,2025
907559,2025-03-31,5500000,CF Monterrey,2407,MEX1,2025
915155,2025-03-31,6500000,CD Cruz Azul,3711,MEX1,2025
928648,2025-03-31,3200000,Mazatlán FC,82696,MEX1,2025
950873,2025-03-31,2500000,UNAM Pumas,7633,MEX1,2025
955223,2025-03-31,2000000,Deportivo Guadalajara,6711,MEX1,2025
955756,2025-03-31,2000000,Deportivo Guadalajara,6711,MEX1,2025
959193,2025-03-31,2000000,CF América,3631,MEX1,2025
974652,2025-03-31,3200000,Club Necaxa,1146,MEX1,2025
997057,2025-03-31,2000000,FC Juárez,49283,MEX1,2025
1035924,2025-03-31,1800000,Atlético de San Luis,40188,MEX1,2025
1041475,2025-03-31,2800000,FC Juárez,49283,MEX1,2025
1066953,2025-03-31,2500000,Deportivo Guadalajara,6711,MEX1,2025
1087247,2025-03-31,1200000,Club León FC,4941,MEX1,2025
1095326,2025-03-31,3000000,CF Monterrey,2407,MEX1,2025
1118326,2025-03-31,1200000,CD Cruz Azul,3711,MEX1,2025
1125592,2025-03-31,4500000,CF Pachuca,4035,MEX1,2025
1155723,2025-03-31,3000000,Club Tijuana,13353,MEX1,2025
686445,2025-05-19,1000000,Deportivo Guadalajara,6711,MEX1,2025
43907,2025-05-26,400000,Tigres UANL,7055,MEX1,2025
51546,2025-05-26,800000,Querétaro FC,4961,MEX1,2025
53180,2025-05-26,350000,Atlético de San Luis,40188,MEX1,2025
60445,2025-05-26,500000,CF América,3631,MEX1,2025
63333,2025-05-26,125000,Club León FC,4941,MEX1,2025
64134,2025-05-26,500000,CF América,3631,MEX1,2025
66106,2025-05-26,6000000,CF Monterrey,2407,MEX1,2025
66736,2025-05-26,1500000,UNAM Pumas,7633,MEX1,2025
71401,2025-05-26,300000,CF América,3631,MEX1,2025
73523,2025-05-26,200000,Querétaro FC,4961,MEX1,2025
74113,2025-05-26,600000,Atlas Guadalajara,8590,MEX1,2025
80197,2025-05-26,750000,CF Pachuca,4035,MEX1,2025
87859,2025-05-26,275000,Tigres UANL,7055,MEX1,2025
88103,2025-05-26,2500000,Club León FC,4941,MEX1,2025
102699,2025-05-26,150000,Tigres UANL,7055,MEX1,2025
107444,2025-05-26,1000000,Deportivo Toluca,1804,MEX1,2025
107503,2025-05-26,600000,Atlas Guadalajara,8590,MEX1,2025
111082,2025-05-26,500000,Tigres UANL,7055,MEX1,2025
122043,2025-05-26,1000000,Deportivo Toluca,1804,MEX1,2025
125165,2025-05-26,2000000,CF Monterrey,2407,MEX1,2025
125275,2025-05-26,75000,Club León FC,4941,MEX1,2025
129031,2025-05-26,500000,Mazatlán FC,82696,MEX1,2025
131074,2025-05-26,700000,Club Tijuana,13353,MEX1,2025
131090,2025-05-26,800000,Tigres UANL,7055,MEX1,2025
131093,2025-05-26,1300000,CF Monterrey,2407,MEX1,2025
131101,2025-05-26,800000,Club León FC,4941,MEX1,2025
131275,2025-05-26,1000000,Santos Laguna,1403,MEX1,2025
135082,2025-05-26,500000,UNAM Pumas,7633,MEX1,2025
135851,2025-05-26,200000,Querétaro FC,4961,MEX1,2025
142745,2025-05-26,700000,Santos Laguna,1403,MEX1,2025
143045,2025-05-26,1000000,Deportivo Guadalajara,6711,MEX1,2025
148713,2025-05-26,400000,FC Juárez,49283,MEX1,2025
158327,2025-05-26,700000,Puebla FC,5662,MEX1,2025
160700,2025-05-26,700000,CD Cruz Azul,3711,MEX1,2025
164749,2025-05-26,800000,Santos Laguna,1403,MEX1,2025
175445,2025-05-26,2000000,Club Tijuana,13353,MEX1,2025
177046,2025-05-26,2800000,UNAM Pumas,7633,MEX1,2025
178984,2025-05-26,1500000,Deportivo Toluca,1804,MEX1,2025
181706,2025-05-26,1800000,CD Cruz Azul,3711,MEX1,2025
181780,2025-05-26,3500000,Atlético de San Luis,40188,MEX1,2025
185012,2025-05-26,2500000,CF Pachuca,4035,MEX1,2025
189410,2025-05-26,2800000,CF América,3631,MEX1,2025
189441,2025-05-26,6000000,CF Monterrey,2407,MEX1,2025
190804,2025-05-26,1800000,Atlas Guadalajara,8590,MEX1,2025
209513,2025-05-26,1000000,CF América,3631,MEX1,2025
211072,2025-05-26,7500000,Deportivo Toluca,1804,MEX1,2025
212699,2025-05-26,2500000,Club León FC,4941,MEX1,2025
213841,2025-05-26,1800000,Atlas Guadalajara,8590,MEX1,2025
214775,2025-05-26,4000000,CF Monterrey,2407,MEX1,2025
221805,2025-05-26,2000000,CD Cruz Azul,3711,MEX1,2025
222010,2025-05-26,500000,Puebla FC,5662,MEX1,2025
227404,2025-05-26,600000,Puebla FC,5662,MEX1,2025
234227,2025-05-26,700000,Tigres UANL,7055,MEX1,2025
234850,2025-05-26,7000000,CD Cruz Azul,3711,MEX1,2025
234918,2025-05-26,1000000,Mazatlán FC,82696,MEX1,2025
236710,2025-05-26,400000,Deportivo Toluca,1804,MEX1,2025
241391,2025-05-26,7000000,CF Pachuca,4035,MEX1,2025
242303,2025-05-26,900000,Atlas Guadalajara,8590,MEX1,2025
243580,2025-05-26,1000000,Santos Laguna,1403,MEX1,2025
244724,2025-05-26,600000,Querétaro FC,4961,MEX1,2025
249776,2025-05-26,3500000,CF América,3631,MEX1,2025
255744,2025-05-26,1800000,Mazatlán FC,82696,MEX1,2025
256866,2025-05-26,1200000,CF Monterrey,2407,MEX1,2025
259930,2025-05-26,2000000,CD Cruz Azul,3711,MEX1,2025
260662,2025-05-26,400000,Deportivo Guadalajara,6711,MEX1,2025
261503,2025-05-26,9000000,CF América,3631,MEX1,2025
264133,2025-05-26,600000,CF Monterrey,2407,MEX1,2025
265726,2025-05-26,3800000,Club León FC,4941,MEX1,2025
267753,2025-05-26,2500000,Tigres UANL,7055,MEX1,2025
271256,2025-05-26,3500000,Club León FC,4941,MEX1,2025
273638,2025-05-26,1500000,Santos Laguna,1403,MEX1,2025
274963,2025-05-26,1300000,Deportivo Guadalajara,6711,MEX1,2025
280379,2025-05-26,300000,CF Monterrey,2407,MEX1,2025
282544,2025-05-26,1300000,Club León FC,4941,MEX1,2025
282927,2025-05-26,1500000,Deportivo Guadalajara,6711,MEX1,2025
283473,2025-05-26,800000,Mazatlán FC,82696,MEX1,2025
283528,2025-05-26,2200000,UNAM Pumas,7633,MEX1,2025
284120,2025-05-26,2800000,CD Cruz Azul,3711,MEX1,2025
285127,2025-05-26,1500000,Club Tijuana,13353,MEX1,2025
286339,2025-05-26,3000000,CF América,3631,MEX1,2025
286415,2025-05-26,2500000,Deportivo Toluca,1804,MEX1,2025
288251,2025-05-26,2500000,Atlético de San Luis,40188,MEX1,2025
294804,2025-05-26,1200000,CF Pachuca,4035,MEX1,2025
294894,2025-05-26,2500000,UNAM Pumas,7633,MEX1,2025
295373,2025-05-26,2500000,CF Monterrey,2407,MEX1,2025
295424,2025-05-26,2000000,UNAM Pumas,7633,MEX1,2025
295426,2025-05-26,1500000,Tigres UANL,7055,MEX1,2025
298796,2025-05-26,3000000,Deportivo Guadalajara,6711,MEX1,2025
308560,2025-05-26,2000000,Atlético de San Luis,40188,MEX1,2025
310744,2025-05-26,5500000,Tigres UANL,7055,MEX1,2025
311680,2025-05-26,1200000,Santos Laguna,1403,MEX1,2025
312568,2025-05-26,5500000,Tigres UANL,7055,MEX1,2025
312576,2025-05-26,800000,Querétaro FC,4961,MEX1,2025
322174,2025-05-26,1000000,Club León FC,4941,MEX1,2025
322696,2025-05-26,900000,Puebla FC,5662,MEX1,2025
325598,2025-05-26,2300000,Deportivo Guadalajara,6711,MEX1,2025
325600,2025-05-26,600000,Mazatlán FC,82696,MEX1,2025
332764,2025-05-26,800000,FC Juárez,49283,MEX1,2025
332829,2025-05-26,2000000,Mazatlán FC,82696,MEX1,2025
333760,2025-05-26,3500000,CF Monterrey,2407,MEX1,2025
335086,2025-05-26,1200000,Mazatlán FC,82696,MEX1,2025
337600,2025-05-26,3000000,Club Necaxa,1146,MEX1,2025
344854,2025-05-26,3500000,Deportivo Toluca,1804,MEX1,2025
347577,2025-05-26,3000000,CF Monterrey,2407,MEX1,2025
347932,2025-05-26,2000000,UNAM Pumas,7633,MEX1,2025
348264,2025-05-26,1200000,Puebla FC,5662,MEX1,2025
349150,2025-05-26,1200000,Puebla FC,5662,MEX1,2025
351505,2025-05-26,8000000,CF América,3631,MEX1,2025
352552,2025-05-26,800000,FC Juárez,49283,MEX1,2025
353583,2025-05-26,6500000,Deportivo Guadalajara,6711,MEX1,2025
354666,2025-05-26,3800000,Club Tijuana,13353,MEX1,2025
355998,2025-05-26,3000000,Tigres UANL,7055,MEX1,2025
356042,2025-05-26,3000000,Santos Laguna,1403,MEX1,2025
356044,2025-05-26,2500000,CD Cruz Azul,3711,MEX1,2025
356099,2025-05-26,1800000,CF América,3631,MEX1,2025
364058,2025-05-26,2300000,FC Juárez,49283,MEX1,2025
366143,2025-05-26,5500000,CF América,3631,MEX1,2025
370861,2025-05-26,1500000,Deportivo Toluca,1804,MEX1,2025
370864,2025-05-26,2000000,Mazatlán FC,82696,MEX1,2025
370868,2025-05-26,1200000,Puebla FC,5662,MEX1,2025
370875,2025-05-26,6500000,CF América,3631,MEX1,2025
371168,2025-05-26,1500000,CF Monterrey,2407,MEX1,2025
371169,2025-05-26,1000000,FC Juárez,49283,MEX1,2025
371171,2025-05-26,3500000,CD Cruz Azul,3711,MEX1,2025
371174,2025-05-26,3500000,Tigres UANL,7055,MEX1,2025
371185,2025-05-26,3500000,FC Juárez,49283,MEX1,2025
375300,2025-05-26,3800000,UNAM Pumas,7633,MEX1,2025
378351,2025-05-26,1500000,Club León FC,4941,MEX1,2025
380996,2025-05-26,2000000,Querétaro FC,4961,MEX1,2025
384368,2025-05-26,1500000,Mazatlán FC,82696,MEX1,2025
385454,2025-05-26,800000,Santos Laguna,1403,MEX1,2025
388266,2025-05-26,4000000,FC Juárez,49283,MEX1,2025
390926,2025-05-26,1200000,Club Tijuana,13353,MEX1,2025
397003,2025-05-26,4000000,Deportivo Guadalajara,6711,MEX1,2025
397680,2025-05-26,3000000,Club Necaxa,1146,MEX1,2025
400171,2025-05-26,2500000,Atlas Guadalajara,8590,MEX1,2025
400173,2025-05-26,4500000,CF América,3631,MEX1,2025
400194,2025-05-26,1500000,Puebla FC,5662,MEX1,2025
400208,2025-05-26,1500000,Querétaro FC,4961,MEX1,2025
401311,2025-05-26,1200000,Puebla FC,5662,MEX1,2025
401340,2025-05-26,2000000,Deportivo Guadalajara,6711,MEX1,2025
401344,2025-05-26,1500000,Club Necaxa,1146,MEX1,2025
401349,2025-05-26,300000,Atlas Guadalajara,8590,MEX1,2025
401572,2025-05-26,6000000,CF Monterrey,2407,MEX1,2025
402627,2025-05-26,600000,Querétaro FC,4961,MEX1,2025
408534,2025-05-26,2000000,CF América,3631,MEX1,2025
411709,2025-05-26,4500000,Deportivo Toluca,1804,MEX1,2025
412365,2025-05-26,6500000,Deportivo Toluca,1804,MEX1,2025
413983,2025-05-26,3000000,FC Juárez,49283,MEX1,2025
416083,2025-05-26,2000000,Deportivo Toluca,1804,MEX1,2025
418859,2025-05-26,650000,Querétaro FC,4961,MEX1,2025
419457,2025-05-26,1000000,Atlas Guadalajara,8590,MEX1,2025
421920,2025-05-26,700000,CD Cruz Azul,3711,MEX1,2025
423619,2025-05-26,8000000,CF América,3631,MEX1,2025
424689,2025-05-26,10000000,Deportivo Toluca,1804,MEX1,2025
424984,2025-05-26,2500000,Mazatlán FC,82696,MEX1,2025
425028,2025-05-26,2000000,FC Juárez,49283,MEX1,2025
427203,2025-05-26,1000000,Atlas Guadalajara,8590,MEX1,2025
430021,2025-05-26,2500000,CF Monterrey,2407,MEX1,2025
431475,2025-05-26,7500000,CD Cruz Azul,3711,MEX1,2025
431533,2025-05-26,3500000,Tigres UANL,7055,MEX1,2025
432222,2025-05-26,400000,Santos Laguna,1403,MEX1,2025
432225,2025-05-26,1000000,Santos Laguna,1403,MEX1,2025
433962,2025-05-26,700000,FC Juárez,49283,MEX1,2025
440652,2025-05-26,5000000,UNAM Pumas,7633,MEX1,2025
441287,2025-05-26,1200000,Atlas Guadalajara,8590,MEX1,2025
446106,2025-05-26,6500000,Atlético de San Luis,40188,MEX1,2025
448414,2025-05-26,800000,Querétaro FC,4961,MEX1,2025
450406,2025-05-26,2000000,FC Juárez,49283,MEX1,2025
454625,2025-05-26,2800000,Atlas Guadalajara,8590,MEX1,2025
462070,2025-05-26,3500000,Club León FC,4941,MEX1,2025
465647,2025-05-26,200000,Club Tijuana,13353,MEX1,2025
465818,2025-05-26,6000000,CF América,3631,MEX1,2025
466268,2025-05-26,6500000,Tigres UANL,7055,MEX1,2025
469718,2025-05-26,3500000,CF Monterrey,2407,MEX1,2025
469855,2025-05-26,400000,Deportivo Guadalajara,6711,MEX1,2025
471988,2025-05-26,3000000,Deportivo Toluca,1804,MEX1,2025
473201,2025-05-26,1000000,Club Tijuana,13353,MEX1,2025
480764,2025-05-26,1200000,Puebla FC,5662,MEX1,2025
491542,2025-05-26,7000000,CD Cruz Azul,3711,MEX1,2025
491616,2025-05-26,2000000,Club Tijuana,13353,MEX1,2025
495116,2025-05-26,1000000,Mazatlán FC,82696,MEX1,2025
504104,2025-05-26,2000000,Club Tijuana,13353,MEX1,2025
504113,2025-05-26,5500000,Club Tijuana,13353,MEX1,2025
532240,2025-05-26,1500000,Club Necaxa,1146,MEX1,2025
532389,2025-05-26,5000000,CF América,3631,MEX1,2025
532938,2025-05-26,4500000,Deportivo Guadalajara,6711,MEX1,2025
534620,2025-05-26,5000000,CD Cruz Azul,3711,MEX1,2025
540305,2025-05-26,500000,Atlético de San Luis,40188,MEX1,2025
540306,2025-05-26,200000,CF Monterrey,2407,MEX1,2025
549294,2025-05-26,4000000,Deportivo Guadalajara,6711,MEX1,2025
549361,2025-05-26,800000,Club Necaxa,1146,MEX1,2025
549419,2025-05-26,1000000,Atlético de San Luis,40188,MEX1,2025
552912,2025-05-26,4500000,Deportivo Toluca,1804,MEX1,2025
552960,2025-05-26,1200000,Atlético de San Luis,40188,MEX1,2025
553422,2025-05-26,4500000,CD Cruz Azul,3711,MEX1,2025
553816,2025-05-26,2000000,Tigres UANL,7055,MEX1,2025
554300,2025-05-26,2000000,FC Juárez,49283,MEX1,2025
556047,2025-05-26,2500000,CF Pachuca,4035,MEX1,2025
557070,2025-05-26,1500000,Club León FC,4941,MEX1,2025
568546,2025-05-26,1500000,Club Necaxa,1146,MEX1,2025
570431,2025-05-26,1500000,CF Monterrey,2407,MEX1,2025
570547,2025-05-26,800000,Querétaro FC,4961,MEX1,2025
572705,2025-05-26,5000000,CF América,3631,MEX1,2025
577489,2025-05-26,1600000,Puebla FC,5662,MEX1,2025
589363,2025-05-26,3500000,Club Necaxa,1146,MEX1,2025
596906,2025-05-26,700000,Mazatlán FC,82696,MEX1,2025
596929,2025-05-26,3500000,Deportivo Guadalajara,6711,MEX1,2025
597092,2025-05-26,2000000,Club León FC,4941,MEX1,2025
597727,2025-05-26,500000,Mazatlán FC,82696,MEX1,2025
597728,2025-05-26,7500000,Deportivo Toluca,1804,MEX1,2025
598838,2025-05-26,3800000,Club León FC,4941,MEX1,2025
599331,2025-05-26,2500000,Atlético de San Luis,40188,MEX1,2025
599569,2025-05-26,500000,Tigres UANL,7055,MEX1,2025
599732,2025-05-26,2500000,Club Tijuana,13353,MEX1,2025
600905,2025-05-26,2500000,Tigres UANL,7055,MEX1,2025
600956,2025-05-26,500000,FC Juárez,49283,MEX1,2025
602324,2025-05-26,8000000,CD Cruz Azul,3711,MEX1,2025
609255,2025-05-26,5000000,CD Cruz Azul,3711,MEX1,2025
610590,2025-05-26,4000000,Club Necaxa,1146,MEX1,2025
614303,2025-05-26,600000,Atlas Guadalajara,8590,MEX1,2025
629006,2025-05-26,4000000,Tigres UANL,7055,MEX1,2025
630032,2025-05-26,800000,Club Necaxa,1146,MEX1,2025
631331,2025-05-26,2000000,Deportivo Guadalajara,6711,MEX1,2025
636066,2025-05-26,300000,Deportivo Guadalajara,6711,MEX1,2025
639152,2025-05-26,7000000,Club Necaxa,1146,MEX1,2025
639390,2025-05-26,2000000,Mazatlán FC,82696,MEX1,2025
644271,2025-05-26,700000,Club Tijuana,13353,MEX1,2025
644676,2025-05-26,2800000,Santos Laguna,1403,MEX1,2025
646297,2025-05-26,1500000,Club Tijuana,13353,MEX1,2025
647235,2025-05-26,4000000,Deportivo Guadalajara,6711,MEX1,2025
650861,2025-05-26,6500000,Club Necaxa,1146,MEX1,2025
654144,2025-05-26,600000,Querétaro FC,4961,MEX1,2025
654326,2025-05-26,500000,Querétaro FC,4961,MEX1,2025
656389,2025-05-26,1500000,Querétaro FC,4961,MEX1,2025
660990,2025-05-26,1000000,Atlético de San Luis,40188,MEX1,2025
661481,2025-05-26,3500000,CF Pachuca,4035,MEX1,2025
662451,2025-05-26,5000000,UNAM Pumas,7633,MEX1,2025
663290,2025-05-26,1000000,Puebla FC,5662,MEX1,2025
668495,2025-05-26,1200000,Tigres UANL,7055,MEX1,2025
668496,2025-05-26,3000000,Deportivo Toluca,1804,MEX1,2025
670185,2025-05-26,1200000,Mazatlán FC,82696,MEX1,2025
671479,2025-05-26,5500000,Deportivo Toluca,1804,MEX1,2025
671951,2025-05-26,1500000,Atlas Guadalajara,8590,MEX1,2025
686444,2025-05-26,5500000,CF Monterrey,2407,MEX1,2025
686447,2025-05-26,400000,Puebla FC,5662,MEX1,2025
686449,2025-05-26,2000000,Club Necaxa,1146,MEX1,2025
687359,2025-05-26,4000000,Tigres UANL,7055,MEX1,2025
687558,2025-05-26,4000000,CF América,3631,MEX1,2025
687559,2025-05-26,1800000,Atlas Guadalajara,8590,MEX1,2025
689837,2025-05-26,500000,CD Cruz Azul,3711,MEX1,2025
690024,2025-05-26,1500000,Santos Laguna,1403,MEX1,2025
690469,2025-05-26,500000,CD Cruz Azul,3711,MEX1,2025
690681,2025-05-26,2500000,Club Tijuana,13353,MEX1,2025
691075,2025-05-26,2000000,Tigres UANL,7055,MEX1,2025
694156,2025-05-26,1000000,Deportivo Guadalajara,6711,MEX1,2025
699797,2025-05-26,6000000,CF América,3631,MEX1,2025
700503,2025-05-26,800000,Santos Laguna,1403,MEX1,2025
704555,2025-05-26,800000,CF Pachuca,4035,MEX1,2025
704556,2025-05-26,4500000,CF Pachuca,4035,MEX1,2025
704557,2025-05-26,1000000,UNAM Pumas,7633,MEX1,2025
704868,2025-05-26,3200000,CF Pachuca,4035,MEX1,2025
715428,2025-05-26,1500000,Club Tijuana,13353,MEX1,2025
716750,2025-05-26,800000,Puebla FC,5662,MEX1,2025
723240,2025-05-26,5000000,CF Monterrey,2407,MEX1,2025
726005,2025-05-26,2000000,FC Juárez,49283,MEX1,2025
737125,2025-05-26,3000000,Atlas Guadalajara,8590,MEX1,2025
737920,2025-05-26,2800000,Santos Laguna,1403,MEX1,2025
740574,2025-05-26,1300000,Santos Laguna,1403,MEX1,2025
745454,2025-05-26,300000,CF Monterrey,2407,MEX1,2025
769063,2025-05-26,4000000,CD Cruz Azul,3711,MEX1,2025
786000,2025-05-26,1500000,Club Necaxa,1146,MEX1,2025
797702,2025-05-26,500000,CF América,3631,MEX1,2025
798507,2025-05-26,800000,Querétaro FC,4961,MEX1,2025
799707,2025-05-26,1200000,Club León FC,4941,MEX1,2025
802855,2025-05-26,5000000,Deportivo Guadalajara,6711,MEX1,2025
802857,2025-05-26,1500000,FC Juárez,49283,MEX1,2025
803608,2025-05-26,1000000,CF Pachuca,4035,MEX1,2025
804282,2025-05-26,400000,Deportivo Toluca,1804,MEX1,2025
810710,2025-05-26,50000,Puebla FC,5662,MEX1,2025
811373,2025-05-26,2500000,Deportivo Guadalajara,6711,MEX1,2025
817133,2025-05-26,2500000,FC Juárez,49283,MEX1,2025
819874,2025-05-26,2000000,Tigres UANL,7055,MEX1,2025
822164,2025-05-26,2000000,Club Tijuana,13353,MEX1,2025
829063,2025-05-26,1000000,Club León FC,4941,MEX1,2025
830112,2025-05-26,2500000,Santos Laguna,1403,MEX1,2025
832340,2025-05-26,2000000,Deportivo Toluca,1804,MEX1,2025
833115,2025-05-26,2000000,Deportivo Toluca,1804,MEX1,2025
833268,2025-05-26,1000000,CF Pachuca,4035,MEX1,2025
833271,2025-05-26,400000,Atlas Guadalajara,8590,MEX1,2025
834483,2025-05-26,3000000,UNAM Pumas,7633,MEX1,2025
837619,2025-05-26,1500000,Deportivo Guadalajara,6711,MEX1,2025
838928,2025-05-26,1800000,Club Necaxa,1146,MEX1,2025
854360,2025-05-26,600000,Puebla FC,5662,MEX1,2025
854454,2025-05-26,3800000,CD Cruz Azul,3711,MEX1,2025
856085,2025-05-26,7000000,CF Pachuca,4035,MEX1,2025
857491,2025-05-26,1000000,Club León FC,4941,MEX1,2025
857897,2025-05-26,800000,Club Tijuana,13353,MEX1,2025
858660,2025-05-26,200000,CF Pachuca,4035,MEX1,2025
860857,2025-05-26,6000000,Tigres UANL,7055,MEX1,2025
871655,2025-05-26,2500000,UNAM Pumas,7633,MEX1,2025
873981,2025-05-26,1200000,Atlas Guadalajara,8590,MEX1,2025
883265,2025-05-26,2000000,CF Pachuca,4035,MEX1,2025
886290,2025-05-26,500000,Mazatlán FC,82696,MEX1,2025
886304,2025-05-26,1200000,Santos Laguna,1403,MEX1,2025
895679,2025-05-26,1000000,CF Pachuca,4035,MEX1,2025
907559,2025-05-26,6000000,CF Monterrey,2407,MEX1,2025
915016,2025-05-26,2500000,Deportivo Toluca,1804,MEX1,2025
915155,2025-05-26,6500000,CD Cruz Azul,3711,MEX1,2025
923213,2025-05-26,2500000,UNAM Pumas,7633,MEX1,2025
923688,2025-05-26,1000000,UNAM Pumas,7633,MEX1,2025
928648,2025-05-26,3000000,Mazatlán FC,82696,MEX1,2025
929438,2025-05-26,1200000,Santos Laguna,1403,MEX1,2025
936956,2025-05-26,500000,Atlético de San Luis,40188,MEX1,2025
945134,2025-05-26,900000,Puebla FC,5662,MEX1,2025
945935,2025-05-26,1000000,Club León FC,4941,MEX1,2025
950872,2025-05-26,800000,Club León FC,4941,MEX1,2025
950873,2025-05-26,3500000,UNAM Pumas,7633,MEX1,2025
955223,2025-05-26,2500000,Deportivo Guadalajara,6711,MEX1,2025
955283,2025-05-26,700000,UNAM Pumas,7633,MEX1,2025
955338,2025-05-26,700000,CF Pachuca,4035,MEX1,2025
955756,2025-05-26,2000000,Deportivo Guadalajara,6711,MEX1,2025
955776,2025-05-26,1000000,UNAM Pumas,7633,MEX1,2025
959193,2025-05-26,2500000,CF América,3631,MEX1,2025
959197,2025-05-26,50000,Atlético de San Luis,40188,MEX1,2025
974652,2025-05-26,3500000,Club Necaxa,1146,MEX1,2025
993722,2025-05-26,3500000,CD Cruz Azul,3711,MEX1,2025
997057,2025-05-26,2500000,FC Juárez,49283,MEX1,2025
997070,2025-05-26,800000,Puebla FC,5662,MEX1,2025
1011115,2025-05-26,400000,Atlas Guadalajara,8590,MEX1,2025
1019485,2025-05-26,300000,CF América,3631,MEX1,2025
1027076,2025-05-26,1000000,Atlético de San Luis,40188,MEX1,2025
1030003,2025-05-26,1500000,UNAM Pumas,7633,MEX1,2025
1035924,2025-05-26,2500000,Atlético de San Luis,40188,MEX1,2025
1041475,2025-05-26,3000000,FC Juárez,49283,MEX1,2025
1066953,2025-05-26,3000000,Deportivo Guadalajara,6711,MEX1,2025
1067605,2025-05-26,400000,Querétaro FC,4961,MEX1,2025
1086814,2025-05-26,700000,Querétaro FC,4961,MEX1,2025
1086815,2025-05-26,75000,Querétaro FC,4961,MEX1,2025
1086862,2025-05-26,200000,Tigres UANL,7055,MEX1,2025
1086869,2025-05-26,300000,Tigres UANL,7055,MEX1,2025
1086870,2025-05-26,500000,Club León FC,4941,MEX1,2025
1086884,2025-05-26,50000,Mazatlán FC,82696,MEX1,2025
1086892,2025-05-26,500000,Club Tijuana,13353,MEX1,2025
1087210,2025-05-26,50000,Atlas Guadalajara,8590,MEX1,2025
1087247,2025-05-26,1500000,Club León FC,4941,MEX1,2025
1087253,2025-05-26,1000000,CF Pachuca,4035,MEX1,2025
1087262,2025-05-26,800000,CF Pachuca,4035,MEX1,2025
1087306,2025-05-26,1500000,UNAM Pumas,7633,MEX1,2025
1087349,2025-05-26,1500000,Club Tijuana,13353,MEX1,2025
1087352,2025-05-26,300000,Mazatlán FC,82696,MEX1,2025
1087365,2025-05-26,1000000,Santos Laguna,1403,MEX1,2025
1091863,2025-05-26,500000,Deportivo Toluca,1804,MEX1,2025
1094366,2025-05-26,800000,Atlas Guadalajara,8590,MEX1,2025
1094383,2025-05-26,2500000,CF Pachuca,4035,MEX1,2025
1094384,2025-05-26,1200000,CF Pachuca,4035,MEX1,2025
1095326,2025-05-26,3500000,CF Monterrey,2407,MEX1,2025
1118326,2025-05-26,2500000,CD Cruz Azul,3711,MEX1,2025
1125592,2025-05-26,5000000,CF Pachuca,4035,MEX1,2025
1150567,2025-05-26,200000,Puebla FC,5662,MEX1,2025
1155723,2025-05-26,3000000,Club Tijuana,13353,MEX1,2025
1193298,2025-05-26,1000000,Santos Laguna,1403,MEX1,2025
281404,2025-06-09,300000,CF Pachuca,4035,MEX1,2025
539067,2025-06-30,1800000,Club Tijuana,13353,MEX1,2025
60445,2025-09-22,400000,CF América,3631,MEX1,2025
177046,2025-09-22,2500000,UNAM Pumas,7633,MEX1,2025
181780,2025-09-22,3000000,Atlético de San Luis,40188,MEX1,2025
189441,2025-09-22,5500000,CF Monterrey,2407,MEX1,2025
211072,2025-09-22,7000000,Deportivo Toluca,1804,MEX1,2025
227404,2025-09-22,500000,CF Pachuca,4035,MEX1,2025
241391,2025-09-22,6500000,CF Pachuca,4035,MEX1,2025
243298,2025-09-22,2000000,Club León FC,4941,MEX1,2025
265726,2025-09-22,3500000,Club León FC,4941,MEX1,2025
266807,2025-09-22,9000000,Tigres UANL,7055,MEX1,2025
271256,2025-09-22,3000000,CF Pachuca,4035,MEX1,2025
281404,2025-09-22,500000,CF Pachuca,4035,MEX1,2025
284120,2025-09-22,2500000,CD Cruz Azul,3711,MEX1,2025
286339,2025-09-22,2500000,CF América,3631,MEX1,2025
294804,2025-09-22,1500000,CF Pachuca,4035,MEX1,2025
310744,2025-09-22,4500000,Tigres UANL,7055,MEX1,2025
312568,2025-09-22,5000000,Tigres UANL,7055,MEX1,2025
325598,2025-09-22,2500000,CF Pachuca,4035,MEX1,2025
337600,2025-09-22,2500000,Club Necaxa,1146,MEX1,2025
344854,2025-09-22,3000000,Deportivo Toluca,1804,MEX1,2025
351505,2025-09-22,9000000,CF América,3631,MEX1,2025
353583,2025-09-22,6000000,Deportivo Guadalajara,6711,MEX1,2025
354666,2025-09-22,3500000,Club Tijuana,13353,MEX1,2025
366143,2025-09-22,5000000,CF América,3631,MEX1,2025
366324,2025-09-22,2500000,UNAM Pumas,7633,MEX1,2025
370875,2025-09-22,6000000,CF América,3631,MEX1,2025
371171,2025-09-22,4000000,CF América,3631,MEX1,2025
371174,2025-09-22,4500000,Tigres UANL,7055,MEX1,2025
371185,2025-09-22,3000000,FC Juárez,49283,MEX1,2025
375300,2025-09-22,3500000,UNAM Pumas,7633,MEX1,2025
397003,2025-09-22,3000000,Deportivo Guadalajara,6711,MEX1,2025
401355,2025-09-22,1500000,Santos Laguna,1403,MEX1,2025
401572,2025-09-22,7000000,CF Monterrey,2407,MEX1,2025
413983,2025-09-22,2500000,FC Juárez,49283,MEX1,2025
424984,2025-09-22,2000000,Mazatlán FC,82696,MEX1,2025
431533,2025-09-22,3000000,Tigres UANL,7055,MEX1,2025
440652,2025-09-22,4000000,UNAM Pumas,7633,MEX1,2025
446106,2025-09-22,6000000,Atlético de San Luis,40188,MEX1,2025
491542,2025-09-22,7500000,CD Cruz Azul,3711,MEX1,2025
491616,2025-09-22,2500000,Club Tijuana,13353,MEX1,2025
504104,2025-09-22,2500000,Club Tijuana,13353,MEX1,2025
504113,2025-09-22,6500000,Deportivo Guadalajara,6711,MEX1,2025
532938,2025-09-22,4000000,Deportivo Guadalajara,6711,MEX1,2025
539067,2025-09-22,1500000,Puebla FC,5662,MEX1,2025
546047,2025-09-22,1200000,UNAM Pumas,7633,MEX1,2025
549294,2025-09-22,3500000,Club León FC,4941,MEX1,2025
553422,2025-09-22,4000000,CD Cruz Azul,3711,MEX1,2025
553816,2025-09-22,3000000,Tigres UANL,7055,MEX1,2025
556047,2025-09-22,3000000,CF Pachuca,4035,MEX1,2025
565899,2025-09-22,4000000,Deportivo Toluca,1804,MEX1,2025
572705,2025-09-22,3000000,CF América,3631,MEX1,2025
589363,2025-09-22,3000000,Club Necaxa,1146,MEX1,2025
596929,2025-09-22,3000000,Deportivo Guadalajara,6711,MEX1,2025
597728,2025-09-22,8000000,Deportivo Toluca,1804,MEX1,2025
599732,2025-09-22,3000000,Club Tijuana,13353,MEX1,2025
602324,2025-09-22,8500000,CD Cruz Azul,3711,MEX1,2025
609255,2025-09-22,5500000,CD Cruz Azul,3711,MEX1,2025
629006,2025-09-22,4500000,Tigres UANL,7055,MEX1,2025
631331,2025-09-22,1500000,Deportivo Guadalajara,6711,MEX1,2025
639152,2025-09-22,7500000,CD Cruz Azul,3711,MEX1,2025
644676,2025-09-22,2500000,Santos Laguna,1403,MEX1,2025
650861,2025-09-22,6000000,Club Necaxa,1146,MEX1,2025
660990,2025-09-22,2000000,Atlético de San Luis,40188,MEX1,2025
661481,2025-09-22,4000000,CF Pachuca,4035,MEX1,2025
662451,2025-09-22,4500000,UNAM Pumas,7633,MEX1,2025
668496,2025-09-22,4000000,CF América,3631,MEX1,2025
704556,2025-09-22,4000000,Deportivo Guadalajara,6711,MEX1,2025
704868,2025-09-22,3500000,CF Pachuca,4035,MEX1,2025
715428,2025-09-22,2500000,Club Tijuana,13353,MEX1,2025
723386,2025-09-22,500000,CD Cruz Azul,3711,MEX1,2025
737125,2025-09-22,4000000,CD Cruz Azul,3711,MEX1,2025
737920,2025-09-22,3000000,Santos Laguna,1403,MEX1,2025
740574,2025-09-22,1500000,Santos Laguna,1403,MEX1,2025
769063,2025-09-22,3500000,CD Cruz Azul,3711,MEX1,2025
786000,2025-09-22,2000000,Club Necaxa,1146,MEX1,2025
797702,2025-09-22,1000000,Puebla FC,5662,MEX1,2025
803608,2025-09-22,1500000,CF Pachuca,4035,MEX1,2025
832308,2025-09-22,1000000,Deportivo Guadalajara,6711,MEX1,2025
832340,2025-09-22,2500000,Deportivo Toluca,1804,MEX1,2025
833115,2025-09-22,3000000,Deportivo Toluca,1804,MEX1,2025
833268,2025-09-22,2000000,CF Pachuca,4035,MEX1,2025
837619,2025-09-22,2500000,Deportivo Guadalajara,6711,MEX1,2025
854454,2025-09-22,4500000,CD Cruz Azul,3711,MEX1,2025
860857,2025-09-22,5500000,Tigres UANL,7055,MEX1,2025
873981,2025-09-22,3000000,Atlas Guadalajara,8590,MEX1,2025
915155,2025-09-22,6000000,CD Cruz Azul,3711,MEX1,2025
928648,2025-09-22,2500000,Mazatlán FC,82696,MEX1,2025
950131,2025-09-22,1500000,Club Necaxa,1146,MEX1,2025
950873,2025-09-22,4500000,UNAM Pumas,7633,MEX1,2025
955298,2025-09-22,100000,FC Juárez,49283,MEX1,2025
955303,2025-09-22,500000,Deportivo Toluca,1804,MEX1,2025
955338,2025-09-22,1500000,CF Pachuca,4035,MEX1,2025
959193,2025-09-22,3000000,CF América,3631,MEX1,2025
959197,2025-09-22,500000,Atlético de San Luis,40188,MEX1,2025
971631,2025-09-22,100000,Mazatlán FC,82696,MEX1,2025
974652,2025-09-22,4000000,Club Necaxa,1146,MEX1,2025
993722,2025-09-22,2500000,CD Cruz Azul,3711,MEX1,2025
997057,2025-09-22,3000000,FC Juárez,49283,MEX1,2025
1006077,2025-09-22,500000,Atlético de San Luis,40188,MEX1,2025
1027076,2025-09-22,2000000,Atlético de San Luis,40188,MEX1,2025
1035924,2025-09-22,3500000,Atlético de San Luis,40188,MEX1,2025
1065536,2025-09-22,100000,Mazatlán FC,82696,MEX1,2025
1086869,2025-09-22,1000000,Tigres UANL,7055,MEX1,2025
1087247,2025-09-22,2000000,Club León FC,4941,MEX1,2025
1087293,2025-09-22,100000,Deportivo Toluca,1804,MEX1,2025
1087349,2025-09-22,2000000,Club Tijuana,13353,MEX1,2025
1094366,2025-09-22,1500000,Atlas Guadalajara,8590,MEX1,2025
1094369,2025-09-22,100000,Atlas Guadalajara,8590,MEX1,2025
1094383,2025-09-22,3000000,CF Pachuca,4035,MEX1,2025
1095326,2025-09-22,4000000,CF Monterrey,2407,MEX1,2025
1118326,2025-09-22,2000000,CD Cruz Azul,3711,MEX1,2025
1125592,2025-09-22,5500000,CF Pachuca,4035,MEX1,2025
1155723,2025-09-22,4500000,Club Tijuana,13353,MEX1,2025
1260851,2025-09-22,500000,Deportivo Guadalajara,6711,MEX1,2025
685179,2025-09-24,2700000,Querétaro FC,4961,MEX1,2025
1260851,2025-12-22,500000,Deportivo Guadalajara,6711,MEX1,2025
43907,2025-12-29,350000,Tigres UANL,7055,MEX1,2025
51546,2025-12-29,700000,Club Tijuana,13353,MEX1,2025
53180,2025-12-29,300000,Atlético de San Luis,40188,MEX1,2025
60445,2025-12-29,350000,CF América,3631,MEX1,2025
63333,2025-12-29,100000,Club León FC,4941,MEX1,2025
64134,2025-12-29,400000,CF América,3631,MEX1,2025
66106,2025-12-29,5000000,CF Monterrey,2407,MEX1,2025
71401,2025-12-29,250000,CF América,3631,MEX1,2025
73523,2025-12-29,150000,Querétaro FC,4961,MEX1,2025
74113,2025-12-29,500000,Atlas Guadalajara,8590,MEX1,2025
79422,2025-12-29,800000,UNAM Pumas,7633,MEX1,2025
87859,2025-12-29,250000,Tigres UANL,7055,MEX1,2025
88103,2025-12-29,2000000,Club León FC,4941,MEX1,2025
100131,2025-12-29,1200000,CF Pachuca,4035,MEX1,2025
102699,2025-12-29,125000,Tigres UANL,7055,MEX1,2025
107444,2025-12-29,900000,Deportivo Toluca,1804,MEX1,2025
111082,2025-12-29,400000,Tigres UANL,7055,MEX1,2025
115333,2025-12-29,500000,Atlético de San Luis,40188,MEX1,2025
122043,2025-12-29,900000,Deportivo Toluca,1804,MEX1,2025
125165,2025-12-29,1800000,CF Monterrey,2407,MEX1,2025
125275,2025-12-29,50000,CF América,3631,MEX1,2025
129031,2025-12-29,400000,Deportivo Toluca,1804,MEX1,2025
129129,2025-12-29,1500000,Atlético de San Luis,40188,MEX1,2025
131074,2025-12-29,600000,Club Tijuana,13353,MEX1,2025
131090,2025-12-29,750000,Querétaro FC,4961,MEX1,2025
131093,2025-12-29,1200000,CF Monterrey,2407,MEX1,2025
131275,2025-12-29,900000,Santos Laguna,1403,MEX1,2025
135082,2025-12-29,450000,Club León FC,4941,MEX1,2025
135851,2025-12-29,150000,Querétaro FC,4961,MEX1,2025
139503,2025-12-29,1500000,CF Pachuca,4035,MEX1,2025
143045,2025-12-29,800000,Deportivo Guadalajara,6711,MEX1,2025
158327,2025-12-29,500000,Puebla FC,5662,MEX1,2025
160700,2025-12-29,600000,CD Cruz Azul,3711,MEX1,2025
164749,2025-12-29,700000,Santos Laguna,1403,MEX1,2025
175445,2025-12-29,1800000,Club Tijuana,13353,MEX1,2025
177046,2025-12-29,2300000,UNAM Pumas,7633,MEX1,2025
178984,2025-12-29,1300000,Deportivo Toluca,1804,MEX1,2025
181706,2025-12-29,1500000,CD Cruz Azul,3711,MEX1,2025
181780,2025-12-29,2500000,Atlético de San Luis,40188,MEX1,2025
182877,2025-12-29,6000000,CF Monterrey,2407,MEX1,2025
185012,2025-12-29,2200000,Atlas Guadalajara,8590,MEX1,2025
189410,2025-12-29,2500000,CF América,3631,MEX1,2025
189441,2025-12-29,4500000,CF Monterrey,2407,MEX1,2025
190804,2025-12-29,1500000,Atlas Guadalajara,8590,MEX1,2025
209513,2025-12-29,900000,CF América,3631,MEX1,2025
211072,2025-12-29,6000000,Deportivo Toluca,1804,MEX1,2025
212699,2025-12-29,2000000,Club León FC,4941,MEX1,2025
213841,2025-12-29,1500000,Atlas Guadalajara,8590,MEX1,2025
214775,2025-12-29,3500000,CF Monterrey,2407,MEX1,2025
221805,2025-12-29,1800000,CD Cruz Azul,3711,MEX1,2025
222010,2025-12-29,400000,Puebla FC,5662,MEX1,2025
227404,2025-12-29,400000,CF Pachuca,4035,MEX1,2025
234227,2025-12-29,650000,Tigres UANL,7055,MEX1,2025
234242,2025-12-29,300000,Querétaro FC,4961,MEX1,2025
234918,2025-12-29,900000,FC Juárez,49283,MEX1,2025
236710,2025-12-29,350000,Deportivo Toluca,1804,MEX1,2025
241391,2025-12-29,6000000,CF Pachuca,4035,MEX1,2025
242303,2025-12-29,800000,Atlas Guadalajara,8590,MEX1,2025
242580,2025-12-29,400000,Atlético de San Luis,40188,MEX1,2025
243298,2025-12-29,1800000,Club León FC,4941,MEX1,2025
243580,2025-12-29,1000000,Santos Laguna,1403,MEX1,2025
244724,2025-12-29,500000,Querétaro FC,4961,MEX1,2025
256866,2025-12-29,1000000,CF Monterrey,2407,MEX1,2025
259930,2025-12-29,1800000,CD Cruz Azul,3711,MEX1,2025
260662,2025-12-29,350000,Deportivo Guadalajara,6711,MEX1,2025
261503,2025-12-29,8500000,CF América,3631,MEX1,2025
264133,2025-12-29,500000,CF Monterrey,2407,MEX1,2025
265726,2025-12-29,3000000,Club León FC,4941,MEX1,2025
266807,2025-12-29,9000000,Tigres UANL,7055,MEX1,2025
267753,2025-12-29,2200000,Tigres UANL,7055,MEX1,2025
271256,2025-12-29,2800000,CF Pachuca,4035,MEX1,2025
272642,2025-12-29,10000000,CF América,3631,MEX1,2025
274963,2025-12-29,1200000,Deportivo Guadalajara,6711,MEX1,2025
280379,2025-12-29,250000,CF Monterrey,2407,MEX1,2025
281404,2025-12-29,700000,CF Pachuca,4035,MEX1,2025
282927,2025-12-29,1800000,Deportivo Guadalajara,6711,MEX1,2025
283473,2025-12-29,700000,Mazatlán FC,82696,MEX1,2025
284120,2025-12-29,2200000,CD Cruz Azul,3711,MEX1,2025
285127,2025-12-29,1500000,Club Tijuana,13353,MEX1,2025
286339,2025-12-29,2200000,CF América,3631,MEX1,2025
288251,2025-12-29,2500000,Atlético de San Luis,40188,MEX1,2025
294804,2025-12-29,1500000,CF Pachuca,4035,MEX1,2025
295373,2025-12-29,2200000,CF Monterrey,2407,MEX1,2025
295424,2025-12-29,1800000,UNAM Pumas,7633,MEX1,2025
295426,2025-12-29,1500000,Tigres UANL,7055,MEX1,2025
298796,2025-12-29,2500000,Deportivo Guadalajara,6711,MEX1,2025
310744,2025-12-29,4000000,Tigres UANL,7055,MEX1,2025
311680,2025-12-29,1200000,Santos Laguna,1403,MEX1,2025
312568,2025-12-29,4500000,Tigres UANL,7055,MEX1,2025
312576,2025-12-29,700000,Querétaro FC,4961,MEX1,2025
320739,2025-12-29,2200000,CF Monterrey,2407,MEX1,2025
322174,2025-12-29,1000000,Club León FC,4941,MEX1,2025
325598,2025-12-29,2300000,CF Pachuca,4035,MEX1,2025
325600,2025-12-29,600000,Mazatlán FC,82696,MEX1,2025
332764,2025-12-29,800000,FC Juárez,49283,MEX1,2025
332829,2025-12-29,2200000,Mazatlán FC,82696,MEX1,2025
333760,2025-12-29,3200000,CF Monterrey,2407,MEX1,2025
335086,2025-12-29,1200000,Mazatlán FC,82696,MEX1,2025
337600,2025-12-29,2500000,Club Necaxa,1146,MEX1,2025
339758,2025-12-29,1800000,Santos Laguna,1403,MEX1,2025
344854,2025-12-29,3000000,Deportivo Toluca,1804,MEX1,2025
347577,2025-12-29,2800000,CF Monterrey,2407,MEX1,2025
347932,2025-12-29,1800000,UNAM Pumas,7633,MEX1,2025
348264,2025-12-29,1200000,Atlas Guadalajara,8590,MEX1,2025
349150,2025-12-29,1200000,Deportivo Toluca,1804,MEX1,2025
351505,2025-12-29,8500000,CF América,3631,MEX1,2025
352552,2025-12-29,800000,FC Juárez,49283,MEX1,2025
353583,2025-12-29,6000000,Deportivo Guadalajara,6711,MEX1,2025
354666,2025-12-29,3200000,Club Tijuana,13353,MEX1,2025
355998,2025-12-29,2800000,Tigres UANL,7055,MEX1,2025
356042,2025-12-29,3500000,Santos Laguna,1403,MEX1,2025
356044,2025-12-29,2200000,CD Cruz Azul,3711,MEX1,2025
356099,2025-12-29,1700000,CF América,3631,MEX1,2025
364058,2025-12-29,2000000,FC Juárez,49283,MEX1,2025
366143,2025-12-29,4500000,CF América,3631,MEX1,2025
366324,2025-12-29,2800000,UNAM Pumas,7633,MEX1,2025
370861,2025-12-29,1500000,Tigres UANL,7055,MEX1,2025
370863,2025-12-29,500000,Club León FC,4941,MEX1,2025
370864,2025-12-29,2000000,Mazatlán FC,82696,MEX1,2025
370868,2025-12-29,1000000,Santos Laguna,1403,MEX1,2025
370875,2025-12-29,6500000,CF América,3631,MEX1,2025
371167,2025-12-29,250000,Mazatlán FC,82696,MEX1,2025
371168,2025-12-29,1200000,CF Monterrey,2407,MEX1,2025
371169,2025-12-29,1200000,Santos Laguna,1403,MEX1,2025
371171,2025-12-29,4000000,CF América,3631,MEX1,2025
371174,2025-12-29,5500000,Tigres UANL,7055,MEX1,2025
371185,2025-12-29,2500000,FC Juárez,49283,MEX1,2025
375300,2025-12-29,3500000,UNAM Pumas,7633,MEX1,2025
378351,2025-12-29,1200000,Club León FC,4941,MEX1,2025
380996,2025-12-29,2200000,Querétaro FC,4961,MEX1,2025
384368,2025-12-29,1200000,Mazatlán FC,82696,MEX1,2025
385454,2025-12-29,750000,Santos Laguna,1403,MEX1,2025
387129,2025-12-29,1000000,Atlas Guadalajara,8590,MEX1,2025
388266,2025-12-29,3800000,FC Juárez,49283,MEX1,2025
390926,2025-12-29,1200000,Querétaro FC,4961,MEX1,2025
397003,2025-12-29,2800000,Deportivo Guadalajara,6711,MEX1,2025
397680,2025-12-29,2800000,Club Necaxa,1146,MEX1,2025
400171,2025-12-29,2200000,Atlas Guadalajara,8590,MEX1,2025
400173,2025-12-29,5000000,CF América,3631,MEX1,2025
400194,2025-12-29,1800000,Puebla FC,5662,MEX1,2025
400208,2025-12-29,1500000,Querétaro FC,4961,MEX1,2025
401311,2025-12-29,1000000,Puebla FC,5662,MEX1,2025
401340,2025-12-29,1800000,Deportivo Guadalajara,6711,MEX1,2025
401344,2025-12-29,1500000,FC Juárez,49283,MEX1,2025
401349,2025-12-29,300000,Querétaro FC,4961,MEX1,2025
401355,2025-12-29,1800000,Santos Laguna,1403,MEX1,2025
401572,2025-12-29,8500000,CF Monterrey,2407,MEX1,2025
403148,2025-12-29,600000,Puebla FC,5662,MEX1,2025
408534,2025-12-29,1800000,Club Necaxa,1146,MEX1,2025
411709,2025-12-29,5000000,Deportivo Toluca,1804,MEX1,2025
412365,2025-12-29,6500000,Deportivo Toluca,1804,MEX1,2025
413983,2025-12-29,2000000,FC Juárez,49283,MEX1,2025
416083,2025-12-29,2200000,Deportivo Toluca,1804,MEX1,2025
418859,2025-12-29,600000,Querétaro FC,4961,MEX1,2025
419457,2025-12-29,900000,Atlas Guadalajara,8590,MEX1,2025
421920,2025-12-29,1000000,CD Cruz Azul,3711,MEX1,2025
423619,2025-12-29,7000000,CF América,3631,MEX1,2025
424689,2025-12-29,9000000,Deportivo Toluca,1804,MEX1,2025
424984,2025-12-29,1800000,Mazatlán FC,82696,MEX1,2025
425028,2025-12-29,1800000,FC Juárez,49283,MEX1,2025
427203,2025-12-29,800000,Atlas Guadalajara,8590,MEX1,2025
429443,2025-12-29,2500000,Tigres UANL,7055,MEX1,2025
430021,2025-12-29,2000000,Club León FC,4941,MEX1,2025
431475,2025-12-29,6000000,CD Cruz Azul,3711,MEX1,2025
431533,2025-12-29,2800000,Tigres UANL,7055,MEX1,2025
432222,2025-12-29,350000,Santos Laguna,1403,MEX1,2025
432225,2025-12-29,1000000,Santos Laguna,1403,MEX1,2025
433216,2025-12-29,200000,Mazatlán FC,82696,MEX1,2025
433962,2025-12-29,700000,FC Juárez,49283,MEX1,2025
440652,2025-12-29,3800000,UNAM Pumas,7633,MEX1,2025
441287,2025-12-29,1200000,Atlas Guadalajara,8590,MEX1,2025
446106,2025-12-29,5500000,Atlético de San Luis,40188,MEX1,2025
448414,2025-12-29,800000,UNAM Pumas,7633,MEX1,2025
450406,2025-12-29,1800000,FC Juárez,49283,MEX1,2025
454625,2025-12-29,2500000,Atlas Guadalajara,8590,MEX1,2025
458715,2025-12-29,2800000,Atlético de San Luis,40188,MEX1,2025
462070,2025-12-29,3000000,Club León FC,4941,MEX1,2025
465818,2025-12-29,6500000,CF América,3631,MEX1,2025
466268,2025-12-29,6500000,Tigres UANL,7055,MEX1,2025
469718,2025-12-29,3200000,CF Monterrey,2407,MEX1,2025
469855,2025-12-29,400000,Deportivo Guadalajara,6711,MEX1,2025
471988,2025-12-29,2500000,CF Pachuca,4035,MEX1,2025
473201,2025-12-29,1000000,Club Tijuana,13353,MEX1,2025
480764,2025-12-29,1000000,Puebla FC,5662,MEX1,2025
491542,2025-12-29,7000000,CD Cruz Azul,3711,MEX1,2025
491616,2025-12-29,2500000,Club Tijuana,13353,MEX1,2025
495116,2025-12-29,900000,Mazatlán FC,82696,MEX1,2025
504103,2025-12-29,800000,Deportivo Guadalajara,6711,MEX1,2025
504104,2025-12-29,2500000,Club Tijuana,13353,MEX1,2025
504113,2025-12-29,6000000,Deportivo Guadalajara,6711,MEX1,2025
527972,2025-12-29,1400000,Club Tijuana,13353,MEX1,2025
532240,2025-12-29,1500000,Club Necaxa,1146,MEX1,2025
532389,2025-12-29,4500000,CF América,3631,MEX1,2025
532938,2025-12-29,3500000,Deportivo Guadalajara,6711,MEX1,2025
534620,2025-12-29,5500000,CD Cruz Azul,3711,MEX1,2025
539067,2025-12-29,1500000,Puebla FC,5662,MEX1,2025
540305,2025-12-29,500000,Atlético de San Luis,40188,MEX1,2025
540306,2025-12-29,200000,Atlas Guadalajara,8590,MEX1,2025
546047,2025-12-29,1200000,UNAM Pumas,7633,MEX1,2025
548298,2025-12-29,700000,Mazatlán FC,82696,MEX1,2025
549294,2025-12-29,3000000,Club León FC,4941,MEX1,2025
549361,2025-12-29,800000,Club Necaxa,1146,MEX1,2025
549419,2025-12-29,900000,Atlético de San Luis,40188,MEX1,2025
552912,2025-12-29,5000000,Deportivo Toluca,1804,MEX1,2025
552960,2025-12-29,1200000,Atlético de San Luis,40188,MEX1,2025
553422,2025-12-29,3000000,CD Cruz Azul,3711,MEX1,2025
553816,2025-12-29,4000000,Tigres UANL,7055,MEX1,2025
554300,2025-12-29,2000000,FC Juárez,49283,MEX1,2025
556047,2025-12-29,2800000,CF Pachuca,4035,MEX1,2025
557070,2025-12-29,1500000,Club León FC,4941,MEX1,2025
560325,2025-12-29,1000000,Puebla FC,5662,MEX1,2025
565899,2025-12-29,5500000,Deportivo Toluca,1804,MEX1,2025
568546,2025-12-29,2000000,Club Necaxa,1146,MEX1,2025
570431,2025-12-29,2000000,Club León FC,4941,MEX1,2025
572705,2025-12-29,2500000,CF América,3631,MEX1,2025
575367,2025-12-29,4000000,Deportivo Guadalajara,6711,MEX1,2025
577489,2025-12-29,2000000,Puebla FC,5662,MEX1,2025
582513,2025-12-29,250000,Querétaro FC,4961,MEX1,2025
589363,2025-12-29,2800000,Club Necaxa,1146,MEX1,2025
594561,2025-12-29,700000,Mazatlán FC,82696,MEX1,2025
596906,2025-12-29,650000,Mazatlán FC,82696,MEX1,2025
596929,2025-12-29,2800000,Deportivo Guadalajara,6711,MEX1,2025
597092,2025-12-29,1800000,Club León FC,4941,MEX1,2025
597727,2025-12-29,700000,Mazatlán FC,82696,MEX1,2025
597728,2025-12-29,9000000,Deportivo Toluca,1804,MEX1,2025
599331,2025-12-29,2500000,Atlético de San Luis,40188,MEX1,2025
599569,2025-12-29,500000,Tigres UANL,7055,MEX1,2025
599732,2025-12-29,3000000,Club Tijuana,13353,MEX1,2025
600905,2025-12-29,2200000,FC Juárez,49283,MEX1,2025
600956,2025-12-29,500000,FC Juárez,49283,MEX1,2025
602324,2025-12-29,9000000,CD Cruz Azul,3711,MEX1,2025
609255,2025-12-29,5500000,CD Cruz Azul,3711,MEX1,2025
610590,2025-12-29,3800000,Club Necaxa,1146,MEX1,2025
614303,2025-12-29,600000,Deportivo Toluca,1804,MEX1,2025
627068,2025-12-29,2200000,Club Tijuana,13353,MEX1,2025
627287,2025-12-29,350000,Querétaro FC,4961,MEX1,2025
629006,2025-12-29,5000000,Tigres UANL,7055,MEX1,2025
630032,2025-12-29,1000000,Club Necaxa,1146,MEX1,2025
631331,2025-12-29,1200000,Deportivo Guadalajara,6711,MEX1,2025
636066,2025-12-29,500000,Deportivo Guadalajara,6711,MEX1,2025
639152,2025-12-29,7000000,CD Cruz Azul,3711,MEX1,2025
639390,2025-12-29,1800000,Mazatlán FC,82696,MEX1,2025
644271,2025-12-29,1000000,Puebla FC,5662,MEX1,2025
644272,2025-12-29,1000000,Puebla FC,5662,MEX1,2025
644676,2025-12-29,3000000,Santos Laguna,1403,MEX1,2025
646297,2025-12-29,1500000,Club Tijuana,13353,MEX1,2025
647235,2025-12-29,3800000,Deportivo Guadalajara,6711,MEX1,2025
650861,2025-12-29,5500000,Club Necaxa,1146,MEX1,2025
654144,2025-12-29,600000,Querétaro FC,4961,MEX1,2025
656344,2025-12-29,750000,FC Juárez,49283,MEX1,2025
656389,2025-12-29,1500000,Club Tijuana,13353,MEX1,2025
659806,2025-12-29,4500000,UNAM Pumas,7633,MEX1,2025
660990,2025-12-29,2200000,Atlético de San Luis,40188,MEX1,2025
661481,2025-12-29,3500000,CF Pachuca,4035,MEX1,2025
662451,2025-12-29,4000000,UNAM Pumas,7633,MEX1,2025
663290,2025-12-29,1000000,Puebla FC,5662,MEX1,2025
668487,2025-12-29,700000,Querétaro FC,4961,MEX1,2025
668495,2025-12-29,1200000,Tigres UANL,7055,MEX1,2025
668496,2025-12-29,4500000,CF América,3631,MEX1,2025
670185,2025-12-29,1000000,CF Monterrey,2407,MEX1,2025
671479,2025-12-29,6500000,Deportivo Toluca,1804,MEX1,2025
671657,2025-12-29,1000000,FC Juárez,49283,MEX1,2025
671951,2025-12-29,1200000,Atlas Guadalajara,8590,MEX1,2025
685179,2025-12-29,2500000,Querétaro FC,4961,MEX1,2025
686444,2025-12-29,5000000,CF Monterrey,2407,MEX1,2025
686445,2025-12-29,1200000,Puebla FC,5662,MEX1,2025
686447,2025-12-29,350000,Santos Laguna,1403,MEX1,2025
686449,2025-12-29,1800000,Club Necaxa,1146,MEX1,2025
687359,2025-12-29,5000000,Tigres UANL,7055,MEX1,2025
687558,2025-12-29,5000000,CF América,3631,MEX1,2025
687559,2025-12-29,1500000,Atlas Guadalajara,8590,MEX1,2025
689837,2025-12-29,350000,Querétaro FC,4961,MEX1,2025
690024,2025-12-29,1800000,Santos Laguna,1403,MEX1,2025
690469,2025-12-29,700000,CD Cruz Azul,3711,MEX1,2025
690681,2025-12-29,2200000,CF América,3631,MEX1,2025
691075,2025-12-29,2500000,Tigres UANL,7055,MEX1,2025
694156,2025-12-29,800000,Deportivo Guadalajara,6711,MEX1,2025
699797,2025-12-29,6000000,CF América,3631,MEX1,2025
700503,2025-12-29,800000,CF América,3631,MEX1,2025
704555,2025-12-29,800000,CF Pachuca,4035,MEX1,2025
704556,2025-12-29,4500000,Deportivo Guadalajara,6711,MEX1,2025
704557,2025-12-29,2000000,Querétaro FC,4961,MEX1,2025
704868,2025-12-29,3000000,CF Pachuca,4035,MEX1,2025
715428,2025-12-29,2500000,Club Tijuana,13353,MEX1,2025
716750,2025-12-29,800000,Puebla FC,5662,MEX1,2025
723240,2025-12-29,4500000,CF Monterrey,2407,MEX1,2025
723386,2025-12-29,1000000,CD Cruz Azul,3711,MEX1,2025
726005,2025-12-29,2500000,FC Juárez,49283,MEX1,2025
737125,2025-12-29,4000000,CD Cruz Azul,3711,MEX1,2025
737920,2025-12-29,2800000,Santos Laguna,1403,MEX1,2025
740574,2025-12-29,1300000,UNAM Pumas,7633,MEX1,2025
745454,2025-12-29,300000,CF Monterrey,2407,MEX1,2025
746209,2025-12-29,1000000,Querétaro FC,4961,MEX1,2025
769063,2025-12-29,3200000,CD Cruz Azul,3711,MEX1,2025
786000,2025-12-29,2000000,Club Necaxa,1146,MEX1,2025
797702,2025-12-29,1200000,Puebla FC,5662,MEX1,2025
798507,2025-12-29,1000000,Querétaro FC,4961,MEX1,2025
799707,2025-12-29,1200000,Deportivo Toluca,1804,MEX1,2025
802855,2025-12-29,5500000,Deportivo Guadalajara,6711,MEX1,2025
802857,2025-12-29,2000000,Deportivo Guadalajara,6711,MEX1,2025
803608,2025-12-29,1500000,CF Pachuca,4035,MEX1,2025
804282,2025-12-29,400000,Deportivo Toluca,1804,MEX1,2025
810710,2025-12-29,50000,Puebla FC,5662,MEX1,2025
811373,2025-12-29,2000000,Deportivo Guadalajara,6711,MEX1,2025
817133,2025-12-29,2200000,FC Juárez,49283,MEX1,2025
819874,2025-12-29,2000000,Tigres UANL,7055,MEX1,2025
820227,2025-12-29,100000,Mazatlán FC,82696,MEX1,2025
822164,2025-12-29,1800000,Club Tijuana,13353,MEX1,2025
826462,2025-12-29,25000,Tigres UANL,7055,MEX1,2025
828257,2025-12-29,50000,Querétaro FC,4961,MEX1,2025
829063,2025-12-29,800000,Club León FC,4941,MEX1,2025
830112,2025-12-29,2500000,Santos Laguna,1403,MEX1,2025
832308,2025-12-29,1200000,Deportivo Guadalajara,6711,MEX1,2025
832340,2025-12-29,3000000,Deportivo Toluca,1804,MEX1,2025
833115,2025-12-29,4000000,Deportivo Toluca,1804,MEX1,2025
833268,2025-12-29,1800000,CF Pachuca,4035,MEX1,2025
833271,2025-12-29,400000,Atlas Guadalajara,8590,MEX1,2025
837619,2025-12-29,7000000,Deportivo Guadalajara,6711,MEX1,2025
838928,2025-12-29,1500000,Club Necaxa,1146,MEX1,2025
846367,2025-12-29,50000,Puebla FC,5662,MEX1,2025
854360,2025-12-29,600000,Puebla FC,5662,MEX1,2025
854454,2025-12-29,4000000,CD Cruz Azul,3711,MEX1,2025
854686,2025-12-29,600000,Atlético de San Luis,40188,MEX1,2025
857491,2025-12-29,1200000,Club León FC,4941,MEX1,2025
857897,2025-12-29,1000000,Club Tijuana,13353,MEX1,2025
858660,2025-12-29,200000,CF Pachuca,4035,MEX1,2025
860857,2025-12-29,6000000,Tigres UANL,7055,MEX1,2025
873981,2025-12-29,4000000,Atlas Guadalajara,8590,MEX1,2025
881350,2025-12-29,100000,CD Cruz Azul,3711,MEX1,2025
883265,2025-12-29,2000000,CF Pachuca,4035,MEX1,2025
886290,2025-12-29,300000,Mazatlán FC,82696,MEX1,2025
886304,2025-12-29,1200000,Santos Laguna,1403,MEX1,2025
895679,2025-12-29,1500000,Querétaro FC,4961,MEX1,2025
906775,2025-12-29,800000,Santos Laguna,1403,MEX1,2025
915016,2025-12-29,2500000,Deportivo Toluca,1804,MEX1,2025
915155,2025-12-29,6000000,CD Cruz Azul,3711,MEX1,2025
923213,2025-12-29,3000000,UNAM Pumas,7633,MEX1,2025
923688,2025-12-29,1200000,UNAM Pumas,7633,MEX1,2025
928648,2025-12-29,2000000,Mazatlán FC,82696,MEX1,2025
929438,2025-12-29,1000000,Santos Laguna,1403,MEX1,2025
936956,2025-12-29,1000000,Atlético de San Luis,40188,MEX1,2025
944086,2025-12-29,100000,CF Monterrey,2407,MEX1,2025
945134,2025-12-29,700000,Mazatlán FC,82696,MEX1,2025
945935,2025-12-29,1000000,Club León FC,4941,MEX1,2025
950131,2025-12-29,1500000,Club Necaxa,1146,MEX1,2025
950872,2025-12-29,800000,Mazatlán FC,82696,MEX1,2025
950873,2025-12-29,4000000,UNAM Pumas,7633,MEX1,2025
955223,2025-12-29,2200000,Deportivo Guadalajara,6711,MEX1,2025
955298,2025-12-29,100000,FC Juárez,49283,MEX1,2025
955303,2025-12-29,1500000,Deportivo Toluca,1804,MEX1,2025
955338,2025-12-29,2000000,CF Pachuca,4035,MEX1,2025
955756,2025-12-29,1800000,Deportivo Guadalajara,6711,MEX1,2025
955776,2025-12-29,500000,UNAM Pumas,7633,MEX1,2025
959193,2025-12-29,3000000,CF América,3631,MEX1,2025
959197,2025-12-29,700000,Atlético de San Luis,40188,MEX1,2025
971630,2025-12-29,600000,Tigres UANL,7055,MEX1,2025
971631,2025-12-29,200000,Mazatlán FC,82696,MEX1,2025
974652,2025-12-29,3800000,Club Necaxa,1146,MEX1,2025
993722,2025-12-29,2000000,CD Cruz Azul,3711,MEX1,2025
994004,2025-12-29,100000,FC Juárez,49283,MEX1,2025
994121,2025-12-29,500000,Club León FC,4941,MEX1,2025
994267,2025-12-29,1800000,Atlético de San Luis,40188,MEX1,2025
997056,2025-12-29,50000,Atlas Guadalajara,8590,MEX1,2025
997057,2025-12-29,3000000,FC Juárez,49283,MEX1,2025
997070,2025-12-29,800000,Puebla FC,5662,MEX1,2025
1002127,2025-12-29,100000,Puebla FC,5662,MEX1,2025
1006054,2025-12-29,600000,Club León FC,4941,MEX1,2025
1006077,2025-12-29,500000,Atlético de San Luis,40188,MEX1,2025
1011115,2025-12-29,400000,Tigres UANL,7055,MEX1,2025
1019485,2025-12-29,300000,CF América,3631,MEX1,2025
1027076,2025-12-29,2200000,Atlético de San Luis,40188,MEX1,2025
1027438,2025-12-29,1200000,Club León FC,4941,MEX1,2025
1030003,2025-12-29,1800000,UNAM Pumas,7633,MEX1,2025
1035924,2025-12-29,4000000,Atlético de San Luis,40188,MEX1,2025
1041475,2025-12-29,2500000,CF América,3631,MEX1,2025
1053536,2025-12-29,600000,Club Necaxa,1146,MEX1,2025
1064246,2025-12-29,500000,Santos Laguna,1403,MEX1,2025
1065383,2025-12-29,500000,Puebla FC,5662,MEX1,2025
1065536,2025-12-29,200000,Mazatlán FC,82696,MEX1,2025
1067605,2025-12-29,350000,Querétaro FC,4961,MEX1,2025
1086814,2025-12-29,700000,Club Tijuana,13353,MEX1,2025
1086815,2025-12-29,100000,Querétaro FC,4961,MEX1,2025
1086862,2025-12-29,200000,Tigres UANL,7055,MEX1,2025
1086869,2025-12-29,1500000,Tigres UANL,7055,MEX1,2025
1086870,2025-12-29,700000,Mazatlán FC,82696,MEX1,2025
1086884,2025-12-29,50000,Mazatlán FC,82696,MEX1,2025
1086892,2025-12-29,500000,Club Tijuana,13353,MEX1,2025
1087210,2025-12-29,100000,Atlas Guadalajara,8590,MEX1,2025
1087243,2025-12-29,2500000,Club León FC,4941,MEX1,2025
1087247,2025-12-29,1500000,Club León FC,4941,MEX1,2025
1087253,2025-12-29,1500000,CF Pachuca,4035,MEX1,2025
1087262,2025-12-29,1000000,Club León FC,4941,MEX1,2025
1087293,2025-12-29,1000000,Deportivo Toluca,1804,MEX1,2025
1087306,2025-12-29,1200000,UNAM Pumas,7633,MEX1,2025
1087349,2025-12-29,2500000,Club Tijuana,13353,MEX1,2025
1087352,2025-12-29,500000,Mazatlán FC,82696,MEX1,2025
1087365,2025-12-29,1000000,Santos Laguna,1403,MEX1,2025
1091807,2025-12-29,100000,Club Necaxa,1146,MEX1,2025
1091863,2025-12-29,500000,Deportivo Toluca,1804,MEX1,2025
1094366,2025-12-29,2000000,Atlas Guadalajara,8590,MEX1,2025
1094369,2025-12-29,200000,Atlas Guadalajara,8590,MEX1,2025
1094383,2025-12-29,3000000,CF Pachuca,4035,MEX1,2025
1094384,2025-12-29,1200000,Puebla FC,5662,MEX1,2025
1095326,2025-12-29,3800000,CF Monterrey,2407,MEX1,2025
1097659,2025-12-29,50000,CF Pachuca,4035,MEX1,2025
1097847,2025-12-29,100000,UNAM Pumas,7633,MEX1,2025
1118326,2025-12-29,1500000,CD Cruz Azul,3711,MEX1,2025
1125592,2025-12-29,5000000,CF Pachuca,4035,MEX1,2025
1150565,2025-12-29,200000,Puebla FC,5662,MEX1,2025
1150567,2025-12-29,800000,Puebla FC,5662,MEX1,2025
1155723,2025-12-29,10000000,Club Tijuana,13353,MEX1,2025
1260851,2025-12-29,1000000,Deportivo Guadalajara,6711,MEX1,2025
43907,2026-03-26,300000,Tigres UANL,7055,MEX1,2026
66106,2026-03-26,4500000,CF Monterrey,2407,MEX1,2026
131090,2026-03-26,700000,Querétaro FC,4961,MEX1,2026
131275,2026-03-26,700000,Santos Laguna,1403,MEX1,2026
162569,2026-03-26,1800000,Club Tijuana,13353,MEX1,2026
164749,2026-03-26,500000,Santos Laguna,1403,MEX1,2026
175445,2026-03-26,1500000,Club Tijuana,13353,MEX1,2026
182877,2026-03-26,5000000,CF Monterrey,2407,MEX1,2026
189475,2026-03-26,1200000,Santos Laguna,1403,MEX1,2026
221805,2026-03-26,1500000,Club Tijuana,13353,MEX1,2026
234227,2026-03-26,500000,Tigres UANL,7055,MEX1,2026
243580,2026-03-26,900000,Santos Laguna,1403,MEX1,2026
298796,2026-03-26,2000000,Deportivo Guadalajara,6711,MEX1,2026
347577,2026-03-26,2500000,CF Monterrey,2407,MEX1,2026
351505,2026-03-26,10000000,CF América,3631,MEX1,2026
356042,2026-03-26,3000000,Santos Laguna,1403,MEX1,2026
370875,2026-03-26,6000000,CF América,3631,MEX1,2026
371168,2026-03-26,2000000,CF Monterrey,2407,MEX1,2026
371174,2026-03-26,6500000,Tigres UANL,7055,MEX1,2026
375300,2026-03-26,4000000,UNAM Pumas,7633,MEX1,2026
380996,2026-03-26,2000000,Querétaro FC,4961,MEX1,2026
385454,2026-03-26,650000,Santos Laguna,1403,MEX1,2026
388266,2026-03-26,3500000,FC Juárez,49283,MEX1,2026
401355,2026-03-26,1500000,Santos Laguna,1403,MEX1,2026
421920,2026-03-26,2500000,CD Cruz Azul,3711,MEX1,2026
423619,2026-03-26,6500000,CF América,3631,MEX1,2026
424676,2026-03-26,3000000,UNAM Pumas,7633,MEX1,2026
425028,2026-03-26,2500000,FC Juárez,49283,MEX1,2026
439108,2026-03-26,1800000,Santos Laguna,1403,MEX1,2026
450406,2026-03-26,2000000,FC Juárez,49283,MEX1,2026
466268,2026-03-26,7000000,Tigres UANL,7055,MEX1,2026
491542,2026-03-26,6500000,CD Cruz Azul,3711,MEX1,2026
549294,2026-03-26,2500000,Club León FC,4941,MEX1,2026
560312,2026-03-26,1500000,Deportivo Toluca,1804,MEX1,2026
568546,2026-03-26,3000000,Club Necaxa,1146,MEX1,2026
575367,2026-03-26,5500000,Deportivo Guadalajara,6711,MEX1,2026
577489,2026-03-26,2500000,Puebla FC,5662,MEX1,2026
597728,2026-03-26,10000000,Deportivo Toluca,1804,MEX1,2026
599732,2026-03-26,4500000,Club Tijuana,13353,MEX1,2026
600857,2026-03-26,1000000,Puebla FC,5662,MEX1,2026
602324,2026-03-26,12000000,CD Cruz Azul,3711,MEX1,2026
610590,2026-03-26,4500000,CD Cruz Azul,3711,MEX1,2026
627068,2026-03-26,2000000,Santos Laguna,1403,MEX1,2026
629006,2026-03-26,6000000,Tigres UANL,7055,MEX1,2026
636066,2026-03-26,1500000,Deportivo Guadalajara,6711,MEX1,2026
636784,2026-03-26,8000000,CF Monterrey,2407,MEX1,2026
639152,2026-03-26,9000000,CD Cruz Azul,3711,MEX1,2026
644676,2026-03-26,2500000,Santos Laguna,1403,MEX1,2026
650861,2026-03-26,5000000,Club León FC,4941,MEX1,2026
659806,2026-03-26,5500000,UNAM Pumas,7633,MEX1,2026
668495,2026-03-26,4000000,Tigres UANL,7055,MEX1,2026
668496,2026-03-26,5000000,CF América,3631,MEX1,2026
686449,2026-03-26,2500000,Club Necaxa,1146,MEX1,2026
690024,2026-03-26,1500000,Santos Laguna,1403,MEX1,2026
694157,2026-03-26,2000000,Club Tijuana,13353,MEX1,2026
699797,2026-03-26,5000000,CF América,3631,MEX1,2026
704554,2026-03-26,1500000,Atlético de San Luis,40188,MEX1,2026
704556,2026-03-26,6000000,Deportivo Guadalajara,6711,MEX1,2026
704557,2026-03-26,1800000,Querétaro FC,4961,MEX1,2026
716750,2026-03-26,1000000,UNAM Pumas,7633,MEX1,2026
724443,2026-03-26,5500000,Deportivo Guadalajara,6711,MEX1,2026
737125,2026-03-26,5500000,CD Cruz Azul,3711,MEX1,2026
740574,2026-03-26,3000000,UNAM Pumas,7633,MEX1,2026
786000,2026-03-26,3000000,Deportivo Toluca,1804,MEX1,2026
797702,2026-03-26,2000000,Puebla FC,5662,MEX1,2026
802855,2026-03-26,6000000,Deportivo Guadalajara,6711,MEX1,2026
802857,2026-03-26,3500000,Deportivo Guadalajara,6711,MEX1,2026
803608,2026-03-26,2000000,CF Pachuca,4035,MEX1,2026
811373,2026-03-26,4000000,Deportivo Guadalajara,6711,MEX1,2026
831110,2026-03-26,1000000,FC Juárez,49283,MEX1,2026
832340,2026-03-26,3500000,UNAM Pumas,7633,MEX1,2026
833115,2026-03-26,5000000,Deportivo Toluca,1804,MEX1,2026
833268,2026-03-26,2500000,CF Monterrey,2407,MEX1,2026
837619,2026-03-26,15000000,Deportivo Guadalajara,6711,MEX1,2026
854454,2026-03-26,4500000,CD Cruz Azul,3711,MEX1,2026
857491,2026-03-26,2000000,Club León FC,4941,MEX1,2026
873981,2026-03-26,5000000,Atlas Guadalajara,8590,MEX1,2026
936956,2026-03-26,1500000,Atlético de San Luis,40188,MEX1,2026
955223,2026-03-26,3000000,Deportivo Guadalajara,6711,MEX1,2026
955338,2026-03-26,4500000,CF Pachuca,4035,MEX1,2026
983609,2026-03-26,2500000,Club León FC,4941,MEX1,2026
993722,2026-03-26,1500000,CD Cruz Azul,3711,MEX1,2026
997057,2026-03-26,4500000,FC Juárez,49283,MEX1,2026
1002127,2026-03-26,1000000,Puebla FC,5662,MEX1,2026
1011115,2026-03-26,1000000,Atlético de San Luis,40188,MEX1,2026
1019485,2026-03-26,1000000,CF América,3631,MEX1,2026
1030003,2026-03-26,2000000,UNAM Pumas,7633,MEX1,2026
1066358,2026-03-26,800000,Santos Laguna,1403,MEX1,2026
1086814,2026-03-26,1000000,Club Tijuana,13353,MEX1,2026
1087210,2026-03-26,1000000,Atlas Guadalajara,8590,MEX1,2026
1087349,2026-03-26,3500000,Club Tijuana,13353,MEX1,2026
1094369,2026-03-26,1000000,Atlas Guadalajara,8590,MEX1,2026
1100594,2026-03-26,2000000,Club Necaxa,1146,MEX1,2026
1103745,2026-03-26,1500000,CD Cruz Azul,3711,MEX1,2026
1105436,2026-03-26,1000000,Club Necaxa,1146,MEX1,2026
1118326,2026-03-26,2000000,CD Cruz Azul,3711,MEX1,2026
1127597,2026-03-26,350000,Santos Laguna,1403,MEX1,2026
1150565,2026-03-26,1000000,Puebla FC,5662,MEX1,2026
1154123,2026-03-26,1000000,CD Cruz Azul,3711,MEX1,2026
1171460,2026-03-26,3500000,UNAM Pumas,7633,MEX1,2026
1235196,2026-03-26,150000,FC Juárez,49283,MEX1,2026
1260851,2026-03-26,2000000,Deportivo Guadalajara,6711,MEX1,2026
1364049,2026-03-26,150000,Deportivo Toluca,1804,MEX1,2026
249789,2026-04-09,175000,Puebla FC,5662,MEX1,2026
43907,2026-05-20,250000,Tigres UANL,7055,MEX1,2026
51546,2026-05-20,650000,Club Tijuana,13353,MEX1,2026
53180,2026-05-20,250000,Atlético de San Luis,40188,MEX1,2026
60445,2026-05-20,300000,CF América,3631,MEX1,2026
63333,2026-05-20,75000,Club León FC,4941,MEX1,2026
64134,2026-05-20,350000,CF América,3631,MEX1,2026
66106,2026-05-20,3000000,CF Monterrey,2407,MEX1,2026
71401,2026-05-20,200000,CF América,3631,MEX1,2026
73523,2026-05-20,125000,Querétaro FC,4961,MEX1,2026
74113,2026-05-20,450000,Atlas Guadalajara,8590,MEX1,2026
79422,2026-05-20,750000,UNAM Pumas,7633,MEX1,2026
80197,2026-05-20,350000,CF Pachuca,4035,MEX1,2026
87859,2026-05-20,200000,Tigres UANL,7055,MEX1,2026
102699,2026-05-20,100000,Tigres UANL,7055,MEX1,2026
107444,2026-05-20,800000,Deportivo Toluca,1804,MEX1,2026
111082,2026-05-20,350000,FC Juárez,49283,MEX1,2026
115333,2026-05-20,400000,Atlético de San Luis,40188,MEX1,2026
125165,2026-05-20,1500000,CF Monterrey,2407,MEX1,2026
125275,2026-05-20,50000,CF América,3631,MEX1,2026
129031,2026-05-20,350000,Deportivo Toluca,1804,MEX1,2026
129129,2026-05-20,1500000,Atlético de San Luis,40188,MEX1,2026
131074,2026-05-20,550000,Club Tijuana,13353,MEX1,2026
131090,2026-05-20,650000,Querétaro FC,4961,MEX1,2026
131093,2026-05-20,1000000,CF Monterrey,2407,MEX1,2026
131275,2026-05-20,600000,Santos Laguna,1403,MEX1,2026
135082,2026-05-20,400000,Club León FC,4941,MEX1,2026
135851,2026-05-20,125000,Querétaro FC,4961,MEX1,2026
139503,2026-05-20,1000000,CF Pachuca,4035,MEX1,2026
158327,2026-05-20,450000,Puebla FC,5662,MEX1,2026
160700,2026-05-20,500000,Deportivo Guadalajara,6711,MEX1,2026
162569,2026-05-20,1500000,Club Tijuana,13353,MEX1,2026
164749,2026-05-20,450000,Santos Laguna,1403,MEX1,2026
175445,2026-05-20,1200000,Club Tijuana,13353,MEX1,2026
177046,2026-05-20,2300000,UNAM Pumas,7633,MEX1,2026
178984,2026-05-20,1200000,Deportivo Toluca,1804,MEX1,2026
181706,2026-05-20,1200000,Club Necaxa,1146,MEX1,2026
181780,2026-05-20,2500000,CF América,3631,MEX1,2026
182877,2026-05-20,3500000,CF Monterrey,2407,MEX1,2026
185012,2026-05-20,2000000,Atlas Guadalajara,8590,MEX1,2026
189410,2026-05-20,2300000,Tigres UANL,7055,MEX1,2026
189441,2026-05-20,4000000,CF Monterrey,2407,MEX1,2026
189475,2026-05-20,1000000,Santos Laguna,1403,MEX1,2026
190804,2026-05-20,1000000,CF Monterrey,2407,MEX1,2026
211072,2026-05-20,5500000,Deportivo Toluca,1804,MEX1,2026
212699,2026-05-20,1800000,Club León FC,4941,MEX1,2026
214775,2026-05-20,3000000,CF Monterrey,2407,MEX1,2026
221805,2026-05-20,1200000,Club Tijuana,13353,MEX1,2026
222010,2026-05-20,350000,Puebla FC,5662,MEX1,2026
227404,2026-05-20,300000,CF Pachuca,4035,MEX1,2026
234227,2026-05-20,450000,Tigres UANL,7055,MEX1,2026
234242,2026-05-20,250000,Querétaro FC,4961,MEX1,2026
234918,2026-05-20,800000,FC Juárez,49283,MEX1,2026
236710,2026-05-20,300000,Deportivo Toluca,1804,MEX1,2026
241391,2026-05-20,6000000,CF Pachuca,4035,MEX1,2026
242303,2026-05-20,750000,Atlas Guadalajara,8590,MEX1,2026
242580,2026-05-20,350000,Atlético de San Luis,40188,MEX1,2026
243298,2026-05-20,1800000,Club León FC,4941,MEX1,2026
243580,2026-05-20,800000,Santos Laguna,1403,MEX1,2026
249789,2026-05-20,150000,Puebla FC,5662,MEX1,2026
256866,2026-05-20,900000,CF Monterrey,2407,MEX1,2026
259930,2026-05-20,1500000,CD Cruz Azul,3711,MEX1,2026
260662,2026-05-20,325000,Deportivo Guadalajara,6711,MEX1,2026
264133,2026-05-20,450000,CF Monterrey,2407,MEX1,2026
265726,2026-05-20,2500000,Club León FC,4941,MEX1,2026
266807,2026-05-20,8000000,Tigres UANL,7055,MEX1,2026
267753,2026-05-20,2000000,CD Cruz Azul,3711,MEX1,2026
271907,2026-05-20,800000,Puebla FC,5662,MEX1,2026
274963,2026-05-20,1000000,Deportivo Guadalajara,6711,MEX1,2026
280379,2026-05-20,200000,CF Monterrey,2407,MEX1,2026
281404,2026-05-20,700000,CF Pachuca,4035,MEX1,2026
282727,2026-05-20,5000000,FC Juárez,49283,MEX1,2026
282927,2026-05-20,1800000,Deportivo Guadalajara,6711,MEX1,2026
283473,2026-05-20,650000,Mazatlán FC,82696,MEX1,2026
284120,2026-05-20,2000000,CD Cruz Azul,3711,MEX1,2026
285127,2026-05-20,1000000,Club Tijuana,13353,MEX1,2026
286339,2026-05-20,2000000,CF América,3631,MEX1,2026
288251,2026-05-20,2000000,Atlético de San Luis,40188,MEX1,2026
288609,2026-05-20,1000000,Club León FC,4941,MEX1,2026
291262,2026-05-20,75000,Querétaro FC,4961,MEX1,2026
294804,2026-05-20,1500000,CF Pachuca,4035,MEX1,2026
294894,2026-05-20,1200000,UNAM Pumas,7633,MEX1,2026
295373,2026-05-20,2000000,CF Monterrey,2407,MEX1,2026
295424,2026-05-20,1500000,UNAM Pumas,7633,MEX1,2026
295426,2026-05-20,1500000,Tigres UANL,7055,MEX1,2026
298796,2026-05-20,1500000,Deportivo Guadalajara,6711,MEX1,2026
310744,2026-05-20,3500000,Tigres UANL,7055,MEX1,2026
311680,2026-05-20,1500000,Santos Laguna,1403,MEX1,2026
312568,2026-05-20,4000000,Tigres UANL,7055,MEX1,2026
312576,2026-05-20,600000,Club Tijuana,13353,MEX1,2026
320739,2026-05-20,2000000,CF Monterrey,2407,MEX1,2026
322174,2026-05-20,800000,Club León FC,4941,MEX1,2026
325598,2026-05-20,2000000,CF Pachuca,4035,MEX1,2026
325600,2026-05-20,550000,Mazatlán FC,82696,MEX1,2026
332829,2026-05-20,2000000,Mazatlán FC,82696,MEX1,2026
333760,2026-05-20,3000000,CF Monterrey,2407,MEX1,2026
335086,2026-05-20,1000000,Mazatlán FC,82696,MEX1,2026
337600,2026-05-20,2000000,Club Necaxa,1146,MEX1,2026
339758,2026-05-20,1500000,Santos Laguna,1403,MEX1,2026
344854,2026-05-20,2800000,Deportivo Toluca,1804,MEX1,2026
347577,2026-05-20,2000000,CF Monterrey,2407,MEX1,2026
347932,2026-05-20,1500000,UNAM Pumas,7633,MEX1,2026
348264,2026-05-20,1000000,Atlas Guadalajara,8590,MEX1,2026
349150,2026-05-20,1200000,Deportivo Toluca,1804,MEX1,2026
351505,2026-05-20,10000000,CF América,3631,MEX1,2026
352552,2026-05-20,750000,FC Juárez,49283,MEX1,2026
353037,2026-05-20,2000000,Atlético de San Luis,40188,MEX1,2026
353583,2026-05-20,7500000,Deportivo Guadalajara,6711,MEX1,2026
355998,2026-05-20,2800000,UNAM Pumas,7633,MEX1,2026
356042,2026-05-20,2800000,Santos Laguna,1403,MEX1,2026
356099,2026-05-20,1500000,CF América,3631,MEX1,2026
364058,2026-05-20,1800000,FC Juárez,49283,MEX1,2026
366143,2026-05-20,3000000,CF América,3631,MEX1,2026
366324,2026-05-20,2800000,UNAM Pumas,7633,MEX1,2026
370861,2026-05-20,2000000,Tigres UANL,7055,MEX1,2026
370863,2026-05-20,500000,Club León FC,4941,MEX1,2026
370864,2026-05-20,2000000,Atlético de San Luis,40188,MEX1,2026
370868,2026-05-20,1000000,Santos Laguna,1403,MEX1,2026
370869,2026-05-20,800000,Querétaro FC,4961,MEX1,2026
370875,2026-05-20,6000000,CF América,3631,MEX1,2026
371167,2026-05-20,200000,Mazatlán FC,82696,MEX1,2026
371168,2026-05-20,2000000,CF Monterrey,2407,MEX1,2026
371169,2026-05-20,1200000,Santos Laguna,1403,MEX1,2026
371171,2026-05-20,4000000,CF América,3631,MEX1,2026
371174,2026-05-20,7000000,Tigres UANL,7055,MEX1,2026
371185,2026-05-20,3000000,FC Juárez,49283,MEX1,2026
375300,2026-05-20,4000000,UNAM Pumas,7633,MEX1,2026
378351,2026-05-20,1000000,Club León FC,4941,MEX1,2026
380996,2026-05-20,2000000,Querétaro FC,4961,MEX1,2026
384368,2026-05-20,1000000,Club León FC,4941,MEX1,2026
385454,2026-05-20,600000,Santos Laguna,1403,MEX1,2026
387129,2026-05-20,800000,Atlas Guadalajara,8590,MEX1,2026
387611,2026-05-20,2000000,CF América,3631,MEX1,2026
388266,2026-05-20,3000000,FC Juárez,49283,MEX1,2026
397003,2026-05-20,2500000,CF Pachuca,4035,MEX1,2026
397680,2026-05-20,2500000,Club Necaxa,1146,MEX1,2026
400171,2026-05-20,2000000,Atlas Guadalajara,8590,MEX1,2026
400173,2026-05-20,4500000,CF América,3631,MEX1,2026
400194,2026-05-20,2000000,Deportivo Guadalajara,6711,MEX1,2026
400203,2026-05-20,600000,Puebla FC,5662,MEX1,2026
400208,2026-05-20,1500000,Querétaro FC,4961,MEX1,2026
401311,2026-05-20,1000000,Puebla FC,5662,MEX1,2026
401340,2026-05-20,1500000,Deportivo Guadalajara,6711,MEX1,2026
401344,2026-05-20,1200000,FC Juárez,49283,MEX1,2026
401349,2026-05-20,300000,Querétaro FC,4961,MEX1,2026
401355,2026-05-20,1200000,Santos Laguna,1403,MEX1,2026
401932,2026-05-20,1000000,CD Cruz Azul,3711,MEX1,2026
403148,2026-05-20,550000,Puebla FC,5662,MEX1,2026
408534,2026-05-20,1500000,Club Necaxa,1146,MEX1,2026
411709,2026-05-20,5000000,Deportivo Toluca,1804,MEX1,2026
412365,2026-05-20,6500000,Deportivo Toluca,1804,MEX1,2026
416083,2026-05-20,2000000,Deportivo Toluca,1804,MEX1,2026
419457,2026-05-20,900000,Atlas Guadalajara,8590,MEX1,2026
421920,2026-05-20,2500000,CD Cruz Azul,3711,MEX1,2026
423619,2026-05-20,5500000,CF América,3631,MEX1,2026
424676,2026-05-20,4000000,UNAM Pumas,7633,MEX1,2026
424689,2026-05-20,8000000,Deportivo Toluca,1804,MEX1,2026
424984,2026-05-20,1500000,Mazatlán FC,82696,MEX1,2026
425028,2026-05-20,2500000,FC Juárez,49283,MEX1,2026
426324,2026-05-20,1500000,CF Pachuca,4035,MEX1,2026
427203,2026-05-20,800000,Atlas Guadalajara,8590,MEX1,2026
429443,2026-05-20,2000000,Tigres UANL,7055,MEX1,2026
430021,2026-05-20,1500000,Club León FC,4941,MEX1,2026
431533,2026-05-20,3000000,Deportivo Toluca,1804,MEX1,2026
432215,2026-05-20,75000,Atlético de San Luis,40188,MEX1,2026
432222,2026-05-20,350000,Santos Laguna,1403,MEX1,2026
432225,2026-05-20,800000,Santos Laguna,1403,MEX1,2026
432953,2026-05-20,7000000,CF América,3631,MEX1,2026
433216,2026-05-20,200000,Mazatlán FC,82696,MEX1,2026
433962,2026-05-20,600000,FC Juárez,49283,MEX1,2026
439108,2026-05-20,2000000,Santos Laguna,1403,MEX1,2026
440652,2026-05-20,4000000,UNAM Pumas,7633,MEX1,2026
441287,2026-05-20,1200000,Atlas Guadalajara,8590,MEX1,2026
448414,2026-05-20,1500000,UNAM Pumas,7633,MEX1,2026
450237,2026-05-20,400000,Mazatlán FC,82696,MEX1,2026
450406,2026-05-20,1800000,FC Juárez,49283,MEX1,2026
458715,2026-05-20,2500000,Atlético de San Luis,40188,MEX1,2026
465818,2026-05-20,8000000,CF América,3631,MEX1,2026
466268,2026-05-20,9000000,Tigres UANL,7055,MEX1,2026
469718,2026-05-20,2000000,CF Monterrey,2407,MEX1,2026
469855,2026-05-20,400000,Deportivo Guadalajara,6711,MEX1,2026
471988,2026-05-20,2500000,CF Pachuca,4035,MEX1,2026
473201,2026-05-20,800000,Club Tijuana,13353,MEX1,2026
491542,2026-05-20,6000000,CD Cruz Azul,3711,MEX1,2026
491616,2026-05-20,2500000,Club Tijuana,13353,MEX1,2026
491698,2026-05-20,2500000,Club Necaxa,1146,MEX1,2026
491707,2026-05-20,4500000,Club Necaxa,1146,MEX1,2026
495116,2026-05-20,900000,Mazatlán FC,82696,MEX1,2026
504103,2026-05-20,800000,Deportivo Guadalajara,6711,MEX1,2026
504104,2026-05-20,3000000,Club Tijuana,13353,MEX1,2026
504113,2026-05-20,6500000,Deportivo Guadalajara,6711,MEX1,2026
504258,2026-05-20,2500000,Atlas Guadalajara,8590,MEX1,2026
527972,2026-05-20,2500000,Club Tijuana,13353,MEX1,2026
532240,2026-05-20,1500000,Club Necaxa,1146,MEX1,2026
532389,2026-05-20,4500000,CF América,3631,MEX1,2026
532938,2026-05-20,3000000,Deportivo Guadalajara,6711,MEX1,2026
534620,2026-05-20,5000000,CD Cruz Azul,3711,MEX1,2026
539067,2026-05-20,1500000,Puebla FC,5662,MEX1,2026
540305,2026-05-20,450000,Atlético de San Luis,40188,MEX1,2026
540306,2026-05-20,150000,Atlas Guadalajara,8590,MEX1,2026
546047,2026-05-20,1000000,UNAM Pumas,7633,MEX1,2026
548298,2026-05-20,700000,Mazatlán FC,82696,MEX1,2026
549294,2026-05-20,2500000,Club León FC,4941,MEX1,2026
549361,2026-05-20,800000,Club León FC,4941,MEX1,2026
549419,2026-05-20,900000,Atlético de San Luis,40188,MEX1,2026
552912,2026-05-20,4500000,Deportivo Toluca,1804,MEX1,2026
552948,2026-05-20,800000,Atlético de San Luis,40188,MEX1,2026
552960,2026-05-20,1000000,Atlético de San Luis,40188,MEX1,2026
553422,2026-05-20,3000000,CD Cruz Azul,3711,MEX1,2026
553816,2026-05-20,3500000,Tigres UANL,7055,MEX1,2026
554300,2026-05-20,2000000,FC Juárez,49283,MEX1,2026
554799,2026-05-20,3000000,Club Necaxa,1146,MEX1,2026
556047,2026-05-20,3000000,CF Pachuca,4035,MEX1,2026
557070,2026-05-20,1500000,Club León FC,4941,MEX1,2026
560312,2026-05-20,1500000,Deportivo Toluca,1804,MEX1,2026
560325,2026-05-20,1000000,Puebla FC,5662,MEX1,2026
565899,2026-05-20,6000000,Deportivo Toluca,1804,MEX1,2026
568546,2026-05-20,4000000,Club Necaxa,1146,MEX1,2026
570431,2026-05-20,1800000,Club León FC,4941,MEX1,2026
570547,2026-05-20,800000,Mazatlán FC,82696,MEX1,2026
572705,2026-05-20,2000000,CF América,3631,MEX1,2026
575367,2026-05-20,6000000,Deportivo Guadalajara,6711,MEX1,2026
577489,2026-05-20,2500000,Puebla FC,5662,MEX1,2026
582513,2026-05-20,200000,Querétaro FC,4961,MEX1,2026
589363,2026-05-20,3500000,Club Necaxa,1146,MEX1,2026
594561,2026-05-20,1000000,Mazatlán FC,82696,MEX1,2026
596906,2026-05-20,600000,Mazatlán FC,82696,MEX1,2026
596929,2026-05-20,2000000,Deportivo Guadalajara,6711,MEX1,2026
597092,2026-05-20,1800000,Club León FC,4941,MEX1,2026
597727,2026-05-20,1000000,Puebla FC,5662,MEX1,2026
597728,2026-05-20,10000000,Deportivo Toluca,1804,MEX1,2026
599331,2026-05-20,2000000,Atlético de San Luis,40188,MEX1,2026
599569,2026-05-20,1200000,Tigres UANL,7055,MEX1,2026
599732,2026-05-20,6000000,Club Tijuana,13353,MEX1,2026
600857,2026-05-20,1000000,Puebla FC,5662,MEX1,2026
600905,2026-05-20,2000000,FC Juárez,49283,MEX1,2026
600956,2026-05-20,1000000,FC Juárez,49283,MEX1,2026
602324,2026-05-20,12000000,CD Cruz Azul,3711,MEX1,2026
609255,2026-05-20,5500000,CD Cruz Azul,3711,MEX1,2026
610590,2026-05-20,4500000,CD Cruz Azul,3711,MEX1,2026
611018,2026-05-20,800000,Tigres UANL,7055,MEX1,2026
614303,2026-05-20,550000,Deportivo Toluca,1804,MEX1,2026
623444,2026-05-20,1500000,Club Necaxa,1146,MEX1,2026
627068,2026-05-20,4000000,Santos Laguna,1403,MEX1,2026
627211,2026-05-20,250000,Atlético de San Luis,40188,MEX1,2026
627287,2026-05-20,1000000,Querétaro FC,4961,MEX1,2026
629006,2026-05-20,6500000,Tigres UANL,7055,MEX1,2026
630032,2026-05-20,1000000,Club Necaxa,1146,MEX1,2026
636066,2026-05-20,3000000,Deportivo Guadalajara,6711,MEX1,2026
636784,2026-05-20,8000000,CF Monterrey,2407,MEX1,2026
639152,2026-05-20,9000000,CD Cruz Azul,3711,MEX1,2026
639390,2026-05-20,1800000,Mazatlán FC,82696,MEX1,2026
644271,2026-05-20,1000000,Puebla FC,5662,MEX1,2026
644272,2026-05-20,1000000,Puebla FC,5662,MEX1,2026
644676,2026-05-20,2500000,Santos Laguna,1403,MEX1,2026
646297,2026-05-20,2000000,Club Tijuana,13353,MEX1,2026
650861,2026-05-20,4500000,Club León FC,4941,MEX1,2026
653152,2026-05-20,600000,Atlas Guadalajara,8590,MEX1,2026
654326,2026-05-20,450000,Club Tijuana,13353,MEX1,2026
656344,2026-05-20,700000,FC Juárez,49283,MEX1,2026
656389,2026-05-20,1200000,Club Tijuana,13353,MEX1,2026
659806,2026-05-20,6000000,UNAM Pumas,7633,MEX1,2026
660990,2026-05-20,2500000,Atlético de San Luis,40188,MEX1,2026
661131,2026-05-20,4000000,Deportivo Toluca,1804,MEX1,2026
661481,2026-05-20,3500000,CF Pachuca,4035,MEX1,2026
663290,2026-05-20,800000,Puebla FC,5662,MEX1,2026
668487,2026-05-20,650000,Querétaro FC,4961,MEX1,2026
668495,2026-05-20,4500000,Tigres UANL,7055,MEX1,2026
668496,2026-05-20,6000000,CF América,3631,MEX1,2026
670185,2026-05-20,800000,CF Monterrey,2407,MEX1,2026
671479,2026-05-20,7000000,Deportivo Toluca,1804,MEX1,2026
671657,2026-05-20,1000000,FC Juárez,49283,MEX1,2026
671951,2026-05-20,900000,Atlas Guadalajara,8590,MEX1,2026
685179,2026-05-20,3000000,Querétaro FC,4961,MEX1,2026
686444,2026-05-20,5000000,CF Monterrey,2407,MEX1,2026
686445,2026-05-20,2000000,Puebla FC,5662,MEX1,2026
686447,2026-05-20,300000,Santos Laguna,1403,MEX1,2026
686449,2026-05-20,1800000,Club Necaxa,1146,MEX1,2026
687359,2026-05-20,6000000,Tigres UANL,7055,MEX1,2026
687558,2026-05-20,6500000,CF América,3631,MEX1,2026
687559,2026-05-20,1200000,Atlas Guadalajara,8590,MEX1,2026
688668,2026-05-20,1800000,Atlético de San Luis,40188,MEX1,2026
689230,2026-05-20,1500000,Querétaro FC,4961,MEX1,2026
690024,2026-05-20,2500000,Santos Laguna,1403,MEX1,2026
690469,2026-05-20,1500000,CD Cruz Azul,3711,MEX1,2026
690533,2026-05-20,4000000,Tigres UANL,7055,MEX1,2026
690681,2026-05-20,1800000,CF América,3631,MEX1,2026
691075,2026-05-20,5000000,Tigres UANL,7055,MEX1,2026
692612,2026-05-20,1000000,Atlas Guadalajara,8590,MEX1,2026
694156,2026-05-20,1000000,Club Necaxa,1146,MEX1,2026
694157,2026-05-20,3500000,Club Tijuana,13353,MEX1,2026
694158,2026-05-20,800000,Deportivo Guadalajara,6711,MEX1,2026
699797,2026-05-20,4500000,CF América,3631,MEX1,2026
700503,2026-05-20,750000,CF América,3631,MEX1,2026
704554,2026-05-20,2000000,Atlético de San Luis,40188,MEX1,2026
704555,2026-05-20,750000,CF Pachuca,4035,MEX1,2026
704556,2026-05-20,7500000,Deportivo Guadalajara,6711,MEX1,2026
704557,2026-05-20,2500000,Querétaro FC,4961,MEX1,2026
704868,2026-05-20,2500000,CF Pachuca,4035,MEX1,2026
715428,2026-05-20,2500000,Club Tijuana,13353,MEX1,2026
716750,2026-05-20,2000000,UNAM Pumas,7633,MEX1,2026
723240,2026-05-20,3500000,CF Monterrey,2407,MEX1,2026
723386,2026-05-20,1000000,CD Cruz Azul,3711,MEX1,2026
724443,2026-05-20,8000000,Deportivo Guadalajara,6711,MEX1,2026
726005,2026-05-20,2500000,FC Juárez,49283,MEX1,2026
737125,2026-05-20,7000000,CD Cruz Azul,3711,MEX1,2026
740574,2026-05-20,8000000,UNAM Pumas,7633,MEX1,2026
745454,2026-05-20,350000,UNAM Pumas,7633,MEX1,2026
746209,2026-05-20,800000,Querétaro FC,4961,MEX1,2026
769063,2026-05-20,3000000,CD Cruz Azul,3711,MEX1,2026
786000,2026-05-20,2800000,Deportivo Toluca,1804,MEX1,2026
792335,2026-05-20,350000,Querétaro FC,4961,MEX1,2026
797702,2026-05-20,2000000,Puebla FC,5662,MEX1,2026
798507,2026-05-20,800000,Club Tijuana,13353,MEX1,2026
799707,2026-05-20,1200000,Deportivo Toluca,1804,MEX1,2026
802855,2026-05-20,6500000,Deportivo Guadalajara,6711,MEX1,2026
802857,2026-05-20,5500000,Deportivo Guadalajara,6711,MEX1,2026
803552,2026-05-20,250000,Atlas Guadalajara,8590,MEX1,2026
803608,2026-05-20,3000000,CF Pachuca,4035,MEX1,2026
804282,2026-05-20,350000,Deportivo Toluca,1804,MEX1,2026
810710,2026-05-20,50000,Puebla FC,5662,MEX1,2026
811373,2026-05-20,4000000,Deportivo Guadalajara,6711,MEX1,2026
817133,2026-05-20,2500000,FC Juárez,49283,MEX1,2026
819874,2026-05-20,1500000,CF América,3631,MEX1,2026
820227,2026-05-20,1000000,Mazatlán FC,82696,MEX1,2026
822164,2026-05-20,1800000,CF América,3631,MEX1,2026
826462,2026-05-20,25000,Tigres UANL,7055,MEX1,2026
829063,2026-05-20,800000,Club León FC,4941,MEX1,2026
830112,2026-05-20,2000000,Santos Laguna,1403,MEX1,2026
831110,2026-05-20,1000000,FC Juárez,49283,MEX1,2026
832308,2026-05-20,1200000,Deportivo Guadalajara,6711,MEX1,2026
832340,2026-05-20,5500000,UNAM Pumas,7633,MEX1,2026
833115,2026-05-20,6500000,Deportivo Toluca,1804,MEX1,2026
833268,2026-05-20,2000000,CF Monterrey,2407,MEX1,2026
833269,2026-05-20,450000,CF Pachuca,4035,MEX1,2026
833270,2026-05-20,25000,Puebla FC,5662,MEX1,2026
833271,2026-05-20,400000,Atlas Guadalajara,8590,MEX1,2026
837619,2026-05-20,15000000,Deportivo Guadalajara,6711,MEX1,2026
838928,2026-05-20,1200000,Club Necaxa,1146,MEX1,2026
844725,2026-05-20,1500000,Mazatlán FC,82696,MEX1,2026
846367,2026-05-20,100000,Puebla FC,5662,MEX1,2026
853278,2026-05-20,600000,Puebla FC,5662,MEX1,2026
854360,2026-05-20,800000,Puebla FC,5662,MEX1,2026
854454,2026-05-20,5000000,CD Cruz Azul,3711,MEX1,2026
854686,2026-05-20,550000,Atlético de San Luis,40188,MEX1,2026
857491,2026-05-20,2000000,Club León FC,4941,MEX1,2026
857897,2026-05-20,1000000,Club Tijuana,13353,MEX1,2026
858660,2026-05-20,200000,CF Pachuca,4035,MEX1,2026
860857,2026-05-20,7000000,Tigres UANL,7055,MEX1,2026
873981,2026-05-20,5500000,Atlas Guadalajara,8590,MEX1,2026
881350,2026-05-20,100000,CD Cruz Azul,3711,MEX1,2026
883265,2026-05-20,1800000,CF Pachuca,4035,MEX1,2026
886290,2026-05-20,250000,Mazatlán FC,82696,MEX1,2026
886304,2026-05-20,1200000,Santos Laguna,1403,MEX1,2026
895679,2026-05-20,3000000,Querétaro FC,4961,MEX1,2026
906775,2026-05-20,800000,Santos Laguna,1403,MEX1,2026
915016,2026-05-20,2500000,Deportivo Toluca,1804,MEX1,2026
915155,2026-05-20,5500000,CD Cruz Azul,3711,MEX1,2026
923213,2026-05-20,3000000,UNAM Pumas,7633,MEX1,2026
923688,2026-05-20,1200000,UNAM Pumas,7633,MEX1,2026
928648,2026-05-20,2000000,Atlético de San Luis,40188,MEX1,2026
936956,2026-05-20,1800000,Atlético de San Luis,40188,MEX1,2026
944086,2026-05-20,100000,CF Monterrey,2407,MEX1,2026
945134,2026-05-20,650000,Mazatlán FC,82696,MEX1,2026
945935,2026-05-20,1000000,FC Juárez,49283,MEX1,2026
950872,2026-05-20,1000000,Mazatlán FC,82696,MEX1,2026
955223,2026-05-20,3000000,Deportivo Guadalajara,6711,MEX1,2026
955283,2026-05-20,600000,UNAM Pumas,7633,MEX1,2026
955298,2026-05-20,75000,FC Juárez,49283,MEX1,2026
955303,2026-05-20,3000000,Deportivo Toluca,1804,MEX1,2026
955338,2026-05-20,6000000,CF Pachuca,4035,MEX1,2026
955756,2026-05-20,1800000,Deportivo Guadalajara,6711,MEX1,2026
955776,2026-05-20,450000,UNAM Pumas,7633,MEX1,2026
959193,2026-05-20,3000000,CF América,3631,MEX1,2026
959197,2026-05-20,1000000,Atlético de San Luis,40188,MEX1,2026
971630,2026-05-20,1000000,Tigres UANL,7055,MEX1,2026
971631,2026-05-20,1000000,Mazatlán FC,82696,MEX1,2026
983609,2026-05-20,2500000,Club León FC,4941,MEX1,2026
988440,2026-05-20,100000,Club León FC,4941,MEX1,2026
993722,2026-05-20,1500000,CD Cruz Azul,3711,MEX1,2026
994004,2026-05-20,100000,FC Juárez,49283,MEX1,2026
994121,2026-05-20,500000,Club León FC,4941,MEX1,2026
994267,2026-05-20,1800000,Atlético de San Luis,40188,MEX1,2026
997056,2026-05-20,300000,Puebla FC,5662,MEX1,2026
997057,2026-05-20,6000000,FC Juárez,49283,MEX1,2026
1002127,2026-05-20,1000000,Puebla FC,5662,MEX1,2026
1006054,2026-05-20,1200000,Club León FC,4941,MEX1,2026
1006077,2026-05-20,450000,Atlético de San Luis,40188,MEX1,2026
1011115,2026-05-20,1000000,Atlético de San Luis,40188,MEX1,2026
1015089,2026-05-20,25000,CF Monterrey,2407,MEX1,2026
1019485,2026-05-20,1500000,CF América,3631,MEX1,2026
1027076,2026-05-20,2000000,Atlético de San Luis,40188,MEX1,2026
1027438,2026-05-20,1500000,Club León FC,4941,MEX1,2026
1029149,2026-05-20,500000,Mazatlán FC,82696,MEX1,2026
1030003,2026-05-20,3500000,UNAM Pumas,7633,MEX1,2026
1035924,2026-05-20,3500000,Atlético de San Luis,40188,MEX1,2026
1040204,2026-05-20,1500000,Club León FC,4941,MEX1,2026
1041475,2026-05-20,2000000,CF América,3631,MEX1,2026
1049404,2026-05-20,1500000,CF América,3631,MEX1,2026
1053536,2026-05-20,600000,Club Necaxa,1146,MEX1,2026
1055320,2026-05-20,150000,Querétaro FC,4961,MEX1,2026
1064246,2026-05-20,400000,Santos Laguna,1403,MEX1,2026
1064285,2026-05-20,500000,Club Necaxa,1146,MEX1,2026
1065383,2026-05-20,650000,Puebla FC,5662,MEX1,2026
1065536,2026-05-20,800000,Mazatlán FC,82696,MEX1,2026
1066358,2026-05-20,1000000,Santos Laguna,1403,MEX1,2026
1086814,2026-05-20,1000000,Club Tijuana,13353,MEX1,2026
1086815,2026-05-20,1000000,Club Tijuana,13353,MEX1,2026
1086862,2026-05-20,200000,Tigres UANL,7055,MEX1,2026
1086869,2026-05-20,1500000,Querétaro FC,4961,MEX1,2026
1086870,2026-05-20,650000,Mazatlán FC,82696,MEX1,2026
1086884,2026-05-20,50000,Mazatlán FC,82696,MEX1,2026
1086892,2026-05-20,450000,Mazatlán FC,82696,MEX1,2026
1087210,2026-05-20,1500000,Atlas Guadalajara,8590,MEX1,2026
1087243,2026-05-20,4000000,Club León FC,4941,MEX1,2026
1087247,2026-05-20,1500000,Mazatlán FC,82696,MEX1,2026
1087253,2026-05-20,1500000,CF Pachuca,4035,MEX1,2026
1087262,2026-05-20,1000000,Club León FC,4941,MEX1,2026
1087293,2026-05-20,1000000,Deportivo Toluca,1804,MEX1,2026
1087306,2026-05-20,1000000,UNAM Pumas,7633,MEX1,2026
1087349,2026-05-20,4000000,Club Tijuana,13353,MEX1,2026
1087352,2026-05-20,1000000,Mazatlán FC,82696,MEX1,2026
1087365,2026-05-20,1500000,Santos Laguna,1403,MEX1,2026
1091807,2026-05-20,100000,Club Necaxa,1146,MEX1,2026
1091863,2026-05-20,500000,Deportivo Toluca,1804,MEX1,2026
1094366,2026-05-20,2000000,Atlas Guadalajara,8590,MEX1,2026
1094369,2026-05-20,1500000,Atlas Guadalajara,8590,MEX1,2026
1094383,2026-05-20,3500000,CF Pachuca,4035,MEX1,2026
1094384,2026-05-20,1000000,Puebla FC,5662,MEX1,2026
1094408,2026-05-20,1000000,Tigres UANL,7055,MEX1,2026
1095326,2026-05-20,4500000,CF Monterrey,2407,MEX1,2026
1095860,2026-05-20,25000,Mazatlán FC,82696,MEX1,2026
1097659,2026-05-20,50000,CF Pachuca,4035,MEX1,2026
1097847,2026-05-20,800000,UNAM Pumas,7633,MEX1,2026
1100594,2026-05-20,2000000,Club Necaxa,1146,MEX1,2026
1101843,2026-05-20,300000,Mazatlán FC,82696,MEX1,2026
1103745,2026-05-20,1500000,CD Cruz Azul,3711,MEX1,2026
1105436,2026-05-20,1000000,Club Necaxa,1146,MEX1,2026
1118326,2026-05-20,2500000,CD Cruz Azul,3711,MEX1,2026
1118587,2026-05-20,1500000,Deportivo Toluca,1804,MEX1,2026
1125592,2026-05-20,6000000,CF Pachuca,4035,MEX1,2026
1127597,2026-05-20,350000,Santos Laguna,1403,MEX1,2026
1132762,2026-05-20,1000000,Club Tijuana,13353,MEX1,2026
1150372,2026-05-20,4000000,CF América,3631,MEX1,2026
1150565,2026-05-20,1500000,Puebla FC,5662,MEX1,2026
1150567,2026-05-20,1000000,Puebla FC,5662,MEX1,2026
1154123,2026-05-20,1000000,CD Cruz Azul,3711,MEX1,2026
1155719,2026-05-20,500000,Atlas Guadalajara,8590,MEX1,2026
1155723,2026-05-20,10000000,Club Tijuana,13353,MEX1,2026
1160106,2026-05-20,3500000,Club Necaxa,1146,MEX1,2026
1171460,2026-05-20,3000000,UNAM Pumas,7633,MEX1,2026
1174453,2026-05-20,100000,Mazatlán FC,82696,MEX1,2026
1186946,2026-05-20,400000,Querétaro FC,4961,MEX1,2026
1193298,2026-05-20,1000000,Santos Laguna,1403,MEX1,2026
1235196,2026-05-20,1000000,FC Juárez,49283,MEX1,2026
1260851,2026-05-20,3500000,Deportivo Guadalajara,6711,MEX1,2026
1292706,2026-05-20,900000,Querétaro FC,4961,MEX1,2026
1364049,2026-05-20,500000,Deportivo Toluca,1804,MEX1,2026
